project_id,project_name,district,project_type,total_acres,land_acquired_pct,approval_days_pending,compensation_disbursed_pct,legal_cases_count,ownership_disputes,rnp_progress_pct,possession_pct,affected_families,doc_deficiency_score,historical_district_delay_avg,delay_label,actual_delay_days,intervention_taken,intervention_date
1,Nashik Railway Project #1,Nashik,Railway,623.6,94.6,84,84.6,10,5,73.8,31.5,307,0.959,71.8,0,11,,
2,Aurangabad Metro Project #2,Aurangabad,Metro,334.0,36.4,71,63.6,7,13,71.0,17.6,454,0.21,116.8,0,7,,
3,Nagpur Irrigation Project #3,Nagpur,Irrigation,440.3,47.4,38,93.6,10,10,75.3,77.0,114,0.759,128.8,0,10,,
4,Aurangabad Railway Project #4,Aurangabad,Railway,256.8,80.8,8,50.1,4,12,69.4,57.6,647,0.675,101.9,0,10,,
5,Aurangabad Railway Project #5,Aurangabad,Railway,967.7,59.1,87,98.5,10,12,78.4,49.8,308,0.303,117.5,0,14,,
6,Pune Metro Project #6,Pune,Metro,174.1,59.2,94,36.7,9,15,27.3,21.7,77,0.458,106.7,1,149,,
7,Nagpur Highway Project #7,Nagpur,Highway,403.2,14.8,24,31.6,12,11,26.0,47.3,547,0.143,128.8,1,28,,
8,Nagpur Irrigation Project #8,Nagpur,Irrigation,74.5,45.9,16,67.4,5,13,42.6,83.6,682,0.921,135.4,0,9,,
9,Nagpur Irrigation Project #9,Nagpur,Irrigation,260.7,34.4,41,44.0,4,15,86.6,62.3,629,0.968,94.2,1,48,,
10,Aurangabad Highway Project #10,Aurangabad,Highway,791.4,99.9,28,66.4,1,5,74.3,18.2,605,0.732,116.0,0,2,,
11,Nashik Highway Project #11,Nashik,Highway,241.1,37.8,59,37.4,9,8,61.0,39.9,50,0.849,72.6,1,141,,
12,Nagpur Highway Project #12,Nagpur,Highway,126.1,89.6,66,65.6,9,0,11.8,98.2,209,0.083,130.3,0,0,,
13,Aurangabad Metro Project #13,Aurangabad,Metro,500.7,70.9,84,34.8,5,13,31.2,59.0,557,0.384,98.7,1,77,,
14,Pune Metro Project #14,Pune,Metro,59.5,40.7,56,14.6,6,3,82.3,35.8,384,0.331,84.9,1,56,,
15,Nashik Irrigation Project #15,Nashik,Irrigation,130.5,58.9,71,92.1,2,15,31.8,92.2,415,0.565,79.0,0,4,,
16,Pune Metro Project #16,Pune,Metro,817.2,85.6,13,89.5,2,9,75.7,40.2,243,0.183,79.4,0,13,,
17,Nashik Railway Project #17,Nashik,Railway,782.9,89.5,38,97.4,11,12,26.6,75.7,517,0.563,72.4,0,2,,
18,Aurangabad Irrigation Project #18,Aurangabad,Irrigation,919.4,24.4,15,74.5,6,9,64.6,23.2,251,0.654,109.8,0,1,,
19,Mumbai Metro Project #19,Mumbai,Metro,861.8,40.6,17,71.4,10,11,66.5,24.1,348,0.132,148.0,0,0,,
20,Nashik Highway Project #20,Nashik,Highway,699.0,40.2,94,60.3,9,1,77.7,60.5,29,0.132,75.7,0,2,,
21,Pune Railway Project #21,Pune,Railway,99.7,13.8,74,21.3,3,8,49.5,31.6,673,0.035,78.8,1,103,,
22,Aurangabad Highway Project #22,Aurangabad,Highway,793.7,63.8,101,27.0,1,2,66.9,14.4,180,0.761,102.2,0,9,,
23,Nashik Irrigation Project #23,Nashik,Irrigation,853.2,86.9,19,36.1,8,9,53.8,93.4,225,0.331,68.6,1,141,,
24,Mumbai Highway Project #24,Mumbai,Highway,809.1,44.3,116,90.1,12,10,95.3,15.0,753,0.225,138.0,0,5,,
25,Mumbai Metro Project #25,Mumbai,Metro,533.1,76.6,45,25.6,8,1,57.0,74.6,25,0.778,162.3,1,64,,
26,Nagpur Metro Project #26,Nagpur,Metro,271.3,66.5,116,93.1,5,7,28.9,40.0,292,0.143,112.0,0,10,,
27,Nagpur Irrigation Project #27,Nagpur,Irrigation,853.1,43.8,44,57.1,1,3,70.1,94.0,310,0.427,127.9,0,2,,
28,Pune Highway Project #28,Pune,Highway,740.8,22.7,3,74.4,2,10,59.4,98.7,174,0.745,81.2,0,11,,
29,Nashik Irrigation Project #29,Nashik,Irrigation,981.7,73.8,83,19.9,4,1,82.3,40.2,790,0.574,77.0,1,137,,
30,Nashik Highway Project #30,Nashik,Highway,197.9,86.9,94,34.2,10,3,25.9,63.2,700,0.554,53.9,1,44,,
31,Nagpur Railway Project #31,Nagpur,Railway,264.4,71.7,19,96.3,10,6,33.5,79.6,267,0.157,134.1,0,9,,
32,Nashik Metro Project #32,Nashik,Metro,251.2,11.6,10,34.0,4,14,92.9,21.1,597,0.181,81.4,1,37,,
33,Nashik Irrigation Project #33,Nashik,Irrigation,802.9,29.5,113,36.7,12,13,93.7,73.9,626,0.583,64.5,1,52,,
34,Mumbai Railway Project #34,Mumbai,Railway,227.6,16.3,64,27.8,8,15,49.8,91.6,362,0.024,141.7,1,119,,
35,Nagpur Railway Project #35,Nagpur,Railway,113.3,61.3,107,21.6,9,6,14.3,26.1,96,0.869,124.6,1,44,,
36,Aurangabad Irrigation Project #36,Aurangabad,Irrigation,998.6,78.1,17,31.0,2,0,37.6,85.5,535,0.35,94.7,0,7,,
37,Nagpur Irrigation Project #37,Nagpur,Irrigation,73.6,20.0,38,67.8,1,12,32.2,20.4,768,0.417,120.3,0,9,,
38,Aurangabad Railway Project #38,Aurangabad,Railway,843.5,85.5,43,51.0,9,11,47.3,61.1,762,0.258,101.9,0,9,,
39,Mumbai Highway Project #39,Mumbai,Highway,397.1,60.0,96,59.8,7,11,38.6,40.5,18,0.877,147.5,1,85,,
40,Pune Railway Project #40,Pune,Railway,849.5,72.1,117,21.0,6,0,84.6,52.5,472,0.643,83.6,1,31,,
41,Nashik Irrigation Project #41,Nashik,Irrigation,576.9,97.4,99,82.2,11,2,10.3,37.1,545,0.45,62.0,0,11,,
42,Mumbai Railway Project #42,Mumbai,Railway,906.5,17.5,17,80.6,8,1,68.0,33.4,633,0.585,167.0,0,10,,
43,Nashik Highway Project #43,Nashik,Highway,929.9,91.1,46,11.9,2,2,69.8,76.9,306,0.38,77.8,0,12,,
44,Pune Metro Project #44,Pune,Metro,58.6,21.3,30,44.5,5,15,69.5,30.1,226,0.466,75.2,1,155,,
45,Pune Metro Project #45,Pune,Metro,121.6,45.4,98,16.2,4,3,56.9,46.8,237,0.358,81.2,1,21,,
46,Mumbai Railway Project #46,Mumbai,Railway,287.8,86.6,38,81.3,4,13,65.0,34.7,41,0.411,158.6,0,12,,
47,Pune Highway Project #47,Pune,Highway,685.8,91.6,37,76.4,9,6,82.9,31.5,440,0.315,99.7,0,7,,
48,Aurangabad Metro Project #48,Aurangabad,Metro,893.9,55.6,78,91.2,7,1,80.6,66.4,798,0.078,96.1,0,9,,
49,Pune Railway Project #49,Pune,Railway,486.9,63.5,46,31.3,0,6,13.1,14.1,179,0.037,97.0,0,4,,
50,Nashik Railway Project #50,Nashik,Railway,626.6,73.7,69,51.1,0,14,12.7,81.0,240,0.174,72.7,0,5,,
51,Nashik Highway Project #51,Nashik,Highway,229.1,84.9,7,26.6,2,4,85.5,59.2,79,0.252,50.6,0,0,,
52,Nashik Irrigation Project #52,Nashik,Irrigation,814.7,20.9,103,43.4,10,14,61.7,84.6,120,0.89,66.0,1,133,,
53,Nashik Railway Project #53,Nashik,Railway,969.0,82.9,85,57.0,1,15,96.2,29.2,98,0.611,68.6,0,3,,
54,Aurangabad Irrigation Project #54,Aurangabad,Irrigation,305.2,53.3,64,14.8,1,7,48.8,73.8,11,0.958,110.5,0,0,,
55,Nagpur Irrigation Project #55,Nagpur,Irrigation,520.1,50.6,12,74.3,1,7,25.9,47.9,65,0.34,106.8,0,6,,
56,Mumbai Metro Project #56,Mumbai,Metro,131.8,48.2,54,58.9,3,4,52.6,16.9,679,0.402,142.4,0,9,,
57,Nashik Irrigation Project #57,Nashik,Irrigation,581.2,55.8,87,84.6,0,9,49.3,77.7,280,0.72,63.8,0,3,,
58,Pune Highway Project #58,Pune,Highway,527.6,95.1,84,34.5,9,7,56.5,78.6,283,0.578,84.6,1,71,,
59,Nashik Metro Project #59,Nashik,Metro,187.2,59.3,108,91.3,8,11,82.7,34.4,553,0.528,64.8,0,10,,
60,Pune Metro Project #60,Pune,Metro,470.0,95.8,42,99.9,4,13,69.0,92.4,279,0.576,88.7,0,6,,
61,Pune Metro Project #61,Pune,Metro,367.4,26.2,3,92.7,4,8,26.7,78.8,199,0.584,93.1,0,6,,
62,Nashik Railway Project #62,Nashik,Railway,545.7,75.2,70,80.0,8,6,76.1,37.6,731,0.766,87.7,0,8,,
63,Aurangabad Railway Project #63,Aurangabad,Railway,606.4,83.1,59,83.1,4,5,63.3,31.5,492,0.668,118.7,0,8,,
64,Pune Irrigation Project #64,Pune,Irrigation,58.1,71.1,11,61.6,12,6,62.0,49.6,317,0.957,103.2,0,6,,
65,Pune Metro Project #65,Pune,Metro,773.0,64.6,58,27.1,12,6,71.0,36.4,31,0.948,85.2,1,69,,
66,Nashik Metro Project #66,Nashik,Metro,727.4,60.8,76,70.9,10,2,60.8,29.5,23,0.422,60.0,0,9,,
67,Pune Highway Project #67,Pune,Highway,398.0,87.5,53,74.1,7,5,51.2,45.9,495,0.036,98.0,0,8,,
68,Pune Irrigation Project #68,Pune,Irrigation,100.3,83.9,43,98.7,10,5,67.6,12.3,727,0.011,89.8,0,4,,
69,Nashik Highway Project #69,Nashik,Highway,767.2,21.0,15,58.7,0,10,75.1,46.1,555,0.123,77.3,0,1,,
70,Nashik Irrigation Project #70,Nashik,Irrigation,957.4,86.4,5,34.4,0,8,30.3,29.9,473,0.075,61.2,0,8,,
71,Mumbai Irrigation Project #71,Mumbai,Irrigation,278.1,47.3,13,71.5,3,0,54.7,33.8,577,0.373,156.5,0,5,,
72,Aurangabad Railway Project #72,Aurangabad,Railway,357.3,32.8,114,98.1,7,12,51.2,17.4,761,0.053,108.2,0,5,,
73,Aurangabad Railway Project #73,Aurangabad,Railway,224.6,88.3,111,25.9,2,15,13.6,63.0,442,0.625,105.4,1,51,,
74,Pune Highway Project #74,Pune,Highway,598.1,48.9,57,39.3,0,6,85.1,52.5,584,0.19,86.3,0,14,,
75,Aurangabad Irrigation Project #75,Aurangabad,Irrigation,197.1,82.8,30,58.8,10,15,44.0,77.6,409,0.514,114.9,0,12,,
76,Pune Metro Project #76,Pune,Metro,388.4,33.7,99,25.3,11,0,16.5,98.8,601,0.103,97.7,1,78,,
77,Mumbai Railway Project #77,Mumbai,Railway,712.2,10.4,100,12.0,8,9,51.2,20.8,561,0.828,146.3,1,136,,
78,Nashik Metro Project #78,Nashik,Metro,582.1,54.6,40,40.3,8,12,24.5,34.5,288,0.78,73.4,1,145,,
79,Nashik Highway Project #79,Nashik,Highway,417.1,19.0,119,87.9,8,15,73.4,71.4,777,0.386,73.4,0,1,,
80,Nashik Railway Project #80,Nashik,Railway,449.2,77.9,34,13.9,8,3,61.5,31.4,119,0.911,77.4,1,139,,
81,Aurangabad Railway Project #81,Aurangabad,Railway,584.0,34.8,117,48.6,1,12,34.3,12.7,57,0.186,119.9,0,2,,
82,Mumbai Irrigation Project #82,Mumbai,Irrigation,55.6,49.9,9,78.6,10,6,95.5,19.9,753,0.814,168.1,0,0,,
83,Aurangabad Highway Project #83,Aurangabad,Highway,124.6,17.8,80,95.8,10,5,36.3,49.0,91,0.546,105.3,0,3,,
84,Aurangabad Irrigation Project #84,Aurangabad,Irrigation,887.2,35.8,114,98.7,10,5,59.9,48.8,695,0.33,124.6,0,1,,
85,Mumbai Railway Project #85,Mumbai,Railway,124.0,80.3,105,48.0,3,4,82.1,97.5,634,0.084,151.2,1,122,,
86,Mumbai Highway Project #86,Mumbai,Highway,721.5,23.6,29,95.5,1,10,56.3,51.9,287,0.171,139.1,0,11,,
87,Mumbai Railway Project #87,Mumbai,Railway,924.0,68.2,43,13.2,6,6,96.5,71.0,390,0.863,143.5,1,33,,
88,Mumbai Highway Project #88,Mumbai,Highway,307.1,92.6,54,77.1,10,8,85.9,54.3,319,0.607,154.7,0,10,,
89,Nashik Railway Project #89,Nashik,Railway,402.0,71.2,70,67.8,2,13,92.9,34.3,561,0.237,77.2,0,3,,
90,Nagpur Metro Project #90,Nagpur,Metro,590.5,83.0,17,32.5,8,5,43.5,19.5,551,0.496,109.8,1,113,,
91,Nagpur Metro Project #91,Nagpur,Metro,887.6,19.8,82,55.7,6,9,59.4,87.3,776,0.108,112.4,0,5,,
92,Mumbai Irrigation Project #92,Mumbai,Irrigation,944.8,32.6,78,21.7,7,6,85.6,23.7,249,0.099,144.7,1,142,,
93,Nagpur Metro Project #93,Nagpur,Metro,752.6,90.5,102,88.4,8,8,91.3,18.7,192,0.908,111.4,0,11,,
94,Nagpur Railway Project #94,Nagpur,Railway,132.3,74.4,107,42.2,7,6,95.0,29.2,193,0.458,101.2,1,62,,
95,Mumbai Railway Project #95,Mumbai,Railway,685.7,67.6,85,66.3,6,5,89.1,10.2,563,0.362,127.8,0,5,,
96,Nagpur Metro Project #96,Nagpur,Metro,439.8,69.7,38,24.3,8,2,75.8,16.5,475,0.949,116.2,1,17,,
97,Aurangabad Irrigation Project #97,Aurangabad,Irrigation,497.2,47.3,41,28.6,10,13,12.2,67.2,648,0.399,112.5,1,168,,
98,Pune Metro Project #98,Pune,Metro,96.7,14.0,120,99.3,0,0,38.3,31.9,446,0.336,96.6,0,14,,
99,Pune Highway Project #99,Pune,Highway,231.5,80.6,119,77.8,10,9,21.6,40.5,603,0.273,76.4,0,3,,
100,Mumbai Highway Project #100,Mumbai,Highway,801.0,71.1,53,96.6,3,15,23.9,85.2,242,0.565,136.5,0,7,,
101,Nashik Highway Project #101,Nashik,Highway,481.3,52.6,29,36.6,3,15,36.2,79.6,713,0.558,64.7,1,166,,
102,Mumbai Metro Project #102,Mumbai,Metro,336.6,91.0,19,24.8,4,8,16.7,54.3,10,0.016,150.0,1,177,,
103,Nashik Metro Project #103,Nashik,Metro,414.8,40.3,95,55.3,7,6,31.9,65.2,514,0.654,80.1,0,11,,
104,Pune Metro Project #104,Pune,Metro,861.7,36.5,41,54.5,9,14,96.1,17.7,371,0.788,97.2,0,14,,
105,Mumbai Highway Project #105,Mumbai,Highway,761.5,88.6,88,25.7,0,2,38.1,78.5,728,0.616,146.3,0,9,,
106,Aurangabad Irrigation Project #106,Aurangabad,Irrigation,308.7,81.7,86,76.0,5,9,24.4,56.5,718,0.87,113.6,0,2,,
107,Nagpur Railway Project #107,Nagpur,Railway,161.6,56.3,4,42.6,8,15,74.6,61.4,292,0.276,111.6,1,155,,
108,Nashik Metro Project #108,Nashik,Metro,289.4,21.8,49,26.8,9,8,84.6,69.9,538,0.192,70.7,1,150,,
109,Nagpur Irrigation Project #109,Nagpur,Irrigation,924.7,29.4,40,39.9,7,2,38.3,55.0,178,0.697,119.4,1,157,,
110,Nagpur Railway Project #110,Nagpur,Railway,602.5,69.1,93,60.7,1,2,35.1,57.0,195,0.189,134.0,0,3,,
111,Mumbai Railway Project #111,Mumbai,Railway,556.8,44.7,111,75.4,6,12,31.8,55.0,131,0.091,154.9,0,0,,
112,Nagpur Railway Project #112,Nagpur,Railway,616.6,85.3,38,53.4,4,13,45.4,54.7,450,0.097,112.3,0,11,,
113,Aurangabad Irrigation Project #113,Aurangabad,Irrigation,397.7,95.5,56,57.3,1,6,17.9,77.5,745,0.768,102.4,0,9,,
114,Nagpur Irrigation Project #114,Nagpur,Irrigation,816.8,82.5,90,22.5,10,1,70.2,48.4,648,0.029,116.7,1,115,,
115,Mumbai Highway Project #115,Mumbai,Highway,547.1,44.0,56,92.3,0,9,84.0,10.3,687,0.289,134.4,0,5,,
116,Aurangabad Irrigation Project #116,Aurangabad,Irrigation,160.9,81.0,105,93.6,1,13,69.7,65.1,483,0.129,107.7,0,14,,
117,Pune Irrigation Project #117,Pune,Irrigation,172.6,41.6,36,71.5,10,6,47.9,95.7,131,0.755,88.6,0,9,,
118,Nagpur Irrigation Project #118,Nagpur,Irrigation,560.0,25.0,6,11.6,9,6,36.0,33.1,741,0.503,124.7,1,141,,
119,Mumbai Railway Project #119,Mumbai,Railway,939.7,13.0,4,58.3,5,0,46.9,83.5,800,0.205,156.1,0,11,,
120,Pune Metro Project #120,Pune,Metro,342.9,44.7,78,66.6,10,12,48.1,51.0,669,0.75,91.0,0,11,,
121,Pune Highway Project #121,Pune,Highway,876.1,91.3,50,99.5,11,9,69.9,67.9,301,0.75,73.7,0,6,,
122,Nashik Metro Project #122,Nashik,Metro,775.9,31.5,105,99.6,7,10,93.5,90.2,256,0.523,57.8,0,2,,
123,Aurangabad Metro Project #123,Aurangabad,Metro,285.4,28.6,7,87.2,2,1,16.4,79.4,197,0.276,103.9,0,11,,
124,Nagpur Irrigation Project #124,Nagpur,Irrigation,84.5,97.3,55,15.7,4,4,95.8,89.6,532,0.586,126.5,1,31,,
125,Mumbai Highway Project #125,Mumbai,Highway,146.8,12.3,72,95.8,10,13,91.9,10.9,293,0.934,156.2,0,7,,
126,Nashik Metro Project #126,Nashik,Metro,742.1,80.7,10,65.1,1,3,20.6,26.9,566,0.052,67.5,0,6,,
127,Aurangabad Metro Project #127,Aurangabad,Metro,239.7,38.9,21,82.1,11,13,26.5,48.1,133,0.267,133.6,0,1,,
128,Nashik Highway Project #128,Nashik,Highway,402.7,13.4,97,46.6,7,2,38.0,86.3,256,0.285,85.6,1,132,,
129,Aurangabad Irrigation Project #129,Aurangabad,Irrigation,526.6,92.6,98,38.8,3,9,60.4,85.5,415,0.632,122.4,1,100,,
130,Aurangabad Metro Project #130,Aurangabad,Metro,739.2,22.6,76,51.7,10,13,22.1,26.7,346,0.651,117.0,1,80,,
131,Nagpur Railway Project #131,Nagpur,Railway,157.6,59.7,10,23.2,9,10,28.0,22.8,168,0.206,124.6,1,16,,
132,Aurangabad Metro Project #132,Aurangabad,Metro,436.0,34.7,59,42.1,11,7,91.2,85.1,276,0.216,113.9,1,31,,
133,Nashik Railway Project #133,Nashik,Railway,510.8,15.9,95,87.2,5,6,19.8,58.7,301,0.928,51.9,0,6,,
134,Aurangabad Irrigation Project #134,Aurangabad,Irrigation,563.8,14.5,105,13.4,2,8,45.9,66.4,599,0.756,99.5,0,7,,
135,Nagpur Metro Project #135,Nagpur,Metro,827.4,20.4,14,23.6,10,15,78.7,82.8,160,0.934,117.8,1,122,,
136,Nagpur Highway Project #136,Nagpur,Highway,213.1,16.4,37,21.3,7,15,90.0,29.1,294,0.83,121.3,1,121,,
137,Nashik Highway Project #137,Nashik,Highway,817.4,78.5,0,46.3,7,2,40.2,22.3,160,0.402,68.8,1,148,,
138,Pune Metro Project #138,Pune,Metro,708.2,53.7,45,99.7,2,9,24.8,87.3,133,0.122,92.7,0,8,,
139,Pune Irrigation Project #139,Pune,Irrigation,578.1,40.9,113,25.6,11,0,76.3,20.1,749,0.63,69.0,1,59,,
140,Aurangabad Irrigation Project #140,Aurangabad,Irrigation,714.6,47.7,87,23.1,8,8,79.5,17.9,281,0.352,115.1,1,15,,
141,Mumbai Highway Project #141,Mumbai,Highway,441.4,93.6,42,92.4,9,15,98.2,34.9,349,0.425,150.6,0,14,,
142,Aurangabad Metro Project #142,Aurangabad,Metro,181.5,92.0,103,89.4,12,8,22.6,38.5,738,0.426,108.1,0,0,,
143,Nashik Irrigation Project #143,Nashik,Irrigation,682.5,74.4,21,12.9,4,11,73.8,31.7,668,0.937,79.3,1,153,,
144,Nashik Highway Project #144,Nashik,Highway,548.4,89.6,2,77.7,9,11,47.6,76.7,739,0.069,59.5,0,5,,
145,Nashik Railway Project #145,Nashik,Railway,657.4,38.8,13,69.0,8,0,92.3,97.6,617,0.193,67.6,0,7,,
146,Nashik Metro Project #146,Nashik,Metro,371.1,44.3,1,79.1,6,15,46.7,28.0,456,0.608,72.8,1,143,,
147,Nashik Railway Project #147,Nashik,Railway,911.5,65.2,60,54.5,9,13,50.1,80.4,571,0.884,61.5,0,13,,
148,Nagpur Railway Project #148,Nagpur,Railway,608.0,66.1,31,99.2,2,7,21.4,14.0,466,0.918,100.0,0,14,,
149,Pune Irrigation Project #149,Pune,Irrigation,131.1,53.4,111,13.9,5,13,38.9,20.7,564,0.559,78.5,1,124,,
150,Nashik Irrigation Project #150,Nashik,Irrigation,477.3,46.1,37,31.1,9,13,46.1,56.4,540,0.035,69.4,1,63,,
151,Mumbai Irrigation Project #151,Mumbai,Irrigation,768.5,98.8,96,45.7,1,9,11.6,100.0,122,0.363,147.5,0,5,,
152,Mumbai Metro Project #152,Mumbai,Metro,804.4,83.9,45,50.5,5,0,49.4,95.4,734,0.919,149.8,0,3,,
153,Mumbai Railway Project #153,Mumbai,Railway,519.9,49.1,41,92.9,11,5,40.3,20.1,539,0.5,143.4,1,108,,
154,Mumbai Metro Project #154,Mumbai,Metro,900.0,75.5,5,60.4,4,8,82.3,31.6,655,0.727,136.9,0,9,,
155,Nagpur Irrigation Project #155,Nagpur,Irrigation,304.3,34.3,40,14.1,12,2,19.6,95.1,535,0.269,121.4,1,178,,
156,Mumbai Railway Project #156,Mumbai,Railway,440.1,19.0,102,46.7,2,5,78.4,23.6,73,0.025,148.3,0,5,,
157,Nashik Metro Project #157,Nashik,Metro,903.7,41.7,24,47.5,6,15,74.3,76.9,402,0.578,76.4,1,60,,
158,Aurangabad Metro Project #158,Aurangabad,Metro,901.4,46.3,97,96.9,10,2,31.8,10.1,684,0.835,102.5,1,29,,
159,Mumbai Highway Project #159,Mumbai,Highway,701.4,11.5,10,63.9,3,10,17.5,66.9,779,0.99,129.8,0,2,,
160,Nagpur Metro Project #160,Nagpur,Metro,866.0,83.3,109,67.2,10,13,85.8,54.5,508,0.847,94.0,0,11,,
161,Nagpur Irrigation Project #161,Nagpur,Irrigation,134.3,42.3,100,74.2,5,4,32.4,52.4,527,0.554,116.0,0,11,,
162,Mumbai Metro Project #162,Mumbai,Metro,871.7,62.2,40,79.3,8,10,23.1,84.6,364,0.609,151.3,0,6,,
163,Aurangabad Railway Project #163,Aurangabad,Railway,354.6,16.7,70,67.2,11,13,42.3,17.3,642,0.824,107.7,1,165,,
164,Mumbai Metro Project #164,Mumbai,Metro,219.4,25.7,56,31.3,5,6,46.1,44.0,162,0.02,144.3,1,124,,
165,Nagpur Highway Project #165,Nagpur,Highway,277.4,90.1,45,88.7,3,10,39.3,50.1,338,0.952,104.1,0,5,,
166,Pune Railway Project #166,Pune,Railway,447.1,64.8,111,75.9,9,9,97.9,21.2,699,0.531,71.1,0,6,,
167,Nashik Railway Project #167,Nashik,Railway,288.6,95.5,85,76.8,1,11,89.3,17.7,488,0.952,73.7,0,14,,
168,Nagpur Highway Project #168,Nagpur,Highway,354.5,99.9,47,99.7,8,3,88.6,26.2,400,0.765,117.7,0,4,,
169,Mumbai Irrigation Project #169,Mumbai,Irrigation,178.2,43.5,62,82.2,3,3,45.9,31.7,584,0.152,146.4,0,4,,
170,Nashik Railway Project #170,Nashik,Railway,331.4,36.9,38,84.6,3,6,96.7,96.9,421,0.165,54.6,0,1,,
171,Mumbai Irrigation Project #171,Mumbai,Irrigation,593.7,87.3,9,95.6,1,4,71.6,52.8,267,0.354,140.3,0,5,,
172,Mumbai Railway Project #172,Mumbai,Railway,469.8,99.9,84,23.6,4,0,84.9,55.9,586,0.264,150.5,1,75,,
173,Pune Railway Project #173,Pune,Railway,379.4,66.7,69,54.8,12,10,55.1,73.6,516,0.439,92.8,0,6,,
174,Nashik Irrigation Project #174,Nashik,Irrigation,759.1,81.6,112,62.3,5,14,24.5,71.6,708,0.604,68.4,1,79,,
175,Nashik Railway Project #175,Nashik,Railway,898.8,80.4,64,39.6,9,9,89.8,55.2,748,0.437,83.8,1,167,,
176,Pune Irrigation Project #176,Pune,Irrigation,768.9,42.0,97,85.5,5,12,53.8,40.6,720,0.056,84.2,0,10,,
177,Nagpur Highway Project #177,Nagpur,Highway,365.4,61.7,58,78.6,2,14,97.2,39.8,303,0.976,132.9,0,6,,
178,Mumbai Irrigation Project #178,Mumbai,Irrigation,757.2,85.0,77,74.9,11,11,32.9,15.2,772,0.425,152.2,0,8,,
179,Aurangabad Highway Project #179,Aurangabad,Highway,194.4,71.9,35,99.7,8,12,99.3,91.0,486,0.851,111.1,0,0,,
180,Mumbai Railway Project #180,Mumbai,Railway,173.8,11.9,26,33.3,6,14,30.0,79.2,714,0.074,159.3,1,66,,
181,Mumbai Irrigation Project #181,Mumbai,Irrigation,378.3,40.3,72,76.2,12,1,43.1,66.1,517,0.81,143.8,0,7,,
182,Nagpur Railway Project #182,Nagpur,Railway,817.3,23.0,54,59.6,2,5,63.5,45.6,128,0.173,116.7,0,1,,
183,Mumbai Irrigation Project #183,Mumbai,Irrigation,284.0,31.0,69,38.2,3,12,72.4,62.4,700,0.679,137.8,1,91,,
184,Pune Highway Project #184,Pune,Highway,110.1,91.5,94,24.5,6,11,74.8,53.7,487,0.662,99.4,1,133,,
185,Pune Highway Project #185,Pune,Highway,175.1,13.3,80,90.6,10,8,52.9,34.7,573,0.91,93.4,1,104,,
186,Nashik Irrigation Project #186,Nashik,Irrigation,865.8,29.8,52,63.6,7,6,16.9,36.9,631,0.321,81.0,0,12,,
187,Aurangabad Highway Project #187,Aurangabad,Highway,652.1,37.9,106,84.2,5,3,54.6,88.7,745,0.109,112.0,0,11,,
188,Mumbai Railway Project #188,Mumbai,Railway,290.5,65.5,59,59.1,3,14,40.1,67.1,619,0.865,161.0,0,3,,
189,Mumbai Railway Project #189,Mumbai,Railway,577.5,58.1,60,29.8,11,11,69.2,10.1,328,0.332,142.5,1,30,,
190,Nagpur Metro Project #190,Nagpur,Metro,551.2,29.6,35,40.4,1,11,26.4,39.4,404,0.233,129.9,0,11,,
191,Pune Highway Project #191,Pune,Highway,672.7,24.8,84,44.3,9,14,45.5,40.6,57,0.486,86.0,1,33,,
192,Aurangabad Railway Project #192,Aurangabad,Railway,271.5,31.3,26,97.6,7,12,97.0,73.6,622,0.146,110.0,0,9,,
193,Nashik Irrigation Project #193,Nashik,Irrigation,871.2,55.2,40,10.5,0,1,18.0,73.0,447,0.297,77.3,0,7,,
194,Pune Highway Project #194,Pune,Highway,343.9,34.4,27,98.7,8,3,64.2,51.8,484,0.385,113.3,0,1,,
195,Nashik Railway Project #195,Nashik,Railway,709.4,95.3,15,98.2,7,15,18.2,95.6,761,0.277,78.2,0,0,,
196,Nagpur Highway Project #196,Nagpur,Highway,65.3,51.7,34,99.7,2,13,24.1,88.5,595,0.45,129.1,0,0,,
197,Nagpur Irrigation Project #197,Nagpur,Irrigation,404.0,15.3,35,52.9,9,4,64.4,88.0,559,0.385,114.5,0,9,,
198,Mumbai Railway Project #198,Mumbai,Railway,384.1,75.6,55,96.7,3,1,50.0,41.3,737,0.775,151.6,0,4,,
199,Aurangabad Metro Project #199,Aurangabad,Metro,566.3,39.6,98,45.6,9,0,59.4,48.8,145,0.918,109.0,1,19,,
200,Nashik Metro Project #200,Nashik,Metro,119.1,68.8,108,12.4,3,15,89.2,47.7,527,0.101,84.1,1,41,,
201,Pune Highway Project #201,Pune,Highway,800.6,35.2,18,30.2,1,3,83.6,49.6,768,0.823,88.5,0,14,,
202,Nagpur Irrigation Project #202,Nagpur,Irrigation,256.9,61.4,56,95.1,11,10,89.9,90.0,333,0.932,133.3,0,6,,
203,Mumbai Railway Project #203,Mumbai,Railway,693.2,79.5,84,11.2,10,12,65.5,32.4,206,0.687,137.0,1,85,,
204,Mumbai Irrigation Project #204,Mumbai,Irrigation,813.1,93.5,32,59.1,9,5,54.1,82.2,120,0.996,164.0,0,2,,
205,Nashik Railway Project #205,Nashik,Railway,583.8,33.5,22,16.8,4,0,51.3,56.3,559,0.335,61.4,1,142,,
206,Nagpur Highway Project #206,Nagpur,Highway,753.8,40.1,118,35.8,12,0,76.6,32.4,124,0.83,128.5,1,72,,
207,Aurangabad Railway Project #207,Aurangabad,Railway,678.8,51.8,62,17.9,11,8,56.9,57.5,706,0.674,101.4,1,171,,
208,Nagpur Irrigation Project #208,Nagpur,Irrigation,387.8,93.4,69,87.4,2,4,19.5,27.6,733,0.323,126.2,0,4,,
209,Nashik Irrigation Project #209,Nashik,Irrigation,818.4,91.1,95,63.2,11,1,22.8,19.7,497,0.705,60.4,0,5,,
210,Nashik Highway Project #210,Nashik,Highway,330.0,18.1,21,91.2,10,10,42.1,85.4,374,0.51,80.4,0,2,,
211,Nagpur Irrigation Project #211,Nagpur,Irrigation,592.7,21.9,66,72.0,0,15,16.1,72.9,493,0.189,128.5,0,12,,
212,Nashik Railway Project #212,Nashik,Railway,758.1,54.6,98,97.4,1,13,31.5,28.4,776,0.174,64.0,0,5,,
213,Nagpur Highway Project #213,Nagpur,Highway,410.0,19.6,79,55.9,10,1,69.1,94.8,319,0.713,125.8,0,10,,
214,Pune Railway Project #214,Pune,Railway,337.6,41.1,105,67.5,11,3,11.1,12.2,122,0.712,99.5,1,67,,
215,Nagpur Irrigation Project #215,Nagpur,Irrigation,486.4,23.4,58,61.9,6,10,64.4,40.0,279,0.531,110.8,0,10,,
216,Nagpur Highway Project #216,Nagpur,Highway,827.1,67.2,24,53.6,0,1,79.5,11.9,329,0.501,109.7,0,9,,
217,Nashik Railway Project #217,Nashik,Railway,933.4,95.5,16,86.1,11,3,25.3,22.8,184,0.18,59.3,0,7,,
218,Nashik Irrigation Project #218,Nashik,Irrigation,567.8,99.7,38,68.0,12,14,26.3,26.2,28,0.429,57.9,0,13,,
219,Mumbai Irrigation Project #219,Mumbai,Irrigation,678.4,43.8,76,82.1,12,10,12.6,82.9,212,0.871,139.2,1,24,,
220,Mumbai Metro Project #220,Mumbai,Metro,908.1,63.9,91,80.8,1,12,56.1,99.4,135,0.855,159.2,1,100,,
221,Pune Irrigation Project #221,Pune,Irrigation,143.6,87.1,74,27.2,9,5,68.9,88.1,476,0.661,95.6,1,34,,
222,Mumbai Railway Project #222,Mumbai,Railway,270.5,20.6,73,68.5,6,6,51.1,67.2,263,0.997,133.0,0,7,,
223,Nagpur Highway Project #223,Nagpur,Highway,723.5,72.1,38,28.0,0,5,45.1,75.1,776,0.893,114.9,0,7,,
224,Nashik Metro Project #224,Nashik,Metro,832.6,46.8,23,62.5,6,3,50.9,57.1,301,0.145,58.4,0,6,,
225,Mumbai Irrigation Project #225,Mumbai,Irrigation,864.2,28.6,37,71.0,12,9,80.3,48.0,161,0.399,158.6,0,3,,
226,Mumbai Irrigation Project #226,Mumbai,Irrigation,444.4,46.2,87,99.8,7,2,13.0,72.3,208,0.132,145.5,0,0,,
227,Pune Irrigation Project #227,Pune,Irrigation,134.9,16.8,96,12.7,10,3,80.5,97.6,208,0.466,74.6,1,16,,
228,Pune Railway Project #228,Pune,Railway,465.9,72.6,80,18.2,12,11,70.0,12.6,696,0.776,91.7,1,61,,
229,Nagpur Metro Project #229,Nagpur,Metro,269.2,32.7,56,16.9,1,4,31.7,38.3,462,0.156,126.1,0,11,,
230,Nashik Railway Project #230,Nashik,Railway,326.6,38.0,43,45.9,3,3,57.2,39.7,791,0.88,60.5,1,165,,
231,Pune Metro Project #231,Pune,Metro,783.7,20.9,35,83.9,6,2,14.4,47.3,189,0.569,87.4,0,9,,
232,Mumbai Highway Project #232,Mumbai,Highway,121.8,87.8,98,86.0,0,0,44.2,66.4,227,0.749,141.0,0,2,,
233,Nashik Railway Project #233,Nashik,Railway,836.2,54.4,69,76.3,5,2,25.7,56.2,639,0.045,82.4,0,4,,
234,Nashik Railway Project #234,Nashik,Railway,456.3,61.5,79,90.7,4,10,12.0,11.7,329,0.094,65.7,0,2,,
235,Mumbai Highway Project #235,Mumbai,Highway,616.3,61.2,44,39.1,10,4,42.1,47.0,32,0.621,142.8,1,96,,
236,Pune Metro Project #236,Pune,Metro,135.2,46.9,91,17.9,5,12,75.4,65.8,646,0.838,89.5,1,35,,
237,Mumbai Irrigation Project #237,Mumbai,Irrigation,370.5,27.3,104,15.2,7,13,92.9,55.4,93,0.874,147.9,1,46,,
238,Nashik Highway Project #238,Nashik,Highway,135.2,77.1,95,86.7,10,14,69.6,88.5,720,0.688,76.9,0,7,,
239,Aurangabad Irrigation Project #239,Aurangabad,Irrigation,963.5,21.4,25,75.7,10,5,46.2,45.9,335,0.201,122.2,0,5,,
240,Aurangabad Irrigation Project #240,Aurangabad,Irrigation,816.9,19.3,10,72.9,0,11,100.0,11.1,708,0.195,122.2,0,2,,
241,Nagpur Highway Project #241,Nagpur,Highway,486.7,73.9,51,40.6,2,15,35.5,35.6,338,0.881,116.2,0,1,,
242,Mumbai Metro Project #242,Mumbai,Metro,262.4,28.8,24,44.2,10,13,26.8,22.2,613,0.113,153.1,1,172,,
243,Mumbai Irrigation Project #243,Mumbai,Irrigation,936.8,37.6,30,96.2,12,12,51.7,32.5,339,0.686,164.9,0,2,,
244,Nagpur Highway Project #244,Nagpur,Highway,377.4,52.8,84,15.7,8,3,55.4,42.6,703,0.534,135.3,1,99,,
245,Nagpur Railway Project #245,Nagpur,Railway,202.9,50.4,44,79.6,11,0,41.9,70.9,748,0.421,111.2,0,11,,
246,Nagpur Railway Project #246,Nagpur,Railway,585.0,73.8,118,37.9,7,9,72.6,39.2,720,0.44,125.9,1,62,,
247,Nashik Railway Project #247,Nashik,Railway,946.6,66.1,114,13.5,3,12,26.5,89.6,482,0.945,74.2,1,143,,
248,Mumbai Highway Project #248,Mumbai,Highway,53.6,68.0,66,76.8,10,6,55.9,37.0,487,0.861,159.3,0,14,,
249,Nashik Railway Project #249,Nashik,Railway,276.2,74.3,75,39.8,9,15,55.0,22.3,244,0.865,82.4,1,70,,
250,Nagpur Irrigation Project #250,Nagpur,Irrigation,941.5,36.3,114,75.0,8,12,84.1,25.2,565,0.407,109.6,0,2,,
251,Mumbai Railway Project #251,Mumbai,Railway,212.5,39.0,39,73.7,6,8,93.4,94.1,597,0.107,143.1,0,6,,
252,Nashik Railway Project #252,Nashik,Railway,157.6,49.4,45,58.1,1,14,69.7,50.9,662,0.998,79.1,0,1,,
253,Nashik Irrigation Project #253,Nashik,Irrigation,591.7,37.7,53,80.0,0,12,37.5,46.3,703,0.145,71.5,0,12,,
254,Nagpur Railway Project #254,Nagpur,Railway,868.8,98.6,40,62.3,0,5,72.1,16.2,128,0.516,97.7,0,11,,
255,Mumbai Irrigation Project #255,Mumbai,Irrigation,503.3,83.3,88,35.8,12,13,32.6,76.0,49,0.265,133.3,1,128,,
256,Nagpur Railway Project #256,Nagpur,Railway,994.8,24.8,119,76.1,2,5,97.0,72.5,269,0.511,126.6,0,5,,
257,Mumbai Irrigation Project #257,Mumbai,Irrigation,695.2,10.5,80,63.0,12,15,84.0,43.8,765,0.305,158.4,0,11,,
258,Aurangabad Railway Project #258,Aurangabad,Railway,120.4,13.9,37,11.1,9,8,48.8,72.3,650,0.897,96.5,1,42,,
259,Pune Irrigation Project #259,Pune,Irrigation,993.2,32.0,99,91.1,1,3,80.6,43.1,15,0.968,101.0,0,0,,
260,Pune Highway Project #260,Pune,Highway,437.5,20.3,35,59.1,3,15,46.8,16.6,320,0.41,88.0,1,19,,
261,Pune Irrigation Project #261,Pune,Irrigation,323.0,58.0,82,88.2,7,4,16.7,76.4,75,0.07,79.8,0,1,,
262,Nagpur Railway Project #262,Nagpur,Railway,580.0,87.2,43,89.4,4,4,73.6,96.9,383,0.663,114.4,0,10,,
263,Aurangabad Railway Project #263,Aurangabad,Railway,339.1,76.3,56,50.0,4,13,46.4,68.3,740,0.377,97.8,0,11,,
264,Mumbai Metro Project #264,Mumbai,Metro,132.1,29.4,65,55.7,5,11,93.7,34.9,155,0.986,143.8,0,12,,
265,Nashik Irrigation Project #265,Nashik,Irrigation,51.4,45.9,80,47.4,12,15,37.6,34.3,243,0.089,51.3,1,109,,
266,Mumbai Highway Project #266,Mumbai,Highway,477.1,55.7,29,50.4,11,4,85.9,93.6,38,0.119,149.3,0,4,,
267,Nashik Irrigation Project #267,Nashik,Irrigation,845.0,82.9,110,90.6,4,7,71.2,37.3,682,0.699,75.9,1,90,,
268,Mumbai Irrigation Project #268,Mumbai,Irrigation,593.7,85.5,9,80.9,4,10,86.8,79.1,652,0.759,136.5,0,3,,
269,Aurangabad Highway Project #269,Aurangabad,Highway,999.2,91.9,98,21.4,6,0,36.3,67.9,669,0.471,110.2,1,165,,
270,Nashik Irrigation Project #270,Nashik,Irrigation,322.5,55.8,60,64.9,5,9,51.5,63.3,603,0.277,62.0,0,3,,
271,Nagpur Highway Project #271,Nagpur,Highway,316.4,72.5,62,99.6,12,10,84.1,26.3,479,0.31,126.7,0,1,,
272,Mumbai Highway Project #272,Mumbai,Highway,201.8,20.1,115,63.6,12,14,67.9,13.1,370,0.338,126.9,0,0,,
273,Mumbai Irrigation Project #273,Mumbai,Irrigation,205.9,60.9,35,80.7,9,9,42.4,54.0,604,0.225,157.1,0,3,,
274,Nashik Irrigation Project #274,Nashik,Irrigation,320.9,32.4,53,79.2,10,10,56.1,98.9,594,0.851,51.8,0,13,,
275,Nagpur Railway Project #275,Nagpur,Railway,803.2,48.9,96,41.5,1,2,99.6,27.6,364,0.065,117.9,0,1,,
276,Nagpur Railway Project #276,Nagpur,Railway,910.5,67.1,64,43.5,12,14,76.8,58.3,735,0.407,112.9,1,159,,
277,Aurangabad Metro Project #277,Aurangabad,Metro,976.3,33.1,81,75.2,0,7,65.3,70.4,35,0.748,106.4,0,9,,
278,Nagpur Metro Project #278,Nagpur,Metro,270.7,14.7,3,55.0,0,14,84.5,53.5,299,0.004,104.7,0,8,,
279,Nagpur Irrigation Project #279,Nagpur,Irrigation,887.2,10.9,54,61.4,3,10,49.8,55.6,80,0.878,136.6,0,3,,
280,Nagpur Highway Project #280,Nagpur,Highway,361.8,12.0,53,74.2,1,8,95.5,69.5,698,0.706,107.1,0,13,,
281,Pune Metro Project #281,Pune,Metro,157.2,10.8,110,80.0,5,1,59.7,83.3,98,0.073,77.9,0,2,,
282,Aurangabad Irrigation Project #282,Aurangabad,Irrigation,876.5,19.9,90,34.4,11,11,39.4,40.0,186,0.895,127.9,1,58,,
283,Mumbai Metro Project #283,Mumbai,Metro,654.3,31.6,88,23.2,11,3,17.7,90.9,36,0.487,153.2,1,146,,
284,Nashik Highway Project #284,Nashik,Highway,206.5,29.9,63,36.3,8,13,43.8,53.6,298,0.652,57.5,1,173,,
285,Mumbai Irrigation Project #285,Mumbai,Irrigation,458.3,98.8,118,55.7,9,15,61.2,69.6,584,0.882,148.7,0,13,,
286,Aurangabad Highway Project #286,Aurangabad,Highway,322.9,37.5,91,40.8,10,7,73.3,19.6,540,0.881,107.6,1,55,,
287,Nashik Irrigation Project #287,Nashik,Irrigation,750.0,21.5,116,61.2,9,15,88.8,54.3,493,0.409,53.1,0,2,,
288,Aurangabad Metro Project #288,Aurangabad,Metro,480.7,59.1,21,14.8,7,4,95.0,11.4,443,0.238,102.4,1,144,,
289,Nagpur Railway Project #289,Nagpur,Railway,989.8,87.2,105,55.9,3,0,19.2,45.2,502,0.257,119.7,0,11,,
290,Nashik Metro Project #290,Nashik,Metro,102.0,71.0,24,43.1,12,15,64.1,14.9,287,0.766,82.7,1,92,,
291,Nagpur Metro Project #291,Nagpur,Metro,387.3,36.6,80,58.1,11,5,70.0,90.7,355,0.929,118.1,0,4,,
292,Mumbai Railway Project #292,Mumbai,Railway,507.8,60.5,58,48.0,1,13,25.5,70.6,588,0.072,148.9,0,3,,
293,Mumbai Railway Project #293,Mumbai,Railway,528.0,74.3,56,35.6,0,8,59.1,81.3,247,0.015,141.8,0,0,,
294,Nashik Irrigation Project #294,Nashik,Irrigation,350.1,75.5,53,91.4,6,8,40.1,52.1,146,0.823,81.0,0,4,,
295,Nashik Irrigation Project #295,Nashik,Irrigation,742.8,70.0,43,26.6,9,10,17.0,86.7,172,0.387,79.0,1,167,,
296,Aurangabad Highway Project #296,Aurangabad,Highway,881.0,88.4,51,71.3,2,0,15.9,88.6,302,0.276,117.9,0,7,,
297,Aurangabad Highway Project #297,Aurangabad,Highway,941.8,88.3,75,93.2,5,3,78.3,42.1,37,0.188,111.1,0,13,,
298,Nagpur Metro Project #298,Nagpur,Metro,814.8,62.1,15,58.5,4,0,65.4,43.9,265,0.346,104.0,0,13,,
299,Nashik Railway Project #299,Nashik,Railway,858.1,48.7,100,88.9,4,6,74.4,55.7,633,0.971,80.9,0,3,,
300,Mumbai Highway Project #300,Mumbai,Highway,573.0,67.7,15,21.2,11,2,71.7,13.8,761,0.977,150.6,1,131,,
301,Aurangabad Metro Project #301,Aurangabad,Metro,834.6,83.6,80,54.4,1,1,22.1,99.6,764,0.332,106.9,0,6,,
302,Aurangabad Railway Project #302,Aurangabad,Railway,338.3,10.5,54,51.1,8,13,23.6,42.3,674,0.964,114.5,1,117,,
303,Mumbai Irrigation Project #303,Mumbai,Irrigation,428.6,99.3,60,10.7,10,7,32.7,52.4,274,0.3,152.2,1,168,,
304,Aurangabad Metro Project #304,Aurangabad,Metro,351.1,26.5,94,49.9,3,8,45.9,77.9,573,0.854,99.3,1,56,,
305,Nagpur Irrigation Project #305,Nagpur,Irrigation,494.0,52.3,78,43.2,9,14,94.5,36.8,490,0.212,116.8,1,21,,
306,Nashik Highway Project #306,Nashik,Highway,321.3,88.5,76,70.3,0,6,70.7,28.1,410,0.826,51.0,0,3,,
307,Mumbai Highway Project #307,Mumbai,Highway,963.5,30.3,39,94.4,1,5,33.0,21.5,469,0.354,150.9,0,12,,
308,Nashik Railway Project #308,Nashik,Railway,347.2,52.9,90,17.7,8,9,15.0,57.5,786,0.196,83.3,1,58,,
309,Aurangabad Metro Project #309,Aurangabad,Metro,143.1,21.9,20,39.5,6,12,71.6,10.5,575,0.935,92.0,1,167,,
310,Aurangabad Irrigation Project #310,Aurangabad,Irrigation,550.5,45.6,65,50.0,9,10,66.3,73.9,142,0.214,111.3,0,10,,
311,Mumbai Railway Project #311,Mumbai,Railway,104.2,25.9,7,51.0,1,5,70.8,51.5,200,0.992,156.7,0,14,,
312,Nagpur Highway Project #312,Nagpur,Highway,155.0,42.7,105,79.7,6,8,33.5,57.9,133,0.109,128.2,0,13,,
313,Pune Highway Project #313,Pune,Highway,258.4,43.6,70,49.9,3,4,56.5,33.7,440,0.01,82.5,1,36,,
314,Mumbai Metro Project #314,Mumbai,Metro,491.1,99.4,9,12.4,9,4,42.6,26.0,227,0.871,139.0,1,18,,
315,Pune Irrigation Project #315,Pune,Irrigation,461.6,99.5,56,73.9,1,1,83.6,73.0,412,0.587,84.1,0,8,,
316,Pune Metro Project #316,Pune,Metro,809.7,20.3,3,89.6,11,5,16.2,28.9,331,0.422,101.9,0,11,,
317,Nagpur Irrigation Project #317,Nagpur,Irrigation,752.5,75.3,42,56.3,3,13,34.8,80.2,310,0.082,102.9,0,11,,
318,Pune Irrigation Project #318,Pune,Irrigation,455.0,14.7,104,62.3,4,11,64.3,28.3,80,0.575,77.8,0,13,,
319,Pune Metro Project #319,Pune,Metro,367.0,12.7,99,24.7,12,11,28.5,65.1,223,0.394,85.4,1,87,,
320,Nagpur Railway Project #320,Nagpur,Railway,350.6,19.5,98,29.9,3,11,70.5,67.9,554,0.484,110.2,1,29,,
321,Pune Metro Project #321,Pune,Metro,785.3,96.9,62,31.2,2,5,22.3,55.5,383,0.63,89.6,0,6,,
322,Pune Metro Project #322,Pune,Metro,99.5,94.7,42,48.8,5,5,12.1,99.7,345,0.64,104.1,1,91,,
323,Pune Highway Project #323,Pune,Highway,62.2,27.5,66,93.5,0,3,87.7,43.8,180,0.961,78.0,0,12,,
324,Mumbai Highway Project #324,Mumbai,Highway,805.8,24.6,81,57.0,7,10,40.0,89.5,353,0.655,148.5,0,5,,
325,Mumbai Metro Project #325,Mumbai,Metro,503.3,31.6,50,27.3,11,14,24.1,25.2,465,0.339,149.9,1,113,,
326,Mumbai Metro Project #326,Mumbai,Metro,174.3,56.4,109,33.9,4,6,25.5,40.3,419,0.33,146.7,1,177,,
327,Nagpur Highway Project #327,Nagpur,Highway,273.8,61.3,55,44.6,7,14,89.7,23.1,310,0.477,104.2,1,104,,
328,Aurangabad Irrigation Project #328,Aurangabad,Irrigation,935.9,29.9,42,66.1,9,15,68.9,64.3,505,0.259,103.6,0,5,,
329,Pune Metro Project #329,Pune,Metro,866.5,78.1,23,49.6,3,8,96.1,67.4,300,0.376,83.7,1,163,,
330,Pune Railway Project #330,Pune,Railway,724.3,37.9,95,45.3,3,0,82.0,50.8,758,0.842,96.3,1,155,,
331,Nagpur Railway Project #331,Nagpur,Railway,508.1,93.0,33,60.8,4,2,79.1,74.8,446,0.86,124.2,0,4,,
332,Pune Railway Project #332,Pune,Railway,544.3,69.1,58,31.8,4,9,55.0,88.1,111,0.628,74.5,1,102,,
333,Mumbai Metro Project #333,Mumbai,Metro,976.5,49.3,1,17.1,10,14,83.9,79.9,19,0.583,146.1,1,40,,
334,Aurangabad Irrigation Project #334,Aurangabad,Irrigation,967.5,81.1,1,12.2,5,14,47.1,31.7,50,0.427,105.0,1,70,,
335,Nashik Irrigation Project #335,Nashik,Irrigation,254.5,83.6,9,32.6,4,8,84.4,38.8,379,0.636,89.5,1,45,,
336,Pune Highway Project #336,Pune,Highway,820.5,36.1,22,18.2,4,13,78.2,44.2,135,0.806,92.9,1,44,,
337,Mumbai Metro Project #337,Mumbai,Metro,237.4,40.6,14,40.3,12,4,71.1,28.3,794,0.738,139.2,1,38,,
338,Nashik Irrigation Project #338,Nashik,Irrigation,252.9,94.2,117,79.6,7,5,39.7,42.5,392,0.035,62.2,0,1,,
339,Aurangabad Metro Project #339,Aurangabad,Metro,692.3,24.8,75,74.5,5,7,66.8,31.4,336,0.731,106.2,0,13,,
340,Nashik Highway Project #340,Nashik,Highway,434.8,13.8,106,65.0,1,8,55.6,99.6,459,0.72,73.6,0,11,,
341,Mumbai Highway Project #341,Mumbai,Highway,935.0,50.9,16,86.7,3,7,51.5,80.5,532,0.099,154.8,0,11,,
342,Nashik Highway Project #342,Nashik,Highway,134.6,82.1,81,35.4,3,15,99.1,87.4,716,0.15,72.0,1,116,,
343,Nagpur Railway Project #343,Nagpur,Railway,535.9,79.5,13,89.7,4,2,55.4,93.0,541,0.788,117.9,0,6,,
344,Nashik Metro Project #344,Nashik,Metro,922.6,92.8,80,45.9,5,9,12.9,69.9,282,0.559,68.6,1,119,,
345,Pune Highway Project #345,Pune,Highway,908.9,58.0,78,46.1,10,0,66.4,25.8,511,0.822,88.7,1,68,,
346,Pune Metro Project #346,Pune,Metro,198.7,19.0,75,46.5,4,10,75.5,78.3,756,0.185,72.2,1,127,,
347,Nagpur Railway Project #347,Nagpur,Railway,398.3,63.0,15,18.8,10,12,89.7,11.4,496,0.031,119.4,1,138,,
348,Mumbai Railway Project #348,Mumbai,Railway,638.2,80.1,31,97.8,5,11,66.9,20.2,236,0.162,144.2,0,6,,
349,Pune Highway Project #349,Pune,Highway,201.4,18.4,22,22.5,7,12,11.8,12.7,236,0.453,73.5,1,35,,
350,Aurangabad Highway Project #350,Aurangabad,Highway,969.6,25.5,101,40.7,3,4,20.8,22.2,350,0.523,134.2,1,165,,
351,Pune Irrigation Project #351,Pune,Irrigation,919.0,11.1,33,38.7,10,6,24.5,77.7,281,0.858,93.1,1,140,,
352,Pune Metro Project #352,Pune,Metro,208.6,63.4,97,16.7,2,1,29.0,89.7,800,0.716,90.1,0,10,,
353,Mumbai Highway Project #353,Mumbai,Highway,165.1,89.8,15,23.7,8,0,82.0,35.1,404,0.99,146.3,1,138,,
354,Nashik Irrigation Project #354,Nashik,Irrigation,131.1,70.4,33,14.0,2,15,37.9,20.7,133,0.079,77.3,0,2,,
355,Pune Metro Project #355,Pune,Metro,914.0,98.4,103,36.3,10,3,38.1,34.6,204,0.13,78.4,1,93,,
356,Nagpur Highway Project #356,Nagpur,Highway,233.9,15.7,70,88.0,7,2,78.0,68.2,592,0.084,116.9,0,11,,
357,Nashik Irrigation Project #357,Nashik,Irrigation,445.5,91.3,32,40.5,9,3,47.1,41.5,753,0.538,60.5,1,67,,
358,Aurangabad Irrigation Project #358,Aurangabad,Irrigation,476.4,83.3,67,21.1,11,0,15.8,96.5,182,0.267,117.2,1,176,,
359,Mumbai Metro Project #359,Mumbai,Metro,619.1,38.3,42,68.1,4,1,62.7,21.8,212,0.684,141.7,0,5,,
360,Aurangabad Irrigation Project #360,Aurangabad,Irrigation,118.1,97.6,63,99.7,8,0,21.7,99.1,42,0.133,121.0,0,9,,
361,Nashik Metro Project #361,Nashik,Metro,265.4,35.9,115,30.9,2,2,61.4,11.1,220,0.103,69.0,0,10,,
362,Nashik Metro Project #362,Nashik,Metro,934.9,90.0,70,35.2,9,3,80.2,50.7,703,0.46,77.7,1,144,,
363,Nashik Metro Project #363,Nashik,Metro,913.0,89.3,17,97.5,9,12,93.7,32.7,762,0.376,74.0,0,1,,
364,Aurangabad Railway Project #364,Aurangabad,Railway,792.2,78.2,67,26.1,7,0,16.0,61.0,60,0.829,120.6,1,102,,
365,Nashik Irrigation Project #365,Nashik,Irrigation,68.4,60.7,112,56.0,12,15,37.4,18.7,416,0.838,60.6,1,109,,
366,Aurangabad Metro Project #366,Aurangabad,Metro,360.7,20.8,60,31.6,12,5,68.7,88.8,550,0.117,119.1,1,139,,
367,Nashik Highway Project #367,Nashik,Highway,646.6,57.9,74,93.9,6,1,38.4,22.3,527,0.812,51.4,0,4,,
368,Nagpur Railway Project #368,Nagpur,Railway,311.4,42.1,106,98.3,11,9,50.6,62.9,142,0.564,120.4,0,13,,
369,Nashik Railway Project #369,Nashik,Railway,914.1,81.3,19,83.3,6,11,11.8,13.0,105,0.504,64.5,1,109,,
370,Aurangabad Irrigation Project #370,Aurangabad,Irrigation,652.2,78.2,10,38.3,10,12,72.4,38.0,433,0.095,96.0,1,53,,
371,Pune Metro Project #371,Pune,Metro,118.3,92.0,78,46.3,9,10,89.5,23.5,91,0.74,81.1,1,141,,
372,Nashik Irrigation Project #372,Nashik,Irrigation,913.6,11.3,45,31.8,8,4,97.9,98.0,798,0.06,63.6,1,38,,
373,Pune Railway Project #373,Pune,Railway,959.9,82.8,63,90.2,11,7,84.7,11.1,324,0.278,88.0,0,14,,
374,Nagpur Metro Project #374,Nagpur,Metro,123.8,94.5,80,92.3,7,11,12.9,41.7,738,0.095,114.8,0,9,,
375,Mumbai Highway Project #375,Mumbai,Highway,555.7,81.0,97,47.7,2,12,68.7,37.2,289,0.531,150.8,0,9,,
376,Nagpur Metro Project #376,Nagpur,Metro,338.2,21.7,113,69.1,12,3,54.6,69.2,652,0.645,111.7,0,3,,
377,Nashik Railway Project #377,Nashik,Railway,423.2,17.3,111,24.9,5,4,94.4,15.1,95,0.891,65.2,1,96,,
378,Pune Highway Project #378,Pune,Highway,220.7,11.9,75,49.1,10,8,91.2,83.0,375,0.734,87.1,1,89,,
379,Pune Metro Project #379,Pune,Metro,599.2,66.6,105,66.8,5,1,98.9,52.0,375,0.961,91.8,0,12,,
380,Aurangabad Highway Project #380,Aurangabad,Highway,960.1,66.7,27,44.7,4,11,87.6,50.7,102,0.761,118.5,1,121,,
381,Pune Highway Project #381,Pune,Highway,527.9,98.8,47,42.2,2,11,59.2,30.4,80,0.298,98.5,0,14,,
382,Aurangabad Railway Project #382,Aurangabad,Railway,128.8,45.8,34,10.1,8,1,74.3,54.1,335,0.548,112.4,1,20,,
383,Mumbai Highway Project #383,Mumbai,Highway,639.0,39.9,7,82.4,6,5,96.8,42.8,516,0.458,154.3,0,12,,
384,Nashik Irrigation Project #384,Nashik,Irrigation,373.2,66.2,90,90.0,3,5,62.0,32.1,335,0.566,73.1,0,4,,
385,Aurangabad Railway Project #385,Aurangabad,Railway,863.1,84.3,21,97.3,5,2,85.6,25.2,200,0.572,106.9,0,9,,
386,Mumbai Irrigation Project #386,Mumbai,Irrigation,462.9,94.3,117,74.7,4,11,94.8,75.6,223,0.702,159.0,0,9,,
387,Pune Highway Project #387,Pune,Highway,233.2,82.3,120,59.4,0,8,61.3,22.8,56,0.083,80.9,0,2,,
388,Pune Irrigation Project #388,Pune,Irrigation,231.6,48.4,23,34.2,1,12,24.3,25.1,739,0.747,69.5,0,12,,
389,Mumbai Metro Project #389,Mumbai,Metro,780.3,67.1,65,99.9,0,0,24.0,61.9,98,0.144,139.6,0,1,,
390,Pune Highway Project #390,Pune,Highway,302.3,87.1,94,63.1,8,11,20.4,30.3,796,0.026,104.0,0,5,,
391,Mumbai Metro Project #391,Mumbai,Metro,778.9,54.2,85,71.3,8,2,52.9,51.3,236,0.519,147.0,0,13,,
392,Aurangabad Irrigation Project #392,Aurangabad,Irrigation,245.6,29.5,63,71.4,4,7,53.2,59.8,406,0.581,112.7,0,1,,
393,Aurangabad Metro Project #393,Aurangabad,Metro,355.6,25.3,64,86.1,7,7,65.6,34.7,226,0.035,107.3,0,10,,
394,Mumbai Highway Project #394,Mumbai,Highway,492.2,10.0,13,10.9,9,15,53.5,40.9,761,0.515,155.6,1,76,,
395,Aurangabad Metro Project #395,Aurangabad,Metro,946.0,74.6,24,29.8,3,3,97.6,28.9,310,0.535,110.7,1,45,,
396,Aurangabad Irrigation Project #396,Aurangabad,Irrigation,935.1,20.0,99,69.9,0,7,36.2,51.4,425,0.052,109.3,0,4,,
397,Aurangabad Irrigation Project #397,Aurangabad,Irrigation,246.5,31.9,99,90.6,12,10,88.6,99.3,179,0.712,116.1,0,12,,
398,Nagpur Irrigation Project #398,Nagpur,Irrigation,390.3,36.8,104,71.7,12,9,19.0,42.6,374,0.21,115.3,0,10,,
399,Nashik Highway Project #399,Nashik,Highway,191.9,60.4,2,47.2,3,12,64.2,68.8,241,0.794,73.7,1,107,,
400,Pune Irrigation Project #400,Pune,Irrigation,534.5,45.8,4,42.5,6,7,68.3,67.2,629,0.311,88.3,1,81,,
401,Nagpur Highway Project #401,Nagpur,Highway,487.6,70.7,64,76.4,10,15,79.5,80.8,337,0.478,118.9,0,0,,
402,Aurangabad Metro Project #402,Aurangabad,Metro,905.7,15.0,53,76.7,1,15,55.3,74.1,242,0.892,101.8,0,6,,
403,Mumbai Irrigation Project #403,Mumbai,Irrigation,933.5,21.2,18,64.6,1,0,27.8,11.1,691,0.806,147.8,0,13,,
404,Aurangabad Metro Project #404,Aurangabad,Metro,414.4,54.9,96,36.2,5,2,43.2,37.8,656,0.782,104.6,1,78,,
405,Nashik Railway Project #405,Nashik,Railway,517.2,40.3,105,93.3,8,0,34.5,88.3,652,0.16,81.3,0,2,,
406,Aurangabad Metro Project #406,Aurangabad,Metro,901.4,36.6,53,59.7,2,14,47.7,58.6,46,0.048,93.2,0,9,,
407,Mumbai Railway Project #407,Mumbai,Railway,816.4,16.0,93,81.1,6,1,57.7,19.4,780,0.606,158.9,0,9,,
408,Nashik Metro Project #408,Nashik,Metro,53.5,90.6,75,29.3,9,3,66.3,34.9,411,0.411,52.6,1,91,,
409,Aurangabad Highway Project #409,Aurangabad,Highway,354.1,72.3,9,41.0,8,2,86.1,35.5,645,0.909,115.4,1,146,,
410,Nashik Metro Project #410,Nashik,Metro,450.7,20.9,97,88.7,10,12,91.9,88.6,435,0.35,61.6,0,0,,
411,Pune Highway Project #411,Pune,Highway,268.2,15.9,15,14.5,12,14,51.6,59.8,417,0.411,95.7,1,92,,
412,Pune Highway Project #412,Pune,Highway,239.6,97.7,103,56.1,8,10,18.0,64.7,784,0.526,88.8,1,178,,
413,Aurangabad Irrigation Project #413,Aurangabad,Irrigation,85.9,71.3,45,53.4,10,5,81.7,43.0,226,0.796,95.7,0,2,,
414,Nashik Highway Project #414,Nashik,Highway,661.2,47.6,28,77.6,3,11,52.9,15.4,179,0.268,83.6,0,0,,
415,Mumbai Railway Project #415,Mumbai,Railway,299.4,73.2,14,35.4,1,11,59.2,16.8,619,0.942,157.8,0,9,,
416,Aurangabad Irrigation Project #416,Aurangabad,Irrigation,99.7,78.1,47,29.7,0,4,63.6,47.8,367,0.54,115.0,0,4,,
417,Pune Irrigation Project #417,Pune,Irrigation,269.4,80.2,10,93.4,5,4,70.1,26.0,195,0.841,83.6,0,9,,
418,Pune Metro Project #418,Pune,Metro,811.8,53.0,107,61.5,4,9,90.1,19.4,734,0.526,98.1,0,5,,
419,Aurangabad Highway Project #419,Aurangabad,Highway,858.9,48.7,33,19.4,5,6,95.7,33.6,753,0.772,97.2,1,153,,
420,Nashik Highway Project #420,Nashik,Highway,508.9,11.0,35,27.4,6,6,94.6,76.8,688,0.051,47.7,1,117,,
421,Pune Railway Project #421,Pune,Railway,445.3,93.4,29,99.9,8,8,82.9,16.6,170,0.799,74.4,0,0,,
422,Nashik Metro Project #422,Nashik,Metro,979.0,64.3,98,27.6,9,7,90.0,50.3,293,0.524,60.8,1,117,,
423,Pune Metro Project #423,Pune,Metro,240.5,28.3,72,64.9,9,2,14.5,84.3,193,0.449,82.5,0,3,,
424,Pune Irrigation Project #424,Pune,Irrigation,254.6,92.8,81,47.8,10,1,86.4,34.1,546,0.112,85.7,1,36,,
425,Nagpur Irrigation Project #425,Nagpur,Irrigation,327.3,92.3,18,89.7,5,0,16.5,37.2,151,0.742,116.1,0,7,,
426,Pune Irrigation Project #426,Pune,Irrigation,214.1,99.0,102,78.0,5,14,77.2,89.6,704,0.131,83.5,0,9,,
427,Mumbai Railway Project #427,Mumbai,Railway,410.4,88.7,67,63.7,12,15,25.2,68.5,605,0.192,128.8,0,6,,
428,Aurangabad Railway Project #428,Aurangabad,Railway,915.3,99.8,69,11.0,2,15,42.4,81.8,240,0.126,111.9,0,6,,
429,Aurangabad Irrigation Project #429,Aurangabad,Irrigation,634.6,32.0,114,89.2,12,9,26.6,36.0,477,0.007,107.4,0,8,,
430,Nashik Metro Project #430,Nashik,Metro,441.3,85.8,32,50.0,7,5,49.9,99.7,397,0.662,63.0,0,7,,
431,Pune Railway Project #431,Pune,Railway,937.7,84.1,95,93.8,8,12,47.1,22.7,744,0.271,104.0,0,11,,
432,Mumbai Metro Project #432,Mumbai,Metro,96.0,30.8,79,54.6,0,12,14.3,96.6,167,0.149,147.6,0,12,,
433,Nashik Metro Project #433,Nashik,Metro,249.8,18.9,74,72.5,5,3,84.7,91.2,327,0.32,70.6,0,10,,
434,Nagpur Highway Project #434,Nagpur,Highway,587.6,98.1,21,16.2,6,15,86.9,59.7,194,0.499,128.0,1,88,,
435,Nashik Irrigation Project #435,Nashik,Irrigation,634.8,36.6,35,77.1,10,2,80.9,62.7,430,0.503,55.1,0,11,,
436,Nashik Highway Project #436,Nashik,Highway,87.6,88.4,113,40.4,7,10,86.3,79.8,192,0.367,69.8,1,103,,
437,Pune Irrigation Project #437,Pune,Irrigation,432.9,10.4,22,41.6,11,10,77.6,37.6,606,0.495,97.9,1,135,,
438,Nagpur Irrigation Project #438,Nagpur,Irrigation,666.7,11.9,62,20.7,9,1,94.4,57.5,586,0.427,119.1,1,146,,
439,Nashik Metro Project #439,Nashik,Metro,713.2,51.9,25,23.2,10,1,61.9,91.2,61,0.823,57.0,1,52,,
440,Mumbai Irrigation Project #440,Mumbai,Irrigation,656.2,31.5,59,26.7,7,10,62.4,16.1,12,0.03,145.2,1,114,,
441,Mumbai Metro Project #441,Mumbai,Metro,354.5,72.1,94,39.5,6,3,87.4,91.5,86,0.868,151.9,1,56,,
442,Aurangabad Metro Project #442,Aurangabad,Metro,138.8,60.9,92,90.3,7,0,41.4,75.6,656,0.244,88.9,0,13,,
443,Nagpur Irrigation Project #443,Nagpur,Irrigation,455.8,17.0,4,43.1,10,5,14.5,79.3,591,0.722,106.5,1,132,,
444,Nagpur Metro Project #444,Nagpur,Metro,172.3,24.6,53,75.2,8,9,77.5,15.8,683,0.405,139.7,0,12,,
445,Aurangabad Metro Project #445,Aurangabad,Metro,950.2,44.9,37,17.4,9,10,32.9,26.9,617,0.294,114.8,1,104,,
446,Nashik Metro Project #446,Nashik,Metro,501.4,26.7,61,63.2,6,4,52.7,93.3,25,0.615,84.8,0,4,,
447,Nagpur Railway Project #447,Nagpur,Railway,351.4,81.3,24,53.4,2,9,31.6,21.2,239,0.769,128.7,0,7,,
448,Mumbai Metro Project #448,Mumbai,Metro,778.0,47.4,97,98.0,8,8,84.4,66.8,276,0.45,153.9,0,7,,
449,Mumbai Railway Project #449,Mumbai,Railway,523.1,18.4,11,86.2,0,1,96.2,80.4,315,0.467,146.9,0,12,,
450,Pune Railway Project #450,Pune,Railway,344.5,53.6,21,50.9,7,8,15.0,30.8,15,0.059,93.8,0,5,,
451,Nagpur Metro Project #451,Nagpur,Metro,821.4,18.2,8,79.8,5,8,31.0,72.9,119,0.924,134.5,0,13,,
452,Nashik Metro Project #452,Nashik,Metro,873.8,21.6,83,27.4,10,9,27.1,15.9,152,0.847,78.3,1,147,,
453,Aurangabad Railway Project #453,Aurangabad,Railway,689.4,31.6,28,60.6,2,8,70.6,54.9,676,0.398,111.7,0,3,,
454,Aurangabad Railway Project #454,Aurangabad,Railway,94.6,87.4,43,16.7,8,15,48.6,40.1,216,0.765,108.3,1,44,,
455,Nashik Metro Project #455,Nashik,Metro,588.0,93.2,92,41.3,5,9,51.1,68.1,438,0.313,75.0,1,77,,
456,Pune Metro Project #456,Pune,Metro,775.1,84.4,108,30.3,6,9,24.1,90.0,175,0.73,84.7,1,52,,
457,Aurangabad Irrigation Project #457,Aurangabad,Irrigation,179.7,40.1,26,74.7,10,3,47.3,21.3,269,0.517,115.0,0,9,,
458,Nagpur Railway Project #458,Nagpur,Railway,267.2,34.5,117,54.1,1,4,37.3,50.5,694,0.461,113.0,0,1,,
459,Pune Railway Project #459,Pune,Railway,888.4,59.4,54,77.6,0,7,65.0,48.1,403,0.057,86.5,0,0,,
460,Nagpur Irrigation Project #460,Nagpur,Irrigation,69.1,75.0,80,56.4,0,13,29.6,39.1,130,0.965,109.7,1,165,,
461,Mumbai Railway Project #461,Mumbai,Railway,765.1,99.4,4,17.8,2,7,65.3,53.2,422,0.837,145.6,0,8,,
462,Pune Highway Project #462,Pune,Highway,500.1,21.8,51,76.2,10,0,44.0,89.3,149,0.793,83.2,0,10,,
463,Aurangabad Railway Project #463,Aurangabad,Railway,474.4,14.4,108,85.0,2,15,41.2,97.6,177,0.305,126.9,0,5,,
464,Pune Irrigation Project #464,Pune,Irrigation,56.7,72.5,12,91.3,7,9,37.5,10.3,93,0.29,81.1,0,12,,
465,Pune Highway Project #465,Pune,Highway,828.4,84.9,41,61.5,6,0,70.6,76.5,430,0.573,93.8,0,13,,
466,Pune Metro Project #466,Pune,Metro,391.8,86.2,14,77.8,9,9,60.6,65.4,715,0.846,80.5,0,13,,
467,Pune Irrigation Project #467,Pune,Irrigation,563.7,71.1,78,77.7,7,5,86.7,99.5,797,0.935,90.5,0,5,,
468,Nagpur Irrigation Project #468,Nagpur,Irrigation,693.4,95.9,17,24.0,0,6,31.7,18.1,277,0.269,122.9,0,5,,
469,Mumbai Metro Project #469,Mumbai,Metro,717.5,56.0,49,24.8,3,1,13.6,83.0,47,0.607,131.5,1,47,,
470,Nashik Irrigation Project #470,Nashik,Irrigation,958.2,92.2,1,16.4,7,1,26.4,94.1,312,0.724,56.0,1,124,,
471,Pune Railway Project #471,Pune,Railway,554.8,97.1,86,38.8,9,4,40.9,92.1,347,0.226,80.5,1,166,,
472,Aurangabad Metro Project #472,Aurangabad,Metro,429.7,86.2,106,52.6,1,8,26.2,60.5,763,0.407,97.0,1,84,,
473,Pune Irrigation Project #473,Pune,Irrigation,956.0,37.9,12,99.8,6,4,17.5,39.5,339,0.187,90.8,0,1,,
474,Aurangabad Metro Project #474,Aurangabad,Metro,660.0,27.7,106,48.8,7,7,50.1,67.6,208,0.699,112.4,1,110,,
475,Nagpur Metro Project #475,Nagpur,Metro,333.2,59.3,67,75.4,8,7,70.9,37.5,14,0.864,109.4,0,11,,
476,Aurangabad Metro Project #476,Aurangabad,Metro,170.1,50.8,46,72.4,6,4,77.6,47.1,441,0.878,111.2,0,0,,
477,Nashik Highway Project #477,Nashik,Highway,850.4,89.0,117,28.4,11,7,45.9,50.1,380,0.67,65.8,1,139,,
478,Mumbai Irrigation Project #478,Mumbai,Irrigation,394.1,19.0,118,15.3,8,14,53.0,37.2,112,0.347,149.0,1,98,,
479,Aurangabad Highway Project #479,Aurangabad,Highway,677.4,33.2,88,59.1,1,7,78.0,40.8,444,0.661,103.7,0,0,,
480,Aurangabad Irrigation Project #480,Aurangabad,Irrigation,497.3,77.7,74,73.0,10,14,41.7,10.7,659,0.864,114.9,1,174,,
481,Mumbai Railway Project #481,Mumbai,Railway,239.0,18.5,49,99.8,0,4,80.6,36.7,390,0.626,166.3,0,12,,
482,Nashik Railway Project #482,Nashik,Railway,621.6,38.9,111,42.3,0,4,97.1,52.5,75,0.413,77.7,0,13,,
483,Pune Railway Project #483,Pune,Railway,107.6,44.8,105,90.7,10,3,89.2,25.6,588,0.92,103.9,0,10,,
484,Aurangabad Irrigation Project #484,Aurangabad,Irrigation,442.7,66.0,11,44.4,11,0,50.8,82.5,279,0.835,96.0,1,100,,
485,Mumbai Metro Project #485,Mumbai,Metro,569.3,24.2,12,72.0,3,8,62.2,58.4,56,0.882,143.2,0,13,,
486,Nagpur Metro Project #486,Nagpur,Metro,464.2,87.5,8,63.8,0,1,74.5,81.4,374,0.903,125.7,0,10,,
487,Mumbai Highway Project #487,Mumbai,Highway,761.2,50.3,58,14.8,6,0,41.4,21.5,189,0.394,165.1,1,92,,
488,Nagpur Highway Project #488,Nagpur,Highway,836.5,92.5,116,17.1,7,5,81.9,83.8,77,0.86,126.5,1,136,,
489,Nashik Railway Project #489,Nashik,Railway,782.7,52.1,44,11.9,2,4,49.3,96.2,124,0.57,59.7,0,9,,
490,Pune Highway Project #490,Pune,Highway,86.9,34.8,101,43.4,0,10,86.2,41.7,35,0.038,85.7,0,1,,
491,Mumbai Irrigation Project #491,Mumbai,Irrigation,234.4,22.8,69,77.1,2,14,32.9,35.6,568,0.636,153.3,0,9,,
492,Aurangabad Irrigation Project #492,Aurangabad,Irrigation,559.8,10.3,106,25.5,1,0,11.0,68.2,216,0.471,108.4,0,2,,
493,Nashik Highway Project #493,Nashik,Highway,938.1,57.9,114,64.5,5,6,66.9,67.2,82,0.275,62.0,0,3,,
494,Mumbai Highway Project #494,Mumbai,Highway,843.2,19.6,42,36.0,10,6,50.7,20.1,268,0.97,147.1,1,61,,
495,Aurangabad Highway Project #495,Aurangabad,Highway,850.4,45.3,73,81.7,6,2,15.4,93.4,395,0.055,109.9,0,1,,
496,Mumbai Highway Project #496,Mumbai,Highway,338.0,63.0,22,81.9,8,7,53.9,53.1,39,0.946,139.2,0,1,,
497,Nagpur Railway Project #497,Nagpur,Railway,458.0,34.8,78,79.8,4,14,25.2,78.8,430,0.159,129.8,0,11,,
498,Mumbai Railway Project #498,Mumbai,Railway,497.2,25.8,44,57.2,3,5,66.7,42.3,12,0.377,145.6,0,5,,
499,Mumbai Highway Project #499,Mumbai,Highway,199.5,79.7,22,35.6,0,3,50.1,33.5,530,0.417,149.3,0,10,,
500,Mumbai Irrigation Project #500,Mumbai,Irrigation,79.5,95.2,103,82.8,10,9,25.4,20.0,529,0.731,160.4,0,14,,
501,Nashik Railway Project #501,Nashik,Railway,949.6,19.0,100,26.7,5,9,47.1,34.7,530,0.216,68.8,1,16,,
502,Mumbai Irrigation Project #502,Mumbai,Irrigation,278.7,24.0,33,36.1,10,9,30.9,99.4,410,0.986,159.8,1,29,,
503,Aurangabad Metro Project #503,Aurangabad,Metro,278.0,96.4,15,26.6,7,11,68.8,69.2,673,0.749,99.7,1,98,,
504,Nagpur Irrigation Project #504,Nagpur,Irrigation,129.2,13.4,62,70.7,3,12,36.6,82.3,663,0.79,124.3,0,10,,
505,Nagpur Highway Project #505,Nagpur,Highway,932.1,98.0,108,71.8,0,14,84.0,96.3,283,0.106,128.4,0,4,,
506,Mumbai Metro Project #506,Mumbai,Metro,600.8,10.4,50,68.7,4,2,11.3,17.1,481,0.476,141.7,0,8,,
507,Nashik Railway Project #507,Nashik,Railway,683.7,88.6,104,47.4,9,0,46.3,24.8,381,0.946,68.2,1,28,,
508,Nashik Railway Project #508,Nashik,Railway,916.0,37.7,110,19.0,4,12,65.5,93.5,440,0.27,68.4,1,151,,
509,Aurangabad Metro Project #509,Aurangabad,Metro,378.3,94.5,31,92.0,1,1,12.0,60.8,548,0.145,112.1,0,12,,
510,Mumbai Irrigation Project #510,Mumbai,Irrigation,640.4,38.5,37,55.7,5,15,29.4,67.1,357,0.485,154.7,0,14,,
511,Nagpur Railway Project #511,Nagpur,Railway,86.9,68.9,103,46.6,9,1,39.5,48.5,80,0.93,110.9,1,19,,
512,Nashik Highway Project #512,Nashik,Highway,227.4,17.2,55,63.0,8,14,12.0,83.3,491,0.487,69.4,0,0,,
513,Mumbai Metro Project #513,Mumbai,Metro,839.7,31.8,109,27.4,5,12,59.2,56.6,740,0.405,165.9,1,159,,
514,Nashik Highway Project #514,Nashik,Highway,778.4,79.6,68,21.9,7,10,66.8,84.4,265,0.65,80.5,1,83,,
515,Nashik Metro Project #515,Nashik,Metro,383.1,57.6,16,46.5,9,4,30.5,99.3,112,0.937,77.9,1,68,,
516,Nagpur Railway Project #516,Nagpur,Railway,408.0,93.5,85,30.4,2,3,58.9,68.2,156,0.049,118.1,0,13,,
517,Pune Irrigation Project #517,Pune,Irrigation,556.9,48.6,38,32.0,9,1,99.9,57.6,679,0.153,111.3,0,6,,
518,Aurangabad Metro Project #518,Aurangabad,Metro,50.2,88.3,40,90.3,1,10,89.8,42.9,149,0.133,120.3,0,7,,
519,Aurangabad Metro Project #519,Aurangabad,Metro,279.2,50.4,47,57.8,3,15,15.3,27.5,664,0.085,110.4,0,6,,
520,Nagpur Highway Project #520,Nagpur,Highway,247.8,98.1,81,53.5,11,14,21.5,69.1,630,0.302,122.2,0,8,,
521,Nashik Railway Project #521,Nashik,Railway,288.0,96.4,27,72.1,8,8,54.5,15.6,432,0.229,65.4,0,14,,
522,Mumbai Highway Project #522,Mumbai,Highway,815.6,39.6,76,95.6,8,6,32.1,96.1,73,0.549,153.9,0,10,,
523,Nashik Railway Project #523,Nashik,Railway,315.7,89.7,49,20.1,2,7,17.3,68.3,280,0.327,75.9,0,2,,
524,Nagpur Highway Project #524,Nagpur,Highway,231.9,86.3,105,85.0,11,7,32.9,96.3,707,0.405,127.0,0,10,,
525,Aurangabad Metro Project #525,Aurangabad,Metro,529.1,29.0,0,62.6,12,1,15.5,34.5,522,0.942,108.2,0,4,,
526,Nashik Highway Project #526,Nashik,Highway,872.4,66.2,116,23.2,0,14,57.7,95.2,16,0.156,55.3,0,11,,
527,Aurangabad Irrigation Project #527,Aurangabad,Irrigation,279.3,16.5,49,36.7,0,4,54.1,65.1,402,0.388,112.4,0,5,,
528,Mumbai Railway Project #528,Mumbai,Railway,124.6,85.3,18,53.4,3,2,10.6,82.9,10,0.257,157.1,0,13,,
529,Aurangabad Railway Project #529,Aurangabad,Railway,388.6,25.7,97,72.2,3,9,53.4,26.1,270,0.549,100.2,0,9,,
530,Aurangabad Metro Project #530,Aurangabad,Metro,760.3,16.4,58,31.8,10,8,56.8,55.0,56,0.736,109.1,1,65,,
531,Pune Railway Project #531,Pune,Railway,573.2,46.0,67,58.1,11,8,64.5,61.2,787,0.817,103.4,0,11,,
532,Pune Irrigation Project #532,Pune,Irrigation,826.0,61.9,106,71.6,9,5,97.3,45.4,11,0.515,78.0,0,6,,
533,Pune Highway Project #533,Pune,Highway,961.6,86.9,66,50.4,5,12,98.4,32.8,544,0.855,87.2,0,3,,
534,Aurangabad Metro Project #534,Aurangabad,Metro,803.0,97.7,40,87.7,4,3,57.4,91.4,368,0.785,124.9,0,0,,
535,Nagpur Irrigation Project #535,Nagpur,Irrigation,623.6,49.6,9,88.3,5,7,86.1,17.7,486,0.157,121.6,0,7,,
536,Aurangabad Railway Project #536,Aurangabad,Railway,518.7,15.4,27,52.4,9,4,17.7,23.9,431,0.245,104.7,0,9,,
537,Nagpur Railway Project #537,Nagpur,Railway,88.1,77.4,33,97.6,6,2,57.8,38.8,605,0.672,119.9,0,0,,
538,Nagpur Irrigation Project #538,Nagpur,Irrigation,985.1,60.9,38,16.8,6,12,71.1,92.8,213,0.975,128.3,1,177,,
539,Pune Highway Project #539,Pune,Highway,414.3,50.3,110,10.3,9,10,60.8,60.8,236,0.376,88.0,1,130,,
540,Nashik Highway Project #540,Nashik,Highway,194.6,37.8,82,44.3,9,13,30.8,43.6,773,0.23,76.0,1,145,,
541,Mumbai Metro Project #541,Mumbai,Metro,683.4,55.2,105,64.1,8,7,15.6,46.2,160,0.869,152.3,1,125,,
542,Pune Railway Project #542,Pune,Railway,320.1,40.5,55,66.6,5,15,44.8,85.4,256,0.2,93.2,0,12,,
543,Pune Irrigation Project #543,Pune,Irrigation,606.5,78.1,51,52.9,7,13,68.3,12.4,26,0.697,96.6,0,9,,
544,Nashik Highway Project #544,Nashik,Highway,607.4,59.0,109,21.2,1,13,99.3,11.0,313,0.034,67.1,0,14,,
545,Mumbai Metro Project #545,Mumbai,Metro,473.4,88.9,99,25.3,7,11,31.3,14.1,523,0.019,140.6,1,139,,
546,Aurangabad Railway Project #546,Aurangabad,Railway,844.3,58.9,120,86.7,8,5,92.6,52.2,206,0.452,114.7,0,11,,
547,Aurangabad Railway Project #547,Aurangabad,Railway,301.7,31.4,106,88.1,3,4,16.1,62.3,455,0.657,108.7,0,2,,
548,Pune Metro Project #548,Pune,Metro,476.2,86.6,2,70.7,4,0,93.8,66.2,350,0.142,85.5,0,8,,
549,Mumbai Metro Project #549,Mumbai,Metro,560.8,60.1,22,69.8,4,2,84.9,75.8,790,0.764,155.3,0,9,,
550,Pune Highway Project #550,Pune,Highway,680.4,28.6,16,63.8,1,6,11.9,27.1,70,0.129,102.8,0,10,,
551,Nagpur Irrigation Project #551,Nagpur,Irrigation,794.8,66.1,70,28.3,4,2,36.8,33.6,276,0.534,118.5,1,104,,
552,Pune Railway Project #552,Pune,Railway,425.1,42.2,25,48.5,8,0,14.6,31.9,106,0.308,90.1,1,45,,
553,Pune Irrigation Project #553,Pune,Irrigation,663.7,86.0,106,72.6,3,7,99.6,23.4,292,0.752,78.2,0,11,,
554,Aurangabad Railway Project #554,Aurangabad,Railway,193.1,50.8,17,58.4,9,6,48.5,32.0,256,0.804,107.8,1,143,,
555,Aurangabad Railway Project #555,Aurangabad,Railway,936.0,75.4,109,11.7,2,4,69.6,65.2,44,0.066,112.2,0,0,,
556,Aurangabad Irrigation Project #556,Aurangabad,Irrigation,413.9,18.6,45,95.8,6,11,31.1,43.0,795,0.193,109.8,0,6,,
557,Nagpur Metro Project #557,Nagpur,Metro,743.0,45.6,69,86.0,7,9,94.0,79.1,478,0.893,116.4,0,4,,
558,Aurangabad Highway Project #558,Aurangabad,Highway,69.3,98.5,30,33.4,12,4,34.7,58.3,77,0.416,117.3,1,97,,
559,Mumbai Railway Project #559,Mumbai,Railway,244.9,82.8,92,65.5,12,5,33.4,29.1,198,0.477,150.6,0,11,,
560,Nashik Metro Project #560,Nashik,Metro,512.7,24.4,8,93.1,9,6,38.3,52.1,50,0.168,95.9,0,3,,
561,Mumbai Railway Project #561,Mumbai,Railway,884.3,35.0,117,18.6,5,15,51.6,63.4,617,0.995,152.1,1,25,,
562,Mumbai Highway Project #562,Mumbai,Highway,550.9,39.7,34,55.3,5,12,11.7,88.0,692,0.923,122.5,1,18,,
563,Aurangabad Railway Project #563,Aurangabad,Railway,933.4,68.5,80,51.1,12,2,63.8,85.0,76,0.002,98.9,0,4,,
564,Nashik Highway Project #564,Nashik,Highway,509.6,78.1,59,46.9,4,10,12.8,48.4,317,0.551,75.3,1,55,,
565,Nashik Highway Project #565,Nashik,Highway,515.9,77.5,75,85.2,10,11,58.5,68.3,128,0.872,63.6,1,15,,
566,Nashik Railway Project #566,Nashik,Railway,163.8,55.9,62,44.3,5,13,51.2,36.8,692,0.431,64.2,1,23,,
567,Nagpur Railway Project #567,Nagpur,Railway,812.5,83.0,99,15.7,8,14,31.8,67.0,195,0.437,107.6,1,79,,
568,Aurangabad Highway Project #568,Aurangabad,Highway,284.6,49.3,51,15.9,1,11,39.7,92.2,79,0.379,105.2,0,10,,
569,Nashik Metro Project #569,Nashik,Metro,904.6,21.1,47,13.8,9,3,73.5,66.2,766,0.029,71.9,1,31,,
570,Nagpur Irrigation Project #570,Nagpur,Irrigation,915.3,60.8,60,46.8,10,0,10.9,37.3,680,0.79,123.9,1,81,,
571,Pune Highway Project #571,Pune,Highway,946.1,95.7,23,74.7,2,6,38.5,68.0,293,0.457,79.8,0,13,,
572,Pune Railway Project #572,Pune,Railway,544.2,81.4,73,28.3,0,9,71.2,91.2,628,0.531,98.1,0,11,,
573,Nagpur Railway Project #573,Nagpur,Railway,693.2,62.1,57,68.2,3,1,23.7,22.3,557,0.256,108.1,0,8,,
574,Nagpur Metro Project #574,Nagpur,Metro,789.6,68.2,63,71.8,1,6,60.4,53.4,357,0.784,124.4,0,4,,
575,Aurangabad Irrigation Project #575,Aurangabad,Irrigation,174.5,93.8,29,33.0,5,5,25.2,38.9,204,0.794,113.4,1,162,,
576,Aurangabad Highway Project #576,Aurangabad,Highway,620.9,48.6,28,64.1,12,3,23.9,31.7,789,0.553,100.7,0,14,,
577,Pune Highway Project #577,Pune,Highway,82.6,39.8,102,71.6,0,15,79.5,45.7,493,0.905,79.5,0,13,,
578,Nashik Irrigation Project #578,Nashik,Irrigation,522.7,98.0,9,52.0,7,10,34.0,45.5,597,0.116,73.8,0,2,,
579,Pune Highway Project #579,Pune,Highway,197.1,87.7,38,40.3,9,1,43.8,28.9,289,0.787,84.4,1,99,,
580,Nashik Irrigation Project #580,Nashik,Irrigation,223.8,39.1,54,65.7,5,15,75.7,46.3,357,0.559,68.1,0,1,,
581,Nashik Railway Project #581,Nashik,Railway,396.8,51.7,27,98.0,8,6,26.2,67.0,601,0.231,76.9,0,7,,
582,Aurangabad Irrigation Project #582,Aurangabad,Irrigation,460.8,47.4,17,48.4,11,15,57.9,12.3,487,0.132,114.8,1,37,,
583,Mumbai Highway Project #583,Mumbai,Highway,642.0,23.4,40,45.3,5,6,92.6,99.0,107,0.301,140.8,1,134,,
584,Mumbai Irrigation Project #584,Mumbai,Irrigation,120.7,96.2,117,51.8,9,4,59.8,36.6,291,0.856,149.5,0,8,,
585,Nagpur Metro Project #585,Nagpur,Metro,528.5,46.4,113,16.9,6,8,14.4,66.1,639,0.788,110.7,1,61,,
586,Aurangabad Railway Project #586,Aurangabad,Railway,223.5,88.8,80,59.8,4,2,63.1,35.5,428,0.645,118.7,0,11,,
587,Nashik Railway Project #587,Nashik,Railway,595.3,27.0,74,39.6,7,8,18.1,45.4,232,0.09,85.4,1,16,,
588,Mumbai Irrigation Project #588,Mumbai,Irrigation,655.5,59.3,64,20.9,7,4,35.4,59.4,261,0.955,141.5,1,120,,
589,Nashik Highway Project #589,Nashik,Highway,578.9,12.2,80,52.0,9,1,86.5,65.1,89,0.305,69.7,0,12,,
590,Mumbai Metro Project #590,Mumbai,Metro,751.4,78.8,99,10.3,8,8,11.0,79.3,691,0.607,159.2,1,122,,
591,Mumbai Railway Project #591,Mumbai,Railway,368.8,62.3,99,46.2,11,13,16.9,81.3,422,0.803,150.2,1,29,,
592,Mumbai Railway Project #592,Mumbai,Railway,776.9,66.3,45,19.5,5,0,42.7,56.7,678,0.133,155.6,1,46,,
593,Aurangabad Highway Project #593,Aurangabad,Highway,461.1,14.7,59,12.2,0,0,99.9,16.8,402,0.652,110.5,0,10,,
594,Pune Highway Project #594,Pune,Highway,510.0,29.0,8,84.2,8,15,36.3,60.2,343,0.032,79.4,0,8,,
595,Nashik Metro Project #595,Nashik,Metro,665.7,16.7,44,92.5,2,14,24.2,53.0,337,0.102,71.2,0,9,,
596,Aurangabad Irrigation Project #596,Aurangabad,Irrigation,67.4,36.0,59,28.7,8,12,59.4,29.4,11,0.723,121.3,1,29,,
597,Aurangabad Highway Project #597,Aurangabad,Highway,671.3,66.5,27,58.5,6,6,56.7,10.9,212,0.155,113.1,0,2,,
598,Aurangabad Irrigation Project #598,Aurangabad,Irrigation,637.7,61.0,111,35.0,11,2,50.5,38.4,267,0.444,126.2,1,120,,
599,Aurangabad Metro Project #599,Aurangabad,Metro,344.4,65.1,96,54.4,12,7,95.2,33.4,772,0.248,92.3,0,0,,
600,Aurangabad Irrigation Project #600,Aurangabad,Irrigation,131.5,59.4,2,49.3,2,6,35.2,53.5,376,0.421,113.8,0,14,,
601,Nagpur Railway Project #601,Nagpur,Railway,136.4,34.6,50,34.2,8,10,36.4,78.5,155,0.077,113.5,1,27,,
602,Nashik Irrigation Project #602,Nashik,Irrigation,927.1,32.0,7,73.0,6,12,22.6,49.5,387,0.755,61.2,0,6,,
603,Aurangabad Metro Project #603,Aurangabad,Metro,704.8,22.3,113,21.4,6,15,72.8,95.6,450,0.079,123.3,1,127,,
604,Nashik Metro Project #604,Nashik,Metro,170.7,86.4,69,14.8,6,6,38.9,29.9,464,0.838,67.4,1,158,,
605,Nagpur Metro Project #605,Nagpur,Metro,388.9,65.5,58,79.1,1,0,82.2,29.9,416,0.663,116.5,0,8,,
606,Nagpur Irrigation Project #606,Nagpur,Irrigation,612.9,26.8,115,69.9,10,15,97.5,64.4,796,0.417,123.4,0,13,,
607,Nashik Railway Project #607,Nashik,Railway,843.8,25.9,60,54.9,3,0,13.9,90.7,28,0.866,48.5,0,9,,
608,Mumbai Highway Project #608,Mumbai,Highway,91.5,88.6,57,52.1,9,11,99.4,70.5,442,0.186,163.5,0,14,,
609,Pune Railway Project #609,Pune,Railway,274.8,76.8,69,54.8,7,15,32.9,70.6,438,0.265,109.0,0,8,,
610,Mumbai Irrigation Project #610,Mumbai,Irrigation,895.3,69.3,92,49.3,11,13,47.8,82.6,261,0.137,159.2,1,26,,
611,Mumbai Irrigation Project #611,Mumbai,Irrigation,58.7,46.6,100,45.4,1,1,80.0,70.2,571,0.382,154.1,0,10,,
612,Mumbai Highway Project #612,Mumbai,Highway,241.3,33.6,11,55.0,12,1,69.9,78.3,658,0.987,147.8,0,6,,
613,Aurangabad Irrigation Project #613,Aurangabad,Irrigation,961.1,98.2,8,57.6,3,10,80.1,88.0,747,0.161,99.2,0,10,,
614,Nagpur Metro Project #614,Nagpur,Metro,632.7,81.8,104,72.3,9,4,52.0,10.7,230,0.831,131.9,0,13,,
615,Mumbai Metro Project #615,Mumbai,Metro,298.6,37.2,48,74.0,7,15,92.4,89.7,122,0.652,159.2,0,2,,
616,Nagpur Metro Project #616,Nagpur,Metro,113.6,86.3,82,44.0,11,8,81.1,29.4,158,0.016,124.5,1,105,,
617,Nashik Metro Project #617,Nashik,Metro,76.8,78.3,16,47.2,2,6,37.8,92.1,569,0.945,73.3,0,2,,
618,Pune Metro Project #618,Pune,Metro,282.5,36.7,53,43.6,11,13,95.4,34.0,67,0.971,93.0,1,44,,
619,Nashik Irrigation Project #619,Nashik,Irrigation,887.4,48.4,111,58.3,5,1,96.5,51.0,206,0.925,64.7,0,4,,
620,Nashik Highway Project #620,Nashik,Highway,445.1,26.7,43,50.8,11,4,47.4,94.0,746,0.502,95.0,0,8,,
621,Aurangabad Highway Project #621,Aurangabad,Highway,734.3,20.0,31,90.1,1,4,68.7,19.9,658,0.22,107.1,0,0,,
622,Pune Metro Project #622,Pune,Metro,922.4,75.0,34,72.7,7,7,83.3,77.1,716,0.391,85.7,0,0,,
623,Nashik Irrigation Project #623,Nashik,Irrigation,437.6,34.1,77,90.9,7,8,83.6,45.3,727,0.614,81.2,0,8,,
624,Nashik Railway Project #624,Nashik,Railway,231.7,83.8,48,73.8,11,15,11.3,12.2,27,0.379,69.7,1,29,,
625,Pune Railway Project #625,Pune,Railway,541.3,99.6,53,97.4,12,7,66.6,94.5,789,0.708,89.8,0,6,,
626,Pune Irrigation Project #626,Pune,Irrigation,912.7,16.9,15,67.2,0,13,97.6,20.6,224,0.796,104.1,0,10,,
627,Nashik Metro Project #627,Nashik,Metro,814.2,52.6,84,96.7,2,12,30.8,79.7,727,0.209,76.8,0,12,,
628,Pune Highway Project #628,Pune,Highway,112.5,82.2,11,24.2,1,1,81.6,44.6,645,0.405,97.3,0,13,,
629,Nashik Irrigation Project #629,Nashik,Irrigation,707.9,81.0,87,14.7,6,3,58.1,83.0,25,0.958,55.8,1,101,,
630,Nashik Railway Project #630,Nashik,Railway,593.3,78.4,97,62.1,6,1,29.9,77.5,686,0.25,74.0,0,14,,
631,Aurangabad Railway Project #631,Aurangabad,Railway,912.1,41.4,7,98.5,3,5,14.6,67.0,669,0.346,99.9,0,0,,
632,Mumbai Railway Project #632,Mumbai,Railway,166.4,50.8,107,47.6,11,3,78.4,94.5,797,0.036,145.5,1,121,,
633,Nashik Metro Project #633,Nashik,Metro,557.3,63.5,20,29.1,11,14,38.5,18.9,408,0.332,71.8,1,103,,
634,Nagpur Railway Project #634,Nagpur,Railway,885.5,97.7,47,56.9,7,6,43.8,81.9,242,0.371,119.6,0,5,,
635,Mumbai Irrigation Project #635,Mumbai,Irrigation,439.5,39.5,7,68.4,2,12,53.7,70.4,34,0.1,156.5,0,4,,
636,Mumbai Irrigation Project #636,Mumbai,Irrigation,507.9,93.1,27,38.4,8,1,55.6,38.3,410,0.001,157.7,1,52,,
637,Mumbai Railway Project #637,Mumbai,Railway,116.9,34.2,79,74.3,4,8,28.6,59.1,789,0.575,158.5,0,0,,
638,Aurangabad Irrigation Project #638,Aurangabad,Irrigation,314.2,99.0,9,97.8,12,13,70.4,68.0,374,0.302,96.6,0,8,,
639,Nashik Railway Project #639,Nashik,Railway,358.3,70.3,51,90.7,1,4,72.3,76.3,304,0.018,93.6,0,8,,
640,Aurangabad Railway Project #640,Aurangabad,Railway,947.9,51.7,14,36.2,8,0,22.8,26.8,446,0.86,109.8,1,169,,
641,Nashik Highway Project #641,Nashik,Highway,318.5,65.2,3,39.4,0,11,58.0,19.2,80,0.584,82.1,0,11,,
642,Aurangabad Metro Project #642,Aurangabad,Metro,487.8,34.5,89,43.4,10,14,64.8,19.2,721,0.171,84.9,1,59,,
643,Aurangabad Metro Project #643,Aurangabad,Metro,687.7,34.7,78,45.5,7,10,26.8,36.4,568,0.865,107.3,1,25,,
644,Nagpur Highway Project #644,Nagpur,Highway,204.1,20.2,99,19.0,5,2,90.5,23.9,34,0.254,105.4,1,38,,
645,Aurangabad Highway Project #645,Aurangabad,Highway,512.1,20.3,95,78.6,11,3,53.5,58.2,734,0.227,101.4,0,9,,
646,Pune Metro Project #646,Pune,Metro,751.6,41.3,61,42.9,0,2,20.4,49.3,383,0.895,90.5,0,3,,
647,Nagpur Railway Project #647,Nagpur,Railway,873.5,78.7,106,89.2,3,15,40.1,90.4,554,0.179,116.7,0,6,,
648,Aurangabad Railway Project #648,Aurangabad,Railway,644.9,64.7,101,93.4,2,5,52.9,74.6,467,0.879,123.1,0,7,,
649,Mumbai Metro Project #649,Mumbai,Metro,685.6,19.2,3,12.2,6,15,10.9,28.5,223,0.803,167.7,1,17,,
650,Pune Railway Project #650,Pune,Railway,170.0,86.7,40,99.0,6,12,12.9,14.1,220,0.31,80.3,0,2,,
651,Pune Highway Project #651,Pune,Highway,948.5,64.1,72,73.9,5,12,15.0,73.8,550,0.034,85.1,0,9,,
652,Pune Railway Project #652,Pune,Railway,175.9,96.5,98,56.8,9,5,58.4,86.1,780,0.083,79.7,0,4,,
653,Nagpur Railway Project #653,Nagpur,Railway,785.9,70.3,54,45.1,9,9,40.2,73.1,48,0.11,131.6,1,108,,
654,Aurangabad Irrigation Project #654,Aurangabad,Irrigation,301.6,25.8,27,56.7,11,12,90.4,67.9,269,0.891,111.6,0,5,,
655,Aurangabad Irrigation Project #655,Aurangabad,Irrigation,936.9,52.6,100,39.2,7,14,60.3,32.4,686,0.404,110.3,1,45,,
656,Mumbai Irrigation Project #656,Mumbai,Irrigation,734.0,68.4,46,66.0,6,10,78.4,54.5,104,0.033,153.1,0,2,,
657,Mumbai Railway Project #657,Mumbai,Railway,766.1,12.5,8,18.4,3,6,71.8,75.2,399,0.557,146.9,1,128,,
658,Pune Metro Project #658,Pune,Metro,258.1,11.3,1,65.9,6,13,56.8,27.4,229,0.208,81.4,0,9,,
659,Mumbai Highway Project #659,Mumbai,Highway,470.9,21.6,66,34.8,0,8,77.0,52.9,277,0.235,150.5,0,11,,
660,Nagpur Railway Project #660,Nagpur,Railway,636.9,32.6,116,11.6,2,15,59.0,20.5,503,0.161,117.3,0,6,,
661,Aurangabad Metro Project #661,Aurangabad,Metro,781.5,48.7,107,59.7,1,9,44.7,57.8,639,0.762,113.5,0,12,,
662,Pune Railway Project #662,Pune,Railway,148.8,53.9,47,62.1,6,8,49.2,61.6,75,0.001,73.7,0,5,,
663,Mumbai Highway Project #663,Mumbai,Highway,964.2,22.4,68,48.4,8,6,85.5,58.2,396,0.439,151.9,1,43,,
664,Nagpur Railway Project #664,Nagpur,Railway,895.7,70.6,73,16.5,4,10,60.7,52.3,202,0.087,113.1,1,114,,
665,Nagpur Highway Project #665,Nagpur,Highway,306.8,63.7,27,90.4,8,14,44.0,62.9,329,0.552,121.5,0,1,,
666,Mumbai Railway Project #666,Mumbai,Railway,831.6,36.5,78,65.0,11,0,26.2,99.7,556,0.346,159.1,0,12,,
667,Aurangabad Highway Project #667,Aurangabad,Highway,542.4,11.2,13,20.4,12,2,54.6,66.0,184,0.028,104.4,1,120,,
668,Mumbai Railway Project #668,Mumbai,Railway,488.7,17.0,45,56.0,7,4,32.7,77.7,121,0.461,162.0,0,3,,
669,Pune Highway Project #669,Pune,Highway,348.7,45.3,86,54.8,0,9,96.0,27.3,317,0.571,72.6,0,0,,
670,Mumbai Irrigation Project #670,Mumbai,Irrigation,601.9,23.9,12,15.4,10,11,54.2,57.7,349,0.248,165.4,1,135,,
671,Nagpur Railway Project #671,Nagpur,Railway,743.4,43.9,15,64.6,1,10,10.8,10.7,89,0.766,132.4,1,31,,
672,Mumbai Railway Project #672,Mumbai,Railway,440.4,66.5,93,82.7,5,5,18.4,12.8,487,0.371,141.1,0,4,,
673,Aurangabad Metro Project #673,Aurangabad,Metro,647.8,59.3,39,77.4,4,5,35.6,39.0,120,0.749,101.2,0,12,,
674,Nashik Metro Project #674,Nashik,Metro,714.3,30.8,71,28.3,10,4,18.3,52.0,496,0.579,55.1,1,37,,
675,Mumbai Highway Project #675,Mumbai,Highway,725.6,40.9,80,87.6,6,5,90.5,61.8,462,0.869,159.2,0,9,,
676,Aurangabad Railway Project #676,Aurangabad,Railway,99.4,65.3,29,40.8,8,8,86.9,89.9,422,0.547,106.7,1,92,,
677,Aurangabad Highway Project #677,Aurangabad,Highway,866.8,87.5,80,95.2,3,12,97.4,79.5,613,0.186,106.0,0,2,,
678,Nagpur Irrigation Project #678,Nagpur,Irrigation,485.3,77.8,98,16.5,7,13,73.6,37.0,195,0.823,108.8,1,21,,
679,Aurangabad Metro Project #679,Aurangabad,Metro,299.3,59.8,64,53.8,3,0,68.1,76.9,562,0.783,128.1,0,11,,
680,Aurangabad Highway Project #680,Aurangabad,Highway,279.7,42.6,112,63.7,2,0,93.1,59.4,96,0.972,100.3,0,8,,
681,Aurangabad Highway Project #681,Aurangabad,Highway,508.9,42.9,57,32.3,11,8,95.2,80.1,233,0.094,110.2,1,88,,
682,Aurangabad Metro Project #682,Aurangabad,Metro,892.5,89.1,87,79.4,1,13,89.0,47.0,60,0.591,112.2,0,5,,
683,Pune Railway Project #683,Pune,Railway,409.4,13.5,47,66.4,7,7,87.5,18.3,135,0.492,86.0,0,9,,
684,Pune Highway Project #684,Pune,Highway,762.2,98.9,48,11.6,10,8,70.5,65.7,155,0.671,84.0,1,115,,
685,Nagpur Metro Project #685,Nagpur,Metro,142.0,69.8,88,64.8,7,6,10.1,60.1,50,0.98,116.3,1,178,,
686,Mumbai Railway Project #686,Mumbai,Railway,502.3,71.3,1,54.2,10,9,48.7,95.8,364,0.532,155.7,0,10,,
687,Aurangabad Irrigation Project #687,Aurangabad,Irrigation,992.1,13.4,88,27.6,11,5,67.2,24.6,454,0.686,106.5,1,124,,
688,Mumbai Metro Project #688,Mumbai,Metro,781.9,64.5,13,99.6,2,8,59.2,69.1,372,0.347,166.3,0,13,,
689,Mumbai Highway Project #689,Mumbai,Highway,250.0,53.6,102,90.7,0,1,83.9,52.7,545,0.299,142.2,0,4,,
690,Nagpur Irrigation Project #690,Nagpur,Irrigation,526.4,19.5,120,36.3,12,14,83.7,44.1,293,0.335,127.5,1,163,,
691,Aurangabad Railway Project #691,Aurangabad,Railway,271.9,35.0,114,58.7,5,3,63.9,81.5,45,0.039,92.4,0,5,,
692,Aurangabad Railway Project #692,Aurangabad,Railway,439.1,90.1,96,38.5,4,1,12.0,83.0,286,0.285,102.2,1,103,,
693,Nashik Metro Project #693,Nashik,Metro,791.1,59.5,16,79.8,7,13,43.2,74.3,705,0.173,61.8,0,10,,
694,Mumbai Metro Project #694,Mumbai,Metro,782.7,47.2,30,93.7,5,5,30.6,17.5,334,0.457,139.0,0,10,,
695,Mumbai Metro Project #695,Mumbai,Metro,266.7,16.5,9,42.3,3,0,40.5,41.1,675,0.461,152.8,1,49,,
696,Pune Railway Project #696,Pune,Railway,926.1,74.3,69,82.5,9,6,65.6,14.2,191,0.765,88.9,0,6,,
697,Nashik Irrigation Project #697,Nashik,Irrigation,612.9,73.3,102,54.9,9,15,16.0,40.9,480,0.502,47.2,0,11,,
698,Pune Railway Project #698,Pune,Railway,410.9,65.3,88,45.7,11,6,12.0,68.3,426,0.463,110.0,1,82,,
699,Pune Highway Project #699,Pune,Highway,526.8,55.9,101,94.5,11,6,49.3,56.7,675,0.232,91.8,0,14,,
700,Pune Railway Project #700,Pune,Railway,624.8,49.0,36,55.9,10,13,81.4,73.3,159,0.852,90.0,0,10,,
701,Nagpur Highway Project #701,Nagpur,Highway,581.9,63.4,63,52.1,1,3,12.8,59.6,413,0.091,133.1,0,8,,
702,Nagpur Irrigation Project #702,Nagpur,Irrigation,512.1,31.0,29,70.5,7,14,86.4,60.0,523,0.982,129.9,0,8,,
703,Pune Metro Project #703,Pune,Metro,529.7,94.7,33,33.5,4,7,44.5,56.0,575,0.476,87.0,1,44,,
704,Nashik Metro Project #704,Nashik,Metro,217.6,63.0,17,39.2,11,4,20.6,42.8,450,0.186,50.5,1,177,,
705,Mumbai Railway Project #705,Mumbai,Railway,822.1,38.0,87,93.9,7,1,61.1,50.2,255,0.354,155.6,0,4,,
706,Nashik Metro Project #706,Nashik,Metro,564.7,50.5,62,71.1,4,4,95.7,20.1,55,0.015,60.4,0,9,,
707,Aurangabad Irrigation Project #707,Aurangabad,Irrigation,174.5,82.5,48,84.4,5,11,58.8,85.1,84,0.167,122.4,0,8,,
708,Nagpur Metro Project #708,Nagpur,Metro,777.8,24.5,55,34.4,12,9,71.8,90.0,158,0.335,112.2,1,69,,
709,Mumbai Railway Project #709,Mumbai,Railway,935.8,36.4,90,58.9,9,8,83.5,79.0,415,0.554,145.5,0,8,,
710,Mumbai Irrigation Project #710,Mumbai,Irrigation,949.9,71.2,57,97.4,4,9,81.9,62.5,12,0.129,136.6,0,2,,
711,Aurangabad Highway Project #711,Aurangabad,Highway,400.6,38.4,26,38.7,10,0,16.6,61.2,18,0.676,97.4,1,121,,
712,Aurangabad Railway Project #712,Aurangabad,Railway,178.7,81.3,54,24.4,2,10,76.7,52.3,523,0.844,108.9,0,4,,
713,Pune Highway Project #713,Pune,Highway,542.5,21.7,102,56.0,9,1,95.5,30.8,247,0.572,88.0,0,0,,
714,Nagpur Irrigation Project #714,Nagpur,Irrigation,157.0,78.6,84,44.9,7,15,73.1,44.5,549,0.297,115.2,1,171,,
715,Nagpur Railway Project #715,Nagpur,Railway,937.3,16.2,18,24.4,2,9,85.3,99.1,299,0.121,140.5,0,13,,
716,Nashik Railway Project #716,Nashik,Railway,224.4,11.1,102,90.0,3,7,53.7,23.1,190,0.016,76.0,0,6,,
717,Pune Irrigation Project #717,Pune,Irrigation,290.1,90.8,22,99.2,5,12,38.7,58.8,324,0.732,90.1,0,1,,
718,Pune Metro Project #718,Pune,Metro,436.3,62.3,102,61.2,1,4,70.9,88.0,275,0.628,62.4,0,9,,
719,Pune Railway Project #719,Pune,Railway,414.0,41.7,111,79.7,6,11,54.3,50.8,92,0.476,98.3,0,9,,
720,Pune Railway Project #720,Pune,Railway,804.9,30.9,107,87.3,4,8,90.6,64.5,774,0.102,119.9,0,5,,
721,Nagpur Highway Project #721,Nagpur,Highway,483.5,65.5,46,73.1,11,5,97.7,84.5,267,0.207,118.1,0,9,,
722,Nagpur Metro Project #722,Nagpur,Metro,212.2,55.8,78,14.0,9,12,83.8,59.3,569,0.815,111.9,1,148,,
723,Pune Highway Project #723,Pune,Highway,303.8,99.2,106,24.2,12,15,99.3,75.8,655,0.48,91.6,1,179,,
724,Nashik Highway Project #724,Nashik,Highway,533.7,98.5,65,16.4,4,7,41.4,41.3,208,0.963,55.7,1,151,,
725,Mumbai Metro Project #725,Mumbai,Metro,190.1,67.2,98,10.9,4,14,90.6,76.0,301,1.0,154.6,1,17,,
726,Mumbai Metro Project #726,Mumbai,Metro,631.1,49.9,50,37.5,12,11,39.7,13.7,657,0.801,165.0,1,107,,
727,Nashik Irrigation Project #727,Nashik,Irrigation,587.5,54.2,83,45.3,12,0,20.6,23.8,92,0.258,63.3,1,131,,
728,Pune Metro Project #728,Pune,Metro,729.0,71.4,27,31.7,1,15,65.9,67.4,275,0.231,83.6,0,9,,
729,Nagpur Railway Project #729,Nagpur,Railway,940.8,19.1,56,15.8,10,8,50.9,50.4,426,0.254,119.2,1,31,,
730,Mumbai Metro Project #730,Mumbai,Metro,916.6,39.6,57,57.7,12,8,93.0,84.6,740,0.987,145.0,0,14,,
731,Aurangabad Irrigation Project #731,Aurangabad,Irrigation,948.8,16.8,14,34.6,11,2,54.3,40.8,28,0.335,94.9,1,122,,
732,Aurangabad Irrigation Project #732,Aurangabad,Irrigation,282.5,16.6,15,81.6,9,0,93.5,79.0,539,0.706,106.1,0,14,,
733,Nashik Irrigation Project #733,Nashik,Irrigation,175.0,27.6,96,10.7,8,7,17.1,22.5,380,0.959,64.1,1,25,,
734,Pune Metro Project #734,Pune,Metro,337.2,53.7,46,85.8,2,7,84.7,93.7,700,0.82,103.7,0,11,,
735,Mumbai Metro Project #735,Mumbai,Metro,900.3,80.6,62,95.9,11,11,78.3,47.7,32,0.598,161.6,0,8,,
736,Pune Highway Project #736,Pune,Highway,973.5,53.7,11,74.5,6,8,74.8,30.8,394,0.169,104.0,0,14,,
737,Mumbai Highway Project #737,Mumbai,Highway,866.4,40.2,102,76.0,4,15,42.0,81.0,765,0.175,158.0,0,8,,
738,Nashik Railway Project #738,Nashik,Railway,154.5,17.4,102,94.0,9,13,80.5,95.3,628,0.492,72.1,0,1,,
739,Nashik Highway Project #739,Nashik,Highway,950.1,59.5,42,28.8,9,5,53.5,92.6,652,0.952,61.3,1,65,,
740,Aurangabad Railway Project #740,Aurangabad,Railway,452.2,34.4,83,99.5,4,15,74.4,31.4,531,0.904,123.3,1,87,,
741,Pune Irrigation Project #741,Pune,Irrigation,58.8,65.3,28,79.6,3,8,59.7,70.5,388,0.166,93.5,0,9,,
742,Aurangabad Highway Project #742,Aurangabad,Highway,470.3,97.9,106,75.4,9,11,24.2,59.2,720,0.288,97.5,0,7,,
743,Pune Metro Project #743,Pune,Metro,93.8,20.0,48,42.5,5,9,15.8,75.3,99,0.589,80.9,1,71,,
744,Aurangabad Highway Project #744,Aurangabad,Highway,566.7,29.1,2,59.1,6,8,43.0,53.8,153,0.477,97.4,0,4,,
745,Nagpur Railway Project #745,Nagpur,Railway,371.6,52.6,111,68.9,6,11,94.0,52.3,630,0.119,99.5,0,12,,
746,Nagpur Highway Project #746,Nagpur,Highway,499.8,97.2,68,65.8,10,12,57.7,89.4,213,0.369,123.9,0,4,,
747,Nagpur Irrigation Project #747,Nagpur,Irrigation,632.5,79.5,59,73.4,11,3,82.2,88.4,565,0.955,107.6,0,10,,
748,Nagpur Metro Project #748,Nagpur,Metro,875.4,90.8,65,17.4,7,10,61.8,80.9,529,0.951,112.4,1,96,,
749,Mumbai Railway Project #749,Mumbai,Railway,678.8,40.0,86,42.0,4,4,96.2,73.4,401,0.559,150.4,1,150,,
750,Nagpur Metro Project #750,Nagpur,Metro,462.3,99.3,89,49.1,6,5,43.3,71.1,310,0.635,118.1,1,108,,
751,Nashik Metro Project #751,Nashik,Metro,828.5,19.3,25,33.5,11,5,15.1,15.1,514,0.222,62.9,1,93,,
752,Nashik Railway Project #752,Nashik,Railway,910.3,14.8,70,25.5,3,9,80.3,77.5,162,0.742,85.2,1,24,,
753,Mumbai Metro Project #753,Mumbai,Metro,163.8,87.0,73,22.5,8,1,73.5,67.4,538,0.052,134.7,1,124,,
754,Nagpur Metro Project #754,Nagpur,Metro,555.3,93.5,68,43.0,4,3,57.5,37.2,348,0.221,105.2,1,120,,
755,Nagpur Highway Project #755,Nagpur,Highway,320.3,18.2,46,54.4,2,11,39.4,83.8,758,0.006,124.6,0,1,,
756,Nagpur Metro Project #756,Nagpur,Metro,94.7,20.2,75,15.7,4,8,26.9,84.9,521,0.386,113.7,1,164,,
757,Aurangabad Metro Project #757,Aurangabad,Metro,685.1,13.0,95,95.2,8,14,53.4,93.9,344,0.85,103.3,0,13,,
758,Pune Metro Project #758,Pune,Metro,869.6,19.4,41,78.9,12,6,70.0,47.7,518,0.983,79.2,0,1,,
759,Aurangabad Metro Project #759,Aurangabad,Metro,204.8,28.8,30,75.8,12,8,62.1,59.6,65,0.668,113.4,0,5,,
760,Pune Railway Project #760,Pune,Railway,821.8,97.3,21,25.6,10,5,49.4,91.5,565,0.745,92.3,1,83,,
761,Nagpur Irrigation Project #761,Nagpur,Irrigation,860.7,70.1,16,64.3,7,10,58.6,38.5,762,0.263,121.2,0,3,,
762,Nagpur Highway Project #762,Nagpur,Highway,918.6,80.1,83,57.7,0,6,19.7,81.7,560,0.52,114.2,0,4,,
763,Aurangabad Metro Project #763,Aurangabad,Metro,302.0,79.9,19,98.4,4,8,72.6,99.3,139,0.737,102.5,0,0,,
764,Aurangabad Metro Project #764,Aurangabad,Metro,908.8,58.2,106,77.3,5,13,76.1,68.7,107,0.497,108.4,0,12,,
765,Pune Railway Project #765,Pune,Railway,354.6,81.8,7,61.8,12,11,11.0,98.5,431,0.089,99.7,0,0,,
766,Nashik Irrigation Project #766,Nashik,Irrigation,574.7,63.6,110,86.6,9,15,34.3,56.4,89,0.741,85.7,1,61,,
767,Pune Metro Project #767,Pune,Metro,98.0,38.3,97,24.0,12,14,18.3,23.8,297,0.22,101.1,1,41,,
768,Aurangabad Railway Project #768,Aurangabad,Railway,91.7,60.5,48,11.4,10,3,99.8,25.8,755,0.098,115.1,1,160,,
769,Aurangabad Highway Project #769,Aurangabad,Highway,734.4,58.0,86,72.1,1,8,63.4,75.8,178,0.478,119.8,0,10,,
770,Mumbai Highway Project #770,Mumbai,Highway,472.3,84.1,37,18.8,5,14,51.9,10.1,88,0.075,138.2,1,101,,
771,Aurangabad Metro Project #771,Aurangabad,Metro,293.5,98.4,52,20.4,8,2,51.7,69.6,80,0.629,102.9,1,135,,
772,Mumbai Metro Project #772,Mumbai,Metro,230.9,47.0,27,77.0,3,13,96.8,23.6,272,0.64,155.2,0,9,,
773,Nashik Irrigation Project #773,Nashik,Irrigation,686.5,78.7,76,34.3,2,11,69.4,98.6,721,0.257,68.8,0,6,,
774,Pune Irrigation Project #774,Pune,Irrigation,50.4,19.0,28,66.6,8,13,25.2,24.7,732,0.965,93.4,1,153,,
775,Pune Metro Project #775,Pune,Metro,815.6,79.9,71,92.6,1,10,50.3,59.7,539,0.824,99.8,0,2,,
776,Mumbai Railway Project #776,Mumbai,Railway,125.3,43.4,10,38.5,11,11,79.7,70.3,794,0.11,158.2,1,155,,
777,Pune Irrigation Project #777,Pune,Irrigation,231.9,13.5,46,29.5,8,13,48.1,83.8,219,0.749,79.1,1,148,,
778,Aurangabad Metro Project #778,Aurangabad,Metro,416.9,42.7,44,19.6,10,7,37.9,51.3,126,0.353,110.1,1,26,,
779,Nagpur Irrigation Project #779,Nagpur,Irrigation,510.6,65.0,17,21.7,9,2,99.2,94.0,625,0.75,110.8,1,57,,
780,Mumbai Metro Project #780,Mumbai,Metro,387.2,20.7,49,15.6,10,2,94.2,53.2,86,0.801,142.2,1,86,,
781,Pune Highway Project #781,Pune,Highway,354.7,93.2,88,17.9,10,2,94.7,32.7,324,0.151,72.9,1,87,,
782,Mumbai Metro Project #782,Mumbai,Metro,965.7,17.0,48,48.9,1,8,21.9,63.4,20,0.662,151.3,0,3,,
783,Mumbai Highway Project #783,Mumbai,Highway,659.5,93.7,21,38.9,12,9,31.1,69.2,60,0.863,132.2,1,179,,
784,Nagpur Irrigation Project #784,Nagpur,Irrigation,72.3,73.6,44,73.6,10,13,49.8,55.7,16,0.323,123.9,0,9,,
785,Aurangabad Metro Project #785,Aurangabad,Metro,458.7,39.7,60,88.3,9,2,84.9,76.0,558,0.08,123.6,0,12,,
786,Mumbai Irrigation Project #786,Mumbai,Irrigation,881.3,45.2,98,80.6,2,5,76.3,47.9,270,0.027,155.3,0,6,,
787,Pune Highway Project #787,Pune,Highway,336.4,76.7,92,57.8,12,10,86.5,10.4,583,0.11,90.5,0,0,,
788,Nashik Metro Project #788,Nashik,Metro,139.8,64.1,20,19.2,6,13,92.9,33.8,521,0.004,85.3,1,45,,
789,Mumbai Irrigation Project #789,Mumbai,Irrigation,770.5,70.4,119,73.9,1,3,80.3,95.1,209,0.327,153.3,0,11,,
790,Mumbai Highway Project #790,Mumbai,Highway,625.7,45.0,70,42.7,0,13,33.6,78.7,339,0.299,141.4,0,4,,
791,Nagpur Irrigation Project #791,Nagpur,Irrigation,591.8,53.9,60,17.7,8,14,35.7,27.1,99,0.11,121.3,1,69,,
792,Aurangabad Railway Project #792,Aurangabad,Railway,100.9,99.1,75,85.8,5,1,41.7,16.0,600,0.651,129.6,1,54,,
793,Nashik Highway Project #793,Nashik,Highway,183.5,29.3,35,40.4,8,11,37.3,41.6,64,0.992,59.1,1,171,,
794,Pune Highway Project #794,Pune,Highway,641.4,47.6,23,29.6,11,15,32.4,85.3,230,0.901,76.2,1,153,,
795,Nashik Highway Project #795,Nashik,Highway,247.4,36.3,31,88.4,2,11,77.7,19.5,101,0.253,76.1,0,6,,
796,Pune Metro Project #796,Pune,Metro,528.9,78.9,90,91.2,2,2,13.1,58.9,595,0.77,87.8,0,14,,
797,Aurangabad Metro Project #797,Aurangabad,Metro,567.6,78.8,95,40.5,9,4,75.6,34.8,65,0.937,104.7,1,34,,
798,Pune Metro Project #798,Pune,Metro,319.3,36.3,58,41.9,11,14,84.1,75.4,753,0.906,77.4,1,110,,
799,Nagpur Railway Project #799,Nagpur,Railway,951.0,17.3,95,62.2,2,15,15.9,10.0,188,0.885,100.5,1,99,,
800,Nagpur Railway Project #800,Nagpur,Railway,850.3,11.0,95,76.0,1,9,15.6,34.9,70,0.786,105.4,1,115,,
801,Nagpur Highway Project #801,Nagpur,Highway,736.3,48.5,89,15.7,12,3,35.7,71.1,126,0.293,136.1,1,41,,
802,Nagpur Railway Project #802,Nagpur,Railway,124.1,46.9,74,63.4,10,4,28.7,59.2,599,0.084,119.9,0,5,,
803,Nashik Irrigation Project #803,Nashik,Irrigation,150.8,99.0,109,95.8,5,12,62.3,80.1,245,0.488,50.4,0,2,,
804,Aurangabad Highway Project #804,Aurangabad,Highway,518.1,52.3,81,33.6,2,11,70.8,24.2,42,0.055,121.8,0,13,,
805,Pune Highway Project #805,Pune,Highway,202.7,33.1,102,91.8,4,10,67.1,57.8,576,0.998,102.3,0,11,,
806,Pune Irrigation Project #806,Pune,Irrigation,979.4,90.2,4,95.5,12,0,42.2,27.6,252,0.358,102.3,0,1,,
807,Nagpur Highway Project #807,Nagpur,Highway,200.6,54.2,15,34.2,10,3,54.9,67.5,795,0.958,115.8,1,178,,
808,Nagpur Railway Project #808,Nagpur,Railway,513.1,63.9,10,77.9,4,10,67.6,21.8,83,0.773,117.3,0,10,,
809,Mumbai Metro Project #809,Mumbai,Metro,395.9,18.6,117,31.5,9,9,20.7,23.4,30,0.411,151.4,1,121,,
810,Aurangabad Irrigation Project #810,Aurangabad,Irrigation,657.4,44.5,34,76.4,2,2,30.7,39.5,722,0.118,124.0,0,3,,
811,Nashik Railway Project #811,Nashik,Railway,172.6,95.0,111,81.8,2,12,90.1,46.2,163,0.237,64.5,0,12,,
812,Pune Irrigation Project #812,Pune,Irrigation,458.8,63.1,74,32.2,0,14,40.8,54.9,263,0.673,82.5,1,56,,
813,Mumbai Irrigation Project #813,Mumbai,Irrigation,311.0,41.0,41,74.4,5,14,82.1,62.3,216,0.83,157.0,0,3,,
814,Mumbai Highway Project #814,Mumbai,Highway,893.4,66.3,86,83.1,2,1,32.6,52.2,158,0.979,162.1,1,84,,
815,Pune Highway Project #815,Pune,Highway,88.6,91.9,118,42.3,0,15,13.7,14.1,704,0.132,89.5,0,5,,
816,Nashik Railway Project #816,Nashik,Railway,918.0,34.7,97,25.1,12,6,55.0,40.9,311,0.156,76.7,1,50,,
817,Mumbai Irrigation Project #817,Mumbai,Irrigation,841.3,55.5,111,18.3,12,9,90.3,15.5,306,0.042,151.1,1,89,,
818,Mumbai Highway Project #818,Mumbai,Highway,332.7,96.3,80,61.8,9,8,83.7,20.6,500,0.26,147.5,0,13,,
819,Aurangabad Highway Project #819,Aurangabad,Highway,799.8,25.5,9,98.0,8,15,32.8,18.4,782,0.821,101.7,0,4,,
820,Nashik Irrigation Project #820,Nashik,Irrigation,79.7,74.8,81,84.1,10,0,91.9,24.2,53,0.198,58.5,0,8,,
821,Mumbai Railway Project #821,Mumbai,Railway,968.5,65.3,107,49.2,0,11,53.2,83.2,153,0.548,143.9,0,14,,
822,Nashik Railway Project #822,Nashik,Railway,550.3,71.2,7,58.3,4,6,14.4,66.5,253,0.446,60.2,0,8,,
823,Pune Irrigation Project #823,Pune,Irrigation,338.1,41.6,25,35.2,4,10,12.5,55.6,428,0.326,92.8,1,171,,
824,Nagpur Railway Project #824,Nagpur,Railway,394.5,38.2,2,24.7,1,11,53.7,75.9,526,0.618,132.2,0,6,,
825,Mumbai Highway Project #825,Mumbai,Highway,113.1,71.6,58,53.4,12,0,59.2,96.5,71,0.502,152.0,0,12,,
826,Aurangabad Irrigation Project #826,Aurangabad,Irrigation,989.9,29.4,115,51.7,0,4,17.2,47.6,547,0.335,100.8,0,14,,
827,Pune Highway Project #827,Pune,Highway,87.3,47.8,87,57.0,5,0,93.0,43.1,326,0.689,98.6,0,9,,
828,Nashik Metro Project #828,Nashik,Metro,672.2,26.9,2,95.8,6,2,74.6,98.0,444,0.28,73.0,0,8,,
829,Pune Metro Project #829,Pune,Metro,470.6,10.7,37,64.4,10,15,82.1,79.4,705,0.643,94.9,0,12,,
830,Mumbai Railway Project #830,Mumbai,Railway,951.5,97.3,1,64.5,10,7,62.6,79.9,390,0.957,144.8,0,11,,
831,Nashik Metro Project #831,Nashik,Metro,283.7,48.9,98,21.5,8,12,69.7,64.0,45,0.729,81.3,1,160,,
832,Nagpur Highway Project #832,Nagpur,Highway,555.5,97.2,16,99.7,7,14,44.9,55.6,551,0.418,131.3,0,7,,
833,Pune Metro Project #833,Pune,Metro,508.2,22.6,72,79.6,9,3,71.1,59.6,590,0.748,88.2,0,14,,
834,Mumbai Highway Project #834,Mumbai,Highway,717.7,62.9,35,88.9,2,11,98.0,68.7,241,0.809,157.2,0,4,,
835,Aurangabad Railway Project #835,Aurangabad,Railway,114.6,28.1,85,47.3,8,0,68.3,43.9,697,0.326,121.0,1,17,,
836,Nashik Railway Project #836,Nashik,Railway,234.1,81.1,94,55.2,0,0,40.7,80.4,799,0.705,65.3,0,7,,
837,Pune Highway Project #837,Pune,Highway,253.8,80.5,118,57.0,12,7,35.7,91.8,42,0.434,89.2,0,6,,
838,Pune Metro Project #838,Pune,Metro,751.2,20.1,97,27.5,5,14,96.7,61.4,590,0.819,90.8,1,151,,
839,Nagpur Railway Project #839,Nagpur,Railway,229.7,92.1,87,72.1,12,13,26.7,44.3,361,0.295,109.0,0,8,,
840,Nagpur Irrigation Project #840,Nagpur,Irrigation,594.8,27.5,72,91.3,9,7,82.6,72.6,264,0.938,124.4,0,6,,
841,Aurangabad Railway Project #841,Aurangabad,Railway,254.5,65.2,109,24.7,1,3,51.9,26.4,59,0.575,120.2,0,8,,
842,Aurangabad Metro Project #842,Aurangabad,Metro,868.5,98.7,106,17.8,9,14,49.9,97.2,32,0.353,108.6,1,35,,
843,Mumbai Irrigation Project #843,Mumbai,Irrigation,945.1,89.4,1,76.4,8,3,77.3,69.2,263,0.419,153.4,0,1,,
844,Mumbai Metro Project #844,Mumbai,Metro,542.6,96.1,84,34.6,8,9,23.3,16.1,403,0.348,164.0,1,37,,
845,Aurangabad Highway Project #845,Aurangabad,Highway,384.7,40.8,33,66.1,7,10,52.0,57.7,685,0.146,105.9,0,5,,
846,Aurangabad Irrigation Project #846,Aurangabad,Irrigation,272.4,19.5,26,72.6,12,1,13.2,77.5,282,0.068,113.6,0,5,,
847,Nashik Metro Project #847,Nashik,Metro,97.3,27.0,36,39.0,10,1,70.3,35.0,702,0.322,64.3,1,51,,
848,Nagpur Irrigation Project #848,Nagpur,Irrigation,305.1,55.0,70,83.4,6,11,15.3,14.6,259,0.459,114.0,0,1,,
849,Mumbai Metro Project #849,Mumbai,Metro,671.5,81.4,21,59.5,5,5,17.9,54.0,246,0.362,153.4,0,11,,
850,Nagpur Irrigation Project #850,Nagpur,Irrigation,556.9,23.5,67,88.2,1,15,86.0,85.0,241,0.014,122.4,0,0,,
851,Nagpur Metro Project #851,Nagpur,Metro,946.8,69.4,13,78.7,3,7,49.9,32.6,437,0.579,125.6,0,10,,
852,Aurangabad Highway Project #852,Aurangabad,Highway,426.5,39.1,97,88.2,9,6,28.1,74.5,643,0.145,110.8,0,11,,
853,Nashik Irrigation Project #853,Nashik,Irrigation,709.2,40.7,22,11.8,6,6,63.3,46.7,251,0.211,74.7,1,107,,
854,Pune Irrigation Project #854,Pune,Irrigation,514.9,69.6,43,31.9,12,2,56.7,15.4,143,0.121,106.7,1,172,,
855,Nashik Irrigation Project #855,Nashik,Irrigation,536.9,52.0,105,18.1,5,11,47.0,37.4,80,0.52,80.6,1,85,,
856,Nashik Irrigation Project #856,Nashik,Irrigation,304.4,83.1,88,49.8,8,1,91.5,38.3,474,0.095,73.4,1,132,,
857,Nagpur Highway Project #857,Nagpur,Highway,482.2,24.0,64,90.1,12,9,77.5,91.4,430,0.256,125.0,0,8,,
858,Nashik Irrigation Project #858,Nashik,Irrigation,497.2,81.1,114,52.1,12,6,23.6,98.4,319,0.452,67.0,0,2,,
859,Mumbai Railway Project #859,Mumbai,Railway,721.3,15.8,118,86.5,4,14,61.4,28.9,288,0.168,148.4,0,11,,
860,Nagpur Highway Project #860,Nagpur,Highway,943.6,27.5,111,39.4,11,3,18.0,48.7,228,0.446,124.9,1,71,,
861,Mumbai Railway Project #861,Mumbai,Railway,362.9,69.1,78,40.6,11,0,32.0,97.9,706,0.343,150.9,1,174,,
862,Pune Irrigation Project #862,Pune,Irrigation,90.1,86.9,95,90.6,5,0,91.9,46.7,316,0.861,97.9,0,11,,
863,Nagpur Metro Project #863,Nagpur,Metro,521.5,32.7,77,48.3,9,3,51.6,41.4,323,0.795,132.7,1,78,,
864,Pune Railway Project #864,Pune,Railway,567.2,39.4,104,81.1,5,4,90.3,19.9,412,0.993,89.0,0,5,,
865,Nagpur Irrigation Project #865,Nagpur,Irrigation,210.0,58.3,60,31.3,7,4,24.9,77.8,738,0.529,99.9,1,179,,
866,Aurangabad Railway Project #866,Aurangabad,Railway,772.4,29.0,84,95.4,7,0,28.5,50.2,497,0.575,130.3,0,8,,
867,Nashik Irrigation Project #867,Nashik,Irrigation,985.7,83.0,54,61.7,5,2,41.8,67.5,414,0.947,63.5,0,2,,
868,Aurangabad Irrigation Project #868,Aurangabad,Irrigation,948.5,79.6,110,78.3,7,5,43.0,55.9,388,0.4,112.0,0,7,,
869,Pune Irrigation Project #869,Pune,Irrigation,237.3,23.1,70,18.1,6,9,77.1,25.7,290,0.556,97.3,1,78,,
870,Nashik Metro Project #870,Nashik,Metro,881.6,51.7,99,54.3,0,6,63.9,25.9,646,0.379,84.1,0,1,,
871,Nagpur Railway Project #871,Nagpur,Railway,719.3,79.7,84,91.1,4,10,59.8,94.6,700,0.546,138.1,0,3,,
872,Nashik Highway Project #872,Nashik,Highway,481.2,40.4,49,88.9,10,14,64.2,90.1,336,0.081,66.4,0,3,,
873,Mumbai Highway Project #873,Mumbai,Highway,563.6,67.0,103,14.2,9,0,75.9,65.0,44,0.784,161.9,1,151,,
874,Nashik Highway Project #874,Nashik,Highway,857.1,14.5,11,37.3,9,7,90.4,10.1,79,0.985,72.0,1,160,,
875,Mumbai Highway Project #875,Mumbai,Highway,506.1,64.8,78,49.9,12,3,47.3,49.0,369,0.066,177.4,1,134,,
876,Nashik Irrigation Project #876,Nashik,Irrigation,404.5,23.7,14,25.5,9,12,82.3,57.7,699,0.801,81.0,1,83,,
877,Mumbai Railway Project #877,Mumbai,Railway,518.6,84.8,16,75.7,4,8,54.6,50.4,417,0.242,148.2,0,6,,
878,Pune Railway Project #878,Pune,Railway,600.2,42.0,33,26.6,9,10,75.0,93.3,570,0.198,82.1,1,158,,
879,Aurangabad Metro Project #879,Aurangabad,Metro,229.6,35.3,107,41.2,8,10,88.7,13.7,589,0.693,83.7,1,135,,
880,Nagpur Railway Project #880,Nagpur,Railway,905.9,85.7,34,69.7,6,5,12.9,68.9,528,0.044,126.7,0,0,,
881,Nashik Railway Project #881,Nashik,Railway,690.5,14.5,38,53.4,6,14,59.2,38.2,615,0.463,80.1,0,10,,
882,Aurangabad Railway Project #882,Aurangabad,Railway,651.6,45.7,101,76.5,9,0,99.0,60.4,393,0.001,117.5,0,1,,
883,Nagpur Metro Project #883,Nagpur,Metro,144.5,43.3,77,96.5,1,1,54.7,69.0,90,0.554,96.5,0,1,,
884,Nagpur Highway Project #884,Nagpur,Highway,624.0,35.6,54,20.5,7,2,87.8,49.7,447,0.462,107.4,1,115,,
885,Mumbai Railway Project #885,Mumbai,Railway,164.9,92.1,58,73.9,2,1,26.7,23.4,259,0.915,154.8,0,2,,
886,Pune Metro Project #886,Pune,Metro,124.8,77.6,4,30.7,8,9,64.4,56.7,47,0.72,107.9,1,90,,
887,Pune Metro Project #887,Pune,Metro,550.9,15.8,29,47.3,5,6,88.3,94.0,54,0.126,89.4,1,169,,
888,Aurangabad Irrigation Project #888,Aurangabad,Irrigation,432.6,74.3,3,13.0,8,11,48.8,58.2,368,0.355,120.9,1,176,,
889,Pune Metro Project #889,Pune,Metro,609.4,57.5,14,22.2,8,0,53.8,21.1,146,0.932,79.7,1,18,,
890,Nashik Highway Project #890,Nashik,Highway,134.8,91.1,102,38.8,6,8,17.4,84.2,470,0.725,72.1,1,65,,
891,Pune Railway Project #891,Pune,Railway,459.4,38.2,34,40.8,9,1,13.8,30.0,376,0.594,87.3,1,144,,
892,Aurangabad Metro Project #892,Aurangabad,Metro,216.0,61.7,108,91.0,11,3,52.2,43.3,314,0.559,121.9,0,13,,
893,Pune Highway Project #893,Pune,Highway,987.7,55.1,73,76.8,7,7,85.9,48.6,238,0.398,84.6,0,0,,
894,Nashik Metro Project #894,Nashik,Metro,583.1,54.1,54,97.5,1,10,93.8,40.6,192,0.585,86.8,0,3,,
895,Mumbai Metro Project #895,Mumbai,Metro,703.1,51.0,65,63.9,4,2,69.3,46.4,476,0.772,146.9,0,10,,
896,Aurangabad Metro Project #896,Aurangabad,Metro,359.1,28.5,107,31.8,2,8,84.4,81.6,213,0.128,99.3,0,1,,
897,Mumbai Metro Project #897,Mumbai,Metro,140.0,78.0,59,39.5,0,6,76.1,30.1,632,0.97,139.6,0,7,,
898,Mumbai Metro Project #898,Mumbai,Metro,977.1,50.6,23,38.8,12,14,73.1,52.3,77,0.239,143.8,1,114,,
899,Mumbai Highway Project #899,Mumbai,Highway,321.9,96.3,91,39.4,5,9,79.2,11.8,559,0.448,153.7,1,160,,
900,Nagpur Railway Project #900,Nagpur,Railway,452.6,33.5,21,70.6,12,11,55.5,55.7,719,0.023,113.9,0,14,,
901,Nagpur Railway Project #901,Nagpur,Railway,667.4,71.4,43,57.8,11,11,51.2,20.1,314,0.55,111.8,1,34,,
902,Mumbai Railway Project #902,Mumbai,Railway,73.5,94.7,31,44.7,8,2,24.3,35.4,613,0.382,158.9,1,59,,
903,Aurangabad Railway Project #903,Aurangabad,Railway,819.7,69.7,94,23.4,1,2,85.9,39.2,785,0.25,77.9,0,13,,
904,Nashik Highway Project #904,Nashik,Highway,559.7,88.4,82,12.0,8,14,14.0,17.4,764,0.986,65.7,1,61,,
905,Nashik Irrigation Project #905,Nashik,Irrigation,314.3,84.5,50,29.7,7,4,34.1,42.5,637,0.428,56.7,1,71,,
906,Pune Irrigation Project #906,Pune,Irrigation,108.5,42.4,84,19.7,10,4,56.8,54.8,104,0.414,81.3,1,45,,
907,Aurangabad Highway Project #907,Aurangabad,Highway,204.4,64.0,2,80.7,8,9,97.4,48.8,734,0.463,112.4,0,4,,
908,Nagpur Highway Project #908,Nagpur,Highway,900.3,24.1,69,20.1,4,4,80.7,35.2,255,0.116,117.9,1,60,,
909,Mumbai Metro Project #909,Mumbai,Metro,701.7,58.2,31,75.2,12,11,43.2,36.5,694,0.393,147.0,0,3,,
910,Pune Metro Project #910,Pune,Metro,287.4,30.7,1,44.7,1,12,74.3,67.0,88,0.336,101.9,0,6,,
911,Nashik Metro Project #911,Nashik,Metro,112.3,76.9,87,16.6,9,15,93.8,74.7,442,0.465,69.9,1,165,,
912,Nagpur Railway Project #912,Nagpur,Railway,706.1,57.5,108,83.1,9,8,58.5,61.9,289,0.857,138.1,0,7,,
913,Nagpur Metro Project #913,Nagpur,Metro,593.8,47.0,58,62.2,5,8,51.6,97.9,670,0.193,127.1,0,9,,
914,Mumbai Irrigation Project #914,Mumbai,Irrigation,434.3,34.2,90,31.2,6,5,59.8,95.0,378,0.608,140.3,1,109,,
915,Nashik Railway Project #915,Nashik,Railway,395.4,99.9,72,90.5,2,10,38.0,18.9,288,0.038,89.3,0,0,,
916,Aurangabad Metro Project #916,Aurangabad,Metro,256.0,16.5,76,14.1,5,10,91.7,33.5,360,0.317,112.8,1,123,,
917,Nagpur Railway Project #917,Nagpur,Railway,686.1,13.9,118,28.2,5,6,81.8,88.2,235,0.473,138.7,1,173,,
918,Mumbai Irrigation Project #918,Mumbai,Irrigation,972.1,29.6,13,77.7,7,9,73.5,12.7,415,0.074,147.3,0,7,,
919,Aurangabad Metro Project #919,Aurangabad,Metro,216.9,97.4,50,73.8,0,7,63.0,63.3,455,0.544,112.7,0,0,,
920,Nashik Irrigation Project #920,Nashik,Irrigation,617.3,98.1,10,36.0,3,8,97.3,95.9,332,0.31,74.3,1,32,,
921,Nagpur Irrigation Project #921,Nagpur,Irrigation,453.0,68.9,77,15.6,0,5,36.8,71.1,639,0.993,118.3,0,1,,
922,Aurangabad Irrigation Project #922,Aurangabad,Irrigation,474.4,89.2,79,87.2,7,7,35.5,18.3,82,0.631,122.7,0,13,,
923,Aurangabad Metro Project #923,Aurangabad,Metro,291.4,29.3,9,38.2,1,1,31.8,77.3,527,0.244,129.3,0,0,,
924,Aurangabad Highway Project #924,Aurangabad,Highway,833.9,97.5,83,27.6,7,9,76.8,43.9,330,0.103,87.1,1,32,,
925,Nagpur Metro Project #925,Nagpur,Metro,511.0,22.9,79,56.4,2,7,81.8,92.9,31,0.041,128.1,0,0,,
926,Nagpur Irrigation Project #926,Nagpur,Irrigation,566.2,19.1,57,91.9,7,14,63.7,35.8,188,0.091,111.1,0,11,,
927,Pune Metro Project #927,Pune,Metro,339.5,20.1,33,13.9,5,12,68.7,52.6,717,0.68,64.1,1,30,,
928,Nashik Irrigation Project #928,Nashik,Irrigation,222.7,61.6,120,78.9,0,10,41.4,77.2,118,0.855,75.2,1,76,,
929,Mumbai Highway Project #929,Mumbai,Highway,131.6,80.3,79,61.5,6,1,13.6,33.2,381,0.157,155.2,0,11,,
930,Aurangabad Railway Project #930,Aurangabad,Railway,728.4,43.0,77,48.3,12,7,32.8,26.4,706,0.402,116.8,1,54,,
931,Pune Highway Project #931,Pune,Highway,236.4,98.0,52,77.0,6,1,62.6,10.2,465,0.354,93.7,0,0,,
932,Mumbai Highway Project #932,Mumbai,Highway,705.6,49.1,27,96.9,5,2,83.2,53.9,576,0.645,158.8,0,3,,
933,Pune Railway Project #933,Pune,Railway,420.9,23.5,17,30.6,0,6,79.9,93.6,238,0.183,84.0,0,6,,
934,Nagpur Metro Project #934,Nagpur,Metro,445.0,51.9,25,22.9,4,10,26.2,35.3,540,0.953,122.6,1,120,,
935,Aurangabad Railway Project #935,Aurangabad,Railway,495.7,71.1,101,92.2,0,8,14.6,13.9,373,0.729,117.0,1,108,,
936,Mumbai Metro Project #936,Mumbai,Metro,399.3,84.9,6,70.2,0,2,86.6,65.8,434,0.955,163.5,0,4,,
937,Mumbai Metro Project #937,Mumbai,Metro,145.6,51.3,44,49.4,5,4,16.8,15.1,225,0.277,150.4,1,41,,
938,Mumbai Irrigation Project #938,Mumbai,Irrigation,344.2,63.4,97,61.6,7,8,45.4,55.6,57,0.588,147.9,0,12,,
939,Mumbai Irrigation Project #939,Mumbai,Irrigation,680.5,34.1,110,77.1,0,6,18.5,44.3,474,0.732,149.4,0,4,,
940,Mumbai Railway Project #940,Mumbai,Railway,682.5,68.1,112,79.6,1,15,60.8,52.8,681,0.711,138.1,0,6,,
941,Pune Highway Project #941,Pune,Highway,321.9,98.7,44,92.8,4,13,42.7,24.6,282,0.021,97.7,0,5,,
942,Aurangabad Railway Project #942,Aurangabad,Railway,487.1,14.4,70,48.4,7,1,28.2,18.1,617,0.998,95.4,1,64,,
943,Nagpur Metro Project #943,Nagpur,Metro,233.8,89.8,96,36.4,10,4,63.6,77.4,39,0.928,123.9,1,108,,
944,Nagpur Irrigation Project #944,Nagpur,Irrigation,249.9,60.6,34,67.6,3,4,42.7,32.1,642,0.12,120.8,0,7,,
945,Nagpur Railway Project #945,Nagpur,Railway,71.9,32.7,51,47.4,4,8,25.0,82.0,199,0.544,104.5,1,153,,
946,Nagpur Railway Project #946,Nagpur,Railway,901.9,95.9,113,63.5,9,1,73.0,78.3,161,0.315,105.1,0,8,,
947,Pune Irrigation Project #947,Pune,Irrigation,250.2,53.5,102,47.8,4,0,85.3,27.9,385,0.879,81.5,1,88,,
948,Nashik Irrigation Project #948,Nashik,Irrigation,266.2,39.9,20,23.8,2,3,34.6,91.7,264,0.698,66.6,0,10,,
949,Aurangabad Irrigation Project #949,Aurangabad,Irrigation,315.6,26.3,112,52.2,5,3,26.8,24.5,712,0.224,124.8,0,1,,
950,Mumbai Metro Project #950,Mumbai,Metro,171.0,32.0,27,72.2,4,0,16.8,81.7,663,0.034,148.9,0,11,,
951,Nashik Irrigation Project #951,Nashik,Irrigation,657.3,85.0,95,81.9,1,9,57.5,47.8,767,0.292,75.5,0,11,,
952,Nagpur Highway Project #952,Nagpur,Highway,121.4,65.3,43,54.4,9,6,84.8,26.5,43,0.038,132.7,0,9,,
953,Nashik Railway Project #953,Nashik,Railway,177.5,92.2,79,24.9,3,1,32.6,94.4,196,0.141,80.7,1,63,,
954,Aurangabad Irrigation Project #954,Aurangabad,Irrigation,662.5,30.9,55,47.3,10,10,51.5,96.7,458,0.636,109.9,1,155,,
955,Mumbai Irrigation Project #955,Mumbai,Irrigation,372.7,20.9,9,80.8,3,14,24.5,56.0,95,0.745,142.9,0,9,,
956,Mumbai Metro Project #956,Mumbai,Metro,722.6,10.5,22,47.2,6,12,46.4,52.2,682,0.468,155.0,1,166,,
957,Aurangabad Metro Project #957,Aurangabad,Metro,579.6,55.7,47,72.7,6,15,11.4,91.1,127,0.6,103.1,0,13,,
958,Aurangabad Railway Project #958,Aurangabad,Railway,293.2,99.8,51,55.6,8,8,92.0,63.7,632,0.156,128.1,0,13,,
959,Nagpur Highway Project #959,Nagpur,Highway,668.3,72.5,113,31.7,9,6,70.9,33.9,67,0.317,128.7,1,179,,
960,Mumbai Railway Project #960,Mumbai,Railway,160.5,37.8,14,81.7,11,12,40.0,48.3,27,0.713,152.1,0,0,,
961,Nashik Irrigation Project #961,Nashik,Irrigation,559.6,88.9,54,17.6,1,14,89.3,85.2,149,0.365,75.1,0,9,,
962,Pune Highway Project #962,Pune,Highway,465.3,80.4,42,57.2,5,12,26.5,87.4,467,0.349,91.8,1,124,,
963,Pune Highway Project #963,Pune,Highway,304.5,11.4,49,28.8,1,11,17.1,94.5,715,0.194,86.3,0,7,,
964,Aurangabad Highway Project #964,Aurangabad,Highway,623.8,83.5,5,16.0,8,11,94.8,35.9,651,0.595,115.0,1,119,,
965,Nagpur Highway Project #965,Nagpur,Highway,877.8,37.0,32,55.3,1,13,37.8,71.2,221,0.81,117.6,0,0,,
966,Pune Railway Project #966,Pune,Railway,999.0,23.5,61,55.0,5,6,94.2,16.2,495,0.469,109.4,0,10,,
967,Mumbai Metro Project #967,Mumbai,Metro,627.4,30.4,54,73.6,7,14,67.4,75.3,129,0.116,143.1,0,14,,
968,Aurangabad Metro Project #968,Aurangabad,Metro,434.5,52.2,38,77.0,5,0,98.2,60.7,563,0.838,115.1,0,3,,
969,Nashik Irrigation Project #969,Nashik,Irrigation,263.9,48.2,11,75.5,11,13,77.8,32.5,12,0.071,62.2,0,8,,
970,Aurangabad Metro Project #970,Aurangabad,Metro,294.2,36.0,115,46.9,2,15,19.5,68.9,238,0.472,102.1,0,3,,
971,Nashik Metro Project #971,Nashik,Metro,505.5,25.5,99,66.9,4,8,86.7,22.2,238,0.261,52.1,0,4,,
972,Aurangabad Metro Project #972,Aurangabad,Metro,398.9,78.6,30,61.9,3,9,23.3,40.0,352,0.936,114.1,0,14,,
973,Aurangabad Metro Project #973,Aurangabad,Metro,918.1,99.1,73,47.9,0,15,72.3,46.1,150,0.738,104.7,0,14,,
974,Aurangabad Irrigation Project #974,Aurangabad,Irrigation,399.9,80.0,52,63.7,4,8,55.0,79.9,66,0.566,120.8,0,13,,
975,Nashik Railway Project #975,Nashik,Railway,404.8,36.6,33,95.3,9,15,73.7,37.8,225,0.668,74.1,0,12,,
976,Nashik Highway Project #976,Nashik,Highway,414.4,32.0,40,27.4,11,14,78.8,14.4,652,0.533,71.5,1,81,,
977,Aurangabad Metro Project #977,Aurangabad,Metro,844.8,29.6,9,91.5,4,1,82.3,26.3,123,0.148,95.9,0,8,,
978,Pune Railway Project #978,Pune,Railway,668.2,22.3,51,14.8,6,15,85.1,64.7,712,0.709,95.8,1,16,,
979,Nagpur Metro Project #979,Nagpur,Metro,633.5,59.6,74,37.8,11,9,86.3,11.4,764,0.493,113.4,1,57,,
980,Nagpur Metro Project #980,Nagpur,Metro,367.4,64.5,56,35.9,6,8,47.1,81.3,303,0.634,105.7,1,143,,
981,Nagpur Highway Project #981,Nagpur,Highway,827.0,73.5,77,66.4,1,1,90.0,91.1,37,0.045,124.3,0,3,,
982,Nashik Highway Project #982,Nashik,Highway,86.4,71.2,2,21.8,3,12,74.8,54.6,547,0.142,57.4,1,39,,
983,Nashik Highway Project #983,Nashik,Highway,877.3,36.3,56,89.4,0,1,85.5,73.7,605,0.589,49.1,0,8,,
984,Pune Metro Project #984,Pune,Metro,537.1,39.7,32,84.6,12,12,99.0,51.6,330,0.459,103.0,0,5,,
985,Nagpur Metro Project #985,Nagpur,Metro,428.3,71.3,6,68.7,4,12,20.5,37.8,723,0.227,114.4,0,2,,
986,Nagpur Metro Project #986,Nagpur,Metro,522.3,41.5,3,51.3,4,12,43.4,24.8,582,0.241,102.6,0,7,,
987,Aurangabad Highway Project #987,Aurangabad,Highway,684.0,29.1,38,94.0,3,7,82.6,56.6,706,0.632,100.4,0,8,,
988,Nashik Irrigation Project #988,Nashik,Irrigation,62.1,43.7,47,84.8,9,2,17.8,93.7,767,0.059,62.8,0,9,,
989,Nagpur Railway Project #989,Nagpur,Railway,878.0,34.5,73,54.9,11,13,58.7,90.1,522,0.434,131.4,0,3,,
990,Pune Irrigation Project #990,Pune,Irrigation,474.4,17.9,78,73.2,11,14,87.3,92.8,764,0.523,73.4,0,12,,
991,Pune Metro Project #991,Pune,Metro,375.8,84.7,15,61.0,6,2,11.7,97.0,41,0.308,76.6,0,4,,
992,Nagpur Metro Project #992,Nagpur,Metro,181.3,86.8,37,62.9,5,6,94.6,24.9,756,0.821,129.8,0,2,,
993,Nashik Irrigation Project #993,Nashik,Irrigation,467.5,29.8,3,39.8,12,14,98.0,23.2,420,0.057,65.5,1,104,,
994,Pune Metro Project #994,Pune,Metro,521.5,15.8,3,51.6,9,9,39.0,48.5,406,0.866,92.3,0,4,,
995,Aurangabad Railway Project #995,Aurangabad,Railway,433.5,76.5,119,17.0,2,5,79.0,72.0,26,0.723,105.1,0,1,,
996,Pune Metro Project #996,Pune,Metro,694.7,29.0,118,42.2,1,6,21.4,49.6,610,0.446,110.2,0,1,,
997,Mumbai Railway Project #997,Mumbai,Railway,449.9,45.4,99,72.6,3,5,79.6,90.3,61,0.924,137.1,0,10,,
998,Mumbai Irrigation Project #998,Mumbai,Irrigation,963.3,15.8,26,95.8,8,13,53.3,74.6,379,0.702,152.8,0,12,,
999,Nashik Irrigation Project #999,Nashik,Irrigation,619.3,30.4,85,96.7,9,8,87.4,67.1,173,0.931,85.0,0,4,,
1000,Nagpur Metro Project #1000,Nagpur,Metro,817.1,81.4,85,60.0,4,1,29.1,16.4,312,0.473,116.3,0,14,,
1001,Nashik Railway Project #1001,Nashik,Railway,153.9,82.4,16,64.6,0,7,70.5,25.8,459,0.453,62.5,0,6,,
1002,Nashik Metro Project #1002,Nashik,Metro,427.4,28.6,108,26.7,10,10,80.8,48.5,553,0.531,77.7,1,63,,
1003,Nashik Highway Project #1003,Nashik,Highway,370.0,40.2,97,72.6,2,5,28.2,97.9,719,0.065,80.0,0,2,,
1004,Nashik Highway Project #1004,Nashik,Highway,591.0,22.1,95,16.4,8,14,83.6,40.1,511,0.908,62.0,1,149,,
1005,Aurangabad Highway Project #1005,Aurangabad,Highway,868.1,16.7,115,35.6,6,13,96.2,66.7,360,0.668,124.6,1,172,,
1006,Aurangabad Highway Project #1006,Aurangabad,Highway,124.4,99.3,69,70.2,2,14,65.4,99.0,388,0.618,110.5,0,1,,
1007,Pune Metro Project #1007,Pune,Metro,118.9,69.0,53,37.9,0,3,80.6,33.8,448,0.926,95.1,0,5,,
1008,Mumbai Highway Project #1008,Mumbai,Highway,857.8,58.8,96,14.5,3,5,57.9,25.0,210,0.994,164.9,1,39,,
1009,Nashik Railway Project #1009,Nashik,Railway,252.2,78.9,7,84.9,8,5,63.8,59.2,116,0.163,77.7,0,5,,
1010,Pune Irrigation Project #1010,Pune,Irrigation,685.3,85.6,113,37.9,11,11,11.2,59.7,514,0.749,90.0,1,49,,
1011,Mumbai Irrigation Project #1011,Mumbai,Irrigation,565.7,82.6,52,15.7,6,9,57.2,93.0,393,0.58,143.3,1,121,,
1012,Nagpur Highway Project #1012,Nagpur,Highway,841.2,11.5,99,16.7,4,2,61.8,12.4,305,0.461,147.1,1,96,,
1013,Aurangabad Highway Project #1013,Aurangabad,Highway,168.8,26.8,4,32.7,12,7,70.3,46.7,37,0.978,102.1,1,135,,
1014,Mumbai Highway Project #1014,Mumbai,Highway,173.3,68.9,68,26.0,10,4,25.2,38.1,346,0.85,153.2,1,172,,
1015,Nagpur Metro Project #1015,Nagpur,Metro,579.0,43.8,46,79.7,5,10,31.7,61.4,296,0.697,125.1,0,10,,
1016,Mumbai Irrigation Project #1016,Mumbai,Irrigation,949.1,98.4,73,39.0,0,9,78.0,10.8,640,0.383,155.6,0,0,,
1017,Aurangabad Highway Project #1017,Aurangabad,Highway,444.2,69.9,39,82.4,6,10,25.1,74.0,352,0.666,131.3,0,6,,
1018,Aurangabad Railway Project #1018,Aurangabad,Railway,360.6,96.1,6,25.6,11,3,47.4,53.6,40,0.532,110.5,1,157,,
1019,Pune Highway Project #1019,Pune,Highway,626.4,28.1,11,54.4,4,13,32.5,73.1,675,0.249,89.0,0,13,,
1020,Nashik Irrigation Project #1020,Nashik,Irrigation,933.9,87.8,93,71.9,6,13,59.1,50.3,781,0.45,85.5,0,11,,
1021,Mumbai Highway Project #1021,Mumbai,Highway,845.1,38.9,24,68.7,4,15,98.8,52.7,496,0.212,148.6,0,5,,
1022,Mumbai Irrigation Project #1022,Mumbai,Irrigation,995.7,99.1,27,64.1,4,12,86.7,90.6,628,0.5,158.8,0,12,,
1023,Nagpur Highway Project #1023,Nagpur,Highway,71.4,24.2,42,93.2,2,1,34.3,29.0,260,0.72,121.9,0,13,,
1024,Aurangabad Railway Project #1024,Aurangabad,Railway,157.2,56.5,76,30.6,4,13,43.2,29.6,372,0.037,119.2,1,155,,
1025,Mumbai Highway Project #1025,Mumbai,Highway,629.0,81.4,46,54.4,7,9,92.7,60.4,116,0.765,157.3,0,0,,
1026,Aurangabad Railway Project #1026,Aurangabad,Railway,829.5,48.9,48,89.6,7,0,90.8,69.4,515,0.02,106.0,0,7,,
1027,Mumbai Railway Project #1027,Mumbai,Railway,321.0,52.1,85,17.0,1,14,24.4,41.9,451,0.517,131.6,0,7,,
1028,Pune Highway Project #1028,Pune,Highway,277.3,98.8,53,15.0,10,12,84.6,56.8,126,0.573,73.3,1,107,,
1029,Nashik Railway Project #1029,Nashik,Railway,797.6,48.3,17,31.0,0,6,36.8,30.5,254,0.761,51.6,0,10,,
1030,Mumbai Metro Project #1030,Mumbai,Metro,103.6,64.4,26,67.0,1,9,58.9,22.2,88,0.761,149.1,0,6,,
1031,Aurangabad Highway Project #1031,Aurangabad,Highway,400.9,14.9,71,33.4,10,10,10.5,31.4,750,0.417,86.5,1,81,,
1032,Pune Highway Project #1032,Pune,Highway,530.5,85.8,5,27.1,6,2,99.9,92.5,495,0.066,88.4,0,6,,
1033,Mumbai Railway Project #1033,Mumbai,Railway,582.3,68.3,74,51.3,2,2,78.5,82.2,32,0.694,151.3,0,11,,
1034,Nagpur Railway Project #1034,Nagpur,Railway,742.2,46.4,92,65.2,7,2,31.8,22.6,206,0.511,128.6,0,12,,
1035,Nashik Highway Project #1035,Nashik,Highway,387.1,11.5,104,32.4,3,9,71.5,14.2,370,0.333,75.0,1,138,,
1036,Mumbai Metro Project #1036,Mumbai,Metro,632.1,63.3,68,37.1,9,11,36.4,18.4,709,0.235,159.0,1,70,,
1037,Pune Railway Project #1037,Pune,Railway,606.1,11.1,70,65.2,9,12,18.1,36.4,436,0.12,94.1,0,14,,
1038,Nagpur Railway Project #1038,Nagpur,Railway,570.2,10.1,21,95.1,7,2,48.3,83.0,226,0.295,116.8,0,2,,
1039,Pune Irrigation Project #1039,Pune,Irrigation,658.5,65.4,58,70.7,1,1,65.2,38.9,768,0.458,88.9,0,2,,
1040,Pune Metro Project #1040,Pune,Metro,296.5,27.0,46,80.5,12,5,18.1,26.7,675,0.478,81.5,0,10,,
1041,Nagpur Metro Project #1041,Nagpur,Metro,130.4,27.3,116,43.0,4,13,56.7,45.6,716,0.583,122.3,1,19,,
1042,Pune Highway Project #1042,Pune,Highway,163.3,68.8,117,34.5,5,9,56.3,21.2,637,0.362,74.2,1,35,,
1043,Nagpur Metro Project #1043,Nagpur,Metro,263.4,14.8,67,50.9,0,2,66.6,52.3,205,0.92,130.7,0,7,,
1044,Mumbai Highway Project #1044,Mumbai,Highway,525.2,38.2,31,82.6,0,0,32.0,70.8,576,0.496,140.4,0,11,,
1045,Nagpur Irrigation Project #1045,Nagpur,Irrigation,848.4,23.4,82,51.1,8,9,11.9,43.2,696,0.424,121.5,0,14,,
1046,Nagpur Metro Project #1046,Nagpur,Metro,716.2,62.2,108,86.2,4,12,39.2,25.6,452,0.048,123.2,0,2,,
1047,Nashik Railway Project #1047,Nashik,Railway,799.6,69.6,96,99.0,3,12,45.9,50.8,468,0.599,81.6,0,3,,
1048,Nagpur Irrigation Project #1048,Nagpur,Irrigation,383.4,74.9,0,16.5,0,8,67.2,78.6,468,0.603,103.2,0,11,,
1049,Nagpur Highway Project #1049,Nagpur,Highway,434.4,33.0,53,14.1,2,15,93.7,16.9,493,0.583,116.7,0,1,,
1050,Mumbai Irrigation Project #1050,Mumbai,Irrigation,424.0,18.0,45,23.5,12,5,28.3,16.4,153,0.888,155.5,1,145,,
1051,Nashik Highway Project #1051,Nashik,Highway,232.3,17.1,40,44.6,3,5,71.9,38.6,323,0.763,87.5,1,107,,
1052,Aurangabad Irrigation Project #1052,Aurangabad,Irrigation,108.2,48.4,119,21.8,10,9,18.8,47.4,738,0.867,109.6,1,115,,
1053,Mumbai Highway Project #1053,Mumbai,Highway,611.4,95.1,107,88.4,10,8,27.2,29.5,266,0.059,144.1,1,147,,
1054,Mumbai Metro Project #1054,Mumbai,Metro,989.8,29.6,113,12.1,4,1,55.8,12.4,648,0.318,170.3,1,23,,
1055,Aurangabad Railway Project #1055,Aurangabad,Railway,208.5,33.1,40,38.4,9,9,73.8,29.8,483,0.319,118.0,1,30,,
1056,Nagpur Highway Project #1056,Nagpur,Highway,94.4,19.1,7,26.6,11,8,87.3,49.2,694,0.657,133.7,1,105,,
1057,Pune Irrigation Project #1057,Pune,Irrigation,790.6,64.5,31,93.8,4,13,77.0,17.1,615,0.449,77.9,0,0,,
1058,Nashik Highway Project #1058,Nashik,Highway,290.0,71.2,29,70.3,9,14,11.4,74.4,508,0.777,75.2,0,12,,
1059,Pune Highway Project #1059,Pune,Highway,838.2,67.9,45,92.1,7,11,71.6,59.7,228,0.384,79.2,0,13,,
1060,Aurangabad Highway Project #1060,Aurangabad,Highway,718.7,87.5,91,97.5,12,2,84.2,49.1,573,0.222,96.9,0,0,,
1061,Mumbai Irrigation Project #1061,Mumbai,Irrigation,948.4,53.8,104,54.7,12,2,57.3,56.7,540,0.291,155.8,0,3,,
1062,Mumbai Railway Project #1062,Mumbai,Railway,438.5,22.1,51,31.1,2,2,96.9,69.0,367,0.182,156.5,0,0,,
1063,Nashik Metro Project #1063,Nashik,Metro,678.9,36.0,95,27.4,6,0,10.4,99.5,246,0.198,65.2,1,71,,
1064,Mumbai Railway Project #1064,Mumbai,Railway,491.6,69.6,88,30.1,12,9,83.7,79.8,692,0.217,164.3,1,19,,
1065,Mumbai Highway Project #1065,Mumbai,Highway,649.1,65.2,97,73.8,5,14,40.1,58.6,284,0.016,146.3,0,4,,
1066,Nashik Irrigation Project #1066,Nashik,Irrigation,477.1,57.8,60,13.6,9,6,68.5,79.3,681,0.716,67.3,1,143,,
1067,Nashik Railway Project #1067,Nashik,Railway,229.2,71.5,96,14.6,10,9,72.4,52.8,761,0.4,69.6,1,146,,
1068,Aurangabad Highway Project #1068,Aurangabad,Highway,532.5,67.4,12,64.7,9,12,37.6,38.0,586,0.023,107.6,0,0,,
1069,Mumbai Metro Project #1069,Mumbai,Metro,552.2,89.3,88,67.8,9,6,99.6,33.6,226,0.37,162.8,0,12,,
1070,Mumbai Metro Project #1070,Mumbai,Metro,820.1,62.7,105,69.9,10,1,19.3,46.0,568,0.905,139.6,0,9,,
1071,Aurangabad Metro Project #1071,Aurangabad,Metro,748.7,80.1,39,43.5,5,5,24.1,10.2,406,0.511,102.5,1,124,,
1072,Nagpur Highway Project #1072,Nagpur,Highway,680.6,32.4,102,82.5,9,3,90.3,25.9,83,0.987,108.1,0,11,,
1073,Nagpur Irrigation Project #1073,Nagpur,Irrigation,157.7,71.0,60,58.0,8,10,20.7,21.4,685,0.54,138.8,1,114,,
1074,Nagpur Railway Project #1074,Nagpur,Railway,734.6,91.2,119,19.5,6,6,44.3,96.4,719,0.963,116.8,1,85,,
1075,Aurangabad Metro Project #1075,Aurangabad,Metro,525.3,44.7,43,81.7,12,15,76.0,15.8,337,0.202,102.3,0,5,,
1076,Mumbai Highway Project #1076,Mumbai,Highway,899.4,80.1,112,95.8,10,13,81.2,55.1,417,0.29,147.1,0,12,,
1077,Aurangabad Highway Project #1077,Aurangabad,Highway,923.9,75.2,61,15.4,6,13,95.9,92.8,157,0.7,118.5,1,26,,
1078,Aurangabad Railway Project #1078,Aurangabad,Railway,102.4,15.4,120,45.2,10,6,81.1,64.7,95,0.987,116.6,1,170,,
1079,Nagpur Metro Project #1079,Nagpur,Metro,829.6,62.3,43,53.9,0,14,86.0,54.6,530,0.825,114.2,0,8,,
1080,Pune Highway Project #1080,Pune,Highway,85.8,21.7,47,23.2,0,3,95.4,76.9,512,0.554,86.0,0,7,,
1081,Mumbai Railway Project #1081,Mumbai,Railway,398.8,97.1,73,88.1,8,2,59.8,41.8,774,0.085,135.4,0,9,,
1082,Nagpur Irrigation Project #1082,Nagpur,Irrigation,565.2,83.0,58,35.6,8,6,40.9,27.4,241,0.364,121.4,1,161,,
1083,Pune Irrigation Project #1083,Pune,Irrigation,190.7,19.9,56,80.5,11,8,78.5,86.3,507,0.086,102.8,0,0,,
1084,Pune Irrigation Project #1084,Pune,Irrigation,759.0,21.0,94,70.4,10,3,24.7,15.1,432,0.311,84.2,0,4,,
1085,Nashik Metro Project #1085,Nashik,Metro,57.9,63.5,107,63.8,9,5,16.1,82.7,476,0.259,76.4,0,6,,
1086,Mumbai Railway Project #1086,Mumbai,Railway,210.2,41.0,10,27.3,2,6,80.7,19.3,256,0.389,144.2,0,7,,
1087,Pune Railway Project #1087,Pune,Railway,601.8,13.1,24,29.9,10,9,95.6,66.3,379,0.837,79.0,1,74,,
1088,Nagpur Highway Project #1088,Nagpur,Highway,728.7,58.7,60,14.3,10,2,49.8,52.9,522,0.15,126.8,1,56,,
1089,Nashik Highway Project #1089,Nashik,Highway,920.8,44.9,45,31.7,7,4,24.5,99.9,788,0.306,93.5,1,21,,
1090,Mumbai Highway Project #1090,Mumbai,Highway,720.2,19.1,53,41.1,8,15,54.7,44.9,114,0.261,155.4,1,56,,
1091,Aurangabad Railway Project #1091,Aurangabad,Railway,688.2,82.2,115,85.0,0,11,45.4,96.2,243,0.296,105.9,0,3,,
1092,Nagpur Highway Project #1092,Nagpur,Highway,424.6,92.4,108,43.0,11,13,43.5,46.3,467,0.361,116.5,1,129,,
1093,Pune Railway Project #1093,Pune,Railway,51.2,78.1,33,77.9,2,0,66.5,71.4,266,0.244,109.1,0,8,,
1094,Pune Railway Project #1094,Pune,Railway,164.2,84.0,83,49.5,12,5,25.7,67.9,484,0.943,93.1,1,58,,
1095,Nagpur Irrigation Project #1095,Nagpur,Irrigation,557.8,29.5,6,80.6,5,4,44.2,17.8,602,0.42,112.3,0,11,,
1096,Pune Highway Project #1096,Pune,Highway,691.4,33.7,96,97.9,3,6,88.2,76.9,644,0.114,89.4,0,5,,
1097,Nashik Irrigation Project #1097,Nashik,Irrigation,446.6,28.8,61,31.6,7,14,75.7,28.8,181,0.468,72.2,1,172,,
1098,Mumbai Metro Project #1098,Mumbai,Metro,744.1,78.9,56,87.6,8,8,15.0,45.0,282,0.184,154.7,0,4,,
1099,Nashik Metro Project #1099,Nashik,Metro,545.8,95.3,98,66.0,6,10,56.3,80.4,768,0.216,85.1,0,4,,
1100,Pune Metro Project #1100,Pune,Metro,120.5,74.5,92,83.6,10,3,18.2,95.0,203,0.285,102.8,0,8,,
1101,Aurangabad Railway Project #1101,Aurangabad,Railway,232.4,89.3,115,68.6,0,8,96.2,60.4,121,0.125,112.0,0,1,,
1102,Mumbai Railway Project #1102,Mumbai,Railway,848.0,67.5,75,48.2,1,12,32.0,56.7,32,0.721,149.6,1,75,,
1103,Mumbai Railway Project #1103,Mumbai,Railway,738.7,44.9,4,30.5,0,5,93.9,55.4,324,0.792,154.0,0,4,,
1104,Nagpur Highway Project #1104,Nagpur,Highway,900.0,48.3,75,16.3,8,4,85.1,83.5,211,0.394,113.9,1,123,,
1105,Nagpur Irrigation Project #1105,Nagpur,Irrigation,161.7,16.8,92,58.2,3,1,59.6,99.4,510,0.689,129.8,0,0,,
1106,Aurangabad Railway Project #1106,Aurangabad,Railway,990.7,12.8,34,99.1,9,0,40.3,67.0,627,0.389,108.0,0,4,,
1107,Mumbai Irrigation Project #1107,Mumbai,Irrigation,248.9,72.6,83,76.4,7,7,87.2,44.1,615,0.164,154.9,0,3,,
1108,Aurangabad Irrigation Project #1108,Aurangabad,Irrigation,61.2,49.5,36,39.5,4,11,23.8,29.7,34,0.397,127.1,1,118,,
1109,Nagpur Irrigation Project #1109,Nagpur,Irrigation,997.6,59.7,59,84.4,4,11,26.2,27.9,666,0.557,125.5,0,12,,
1110,Nagpur Highway Project #1110,Nagpur,Highway,317.0,60.2,64,79.2,4,5,30.2,87.1,517,0.041,122.3,0,3,,
1111,Mumbai Highway Project #1111,Mumbai,Highway,684.6,35.0,15,35.3,10,13,63.8,99.3,375,0.654,144.8,1,132,,
1112,Nashik Metro Project #1112,Nashik,Metro,217.8,52.8,29,11.3,4,6,38.3,72.8,540,0.743,69.2,1,139,,
1113,Pune Metro Project #1113,Pune,Metro,601.2,52.4,72,20.6,2,5,99.0,96.0,731,0.86,78.6,0,2,,
1114,Nagpur Irrigation Project #1114,Nagpur,Irrigation,908.8,45.0,41,89.0,5,9,27.6,41.5,603,0.103,125.3,0,5,,
1115,Nagpur Metro Project #1115,Nagpur,Metro,354.2,83.9,60,85.3,0,15,82.5,66.5,55,0.0,98.7,0,5,,
1116,Nashik Irrigation Project #1116,Nashik,Irrigation,686.7,50.6,73,36.6,7,12,18.6,56.1,44,0.073,79.7,1,30,,
1117,Nashik Highway Project #1117,Nashik,Highway,228.5,64.3,76,35.7,12,13,41.8,53.4,211,0.924,77.3,1,104,,
1118,Aurangabad Highway Project #1118,Aurangabad,Highway,643.6,90.6,47,81.4,3,6,31.9,66.9,544,0.766,111.0,0,14,,
1119,Aurangabad Highway Project #1119,Aurangabad,Highway,369.6,88.0,61,94.4,5,8,97.9,37.9,374,0.835,104.7,0,1,,
1120,Pune Railway Project #1120,Pune,Railway,250.6,90.1,83,80.1,1,13,12.3,67.7,479,0.517,89.8,0,8,,
1121,Pune Irrigation Project #1121,Pune,Irrigation,347.5,34.3,92,64.5,1,4,75.0,70.6,309,0.527,72.3,0,9,,
1122,Mumbai Highway Project #1122,Mumbai,Highway,219.9,13.1,63,31.8,7,0,32.3,85.3,786,0.299,158.2,1,164,,
1123,Aurangabad Irrigation Project #1123,Aurangabad,Irrigation,906.8,33.5,56,57.3,0,0,83.0,75.7,425,0.843,108.4,0,7,,
1124,Nagpur Metro Project #1124,Nagpur,Metro,427.3,35.1,67,31.0,7,8,38.0,38.8,355,0.83,135.2,1,60,,
1125,Aurangabad Metro Project #1125,Aurangabad,Metro,283.0,91.8,45,82.7,9,4,26.9,50.6,358,0.392,113.9,0,12,,
1126,Nagpur Highway Project #1126,Nagpur,Highway,476.0,68.4,112,44.8,9,13,72.4,20.8,708,0.329,122.3,1,19,,
1127,Nashik Irrigation Project #1127,Nashik,Irrigation,354.5,17.4,27,85.0,0,12,33.2,33.2,199,0.738,74.0,0,8,,
1128,Aurangabad Highway Project #1128,Aurangabad,Highway,757.2,22.2,100,44.3,8,12,53.7,56.9,412,0.026,100.2,1,173,,
1129,Nashik Metro Project #1129,Nashik,Metro,972.7,24.0,76,84.2,0,10,21.8,19.1,761,0.86,65.5,1,175,,
1130,Pune Highway Project #1130,Pune,Highway,466.1,66.7,120,40.0,3,14,75.2,61.4,358,0.446,91.3,1,145,,
1131,Pune Irrigation Project #1131,Pune,Irrigation,868.0,76.2,2,49.6,8,12,46.6,45.1,382,0.441,87.0,1,67,,
1132,Mumbai Metro Project #1132,Mumbai,Metro,587.6,87.4,36,65.4,0,1,22.7,13.1,648,0.669,144.2,0,2,,
1133,Aurangabad Railway Project #1133,Aurangabad,Railway,199.4,94.7,47,16.3,8,14,76.7,49.1,514,0.646,107.2,1,32,,
1134,Nashik Metro Project #1134,Nashik,Metro,706.1,28.2,18,95.3,7,2,19.3,35.3,300,0.266,70.4,0,0,,
1135,Nagpur Railway Project #1135,Nagpur,Railway,537.8,37.9,91,61.6,4,0,61.7,16.0,120,0.943,143.2,0,10,,
1136,Pune Highway Project #1136,Pune,Highway,668.1,31.6,82,55.7,5,5,64.7,36.4,564,0.986,86.7,0,5,,
1137,Pune Highway Project #1137,Pune,Highway,895.2,42.3,16,85.5,4,11,93.7,36.5,512,0.526,83.2,0,11,,
1138,Nagpur Irrigation Project #1138,Nagpur,Irrigation,468.4,92.3,81,87.9,3,5,23.6,42.0,310,0.561,118.5,0,13,,
1139,Nashik Railway Project #1139,Nashik,Railway,906.1,61.8,81,57.0,11,2,68.8,43.0,655,0.554,85.0,0,2,,
1140,Nashik Highway Project #1140,Nashik,Highway,763.1,76.4,120,93.5,9,14,44.3,48.7,22,0.486,85.7,0,2,,
1141,Aurangabad Railway Project #1141,Aurangabad,Railway,514.2,54.1,86,15.8,12,2,46.1,18.3,532,0.945,129.5,1,130,,
1142,Aurangabad Highway Project #1142,Aurangabad,Highway,623.1,12.6,39,20.2,11,6,55.2,10.5,111,0.245,110.6,1,86,,
1143,Mumbai Metro Project #1143,Mumbai,Metro,359.3,15.8,49,63.7,3,14,31.0,76.2,206,0.108,156.4,0,11,,
1144,Pune Highway Project #1144,Pune,Highway,984.4,58.4,72,41.9,9,0,51.5,40.4,400,0.93,79.5,1,127,,
1145,Aurangabad Irrigation Project #1145,Aurangabad,Irrigation,684.0,74.7,28,51.8,7,4,71.8,65.2,64,0.213,106.5,0,13,,
1146,Nashik Metro Project #1146,Nashik,Metro,91.7,29.4,50,39.5,7,12,51.1,37.6,192,0.749,58.8,1,15,,
1147,Nagpur Irrigation Project #1147,Nagpur,Irrigation,360.3,75.0,41,46.4,8,2,13.8,98.6,28,0.204,124.7,1,72,,
1148,Nashik Metro Project #1148,Nashik,Metro,642.1,83.0,28,84.0,2,4,33.2,38.4,372,0.96,70.4,0,9,,
1149,Pune Railway Project #1149,Pune,Railway,103.5,47.1,65,63.4,9,10,41.6,64.5,783,0.791,92.3,0,6,,
1150,Nashik Irrigation Project #1150,Nashik,Irrigation,72.7,77.2,16,99.8,7,13,41.9,29.8,482,0.919,61.5,1,84,,
1151,Mumbai Highway Project #1151,Mumbai,Highway,477.5,46.4,120,80.8,2,3,17.3,56.6,18,0.951,158.5,1,159,,
1152,Pune Railway Project #1152,Pune,Railway,366.1,71.1,119,34.6,1,5,50.5,62.1,669,0.084,65.9,0,9,,
1153,Nagpur Highway Project #1153,Nagpur,Highway,466.4,78.8,108,33.8,1,11,72.3,26.5,34,0.433,117.5,0,1,,
1154,Mumbai Metro Project #1154,Mumbai,Metro,299.6,99.3,30,40.2,8,8,14.4,21.1,315,0.648,148.9,1,93,,
1155,Pune Metro Project #1155,Pune,Metro,206.5,41.1,91,85.9,3,15,77.6,97.6,593,0.802,69.8,0,8,,
1156,Nagpur Highway Project #1156,Nagpur,Highway,704.7,47.0,106,12.5,4,1,96.0,90.4,443,0.241,123.8,1,24,,
1157,Mumbai Highway Project #1157,Mumbai,Highway,538.8,24.9,111,30.7,1,9,10.8,69.4,431,0.915,148.3,1,141,,
1158,Mumbai Railway Project #1158,Mumbai,Railway,240.1,28.4,51,91.4,8,7,27.4,87.5,66,0.221,155.6,0,0,,
1159,Pune Highway Project #1159,Pune,Highway,353.6,72.4,38,67.6,6,13,58.9,18.6,543,0.866,110.0,0,14,,
1160,Aurangabad Irrigation Project #1160,Aurangabad,Irrigation,612.2,92.5,59,30.4,2,12,29.6,75.6,557,0.513,113.2,0,3,,
1161,Mumbai Irrigation Project #1161,Mumbai,Irrigation,118.6,45.5,93,29.7,5,1,78.8,35.7,188,0.515,159.7,1,172,,
1162,Mumbai Highway Project #1162,Mumbai,Highway,190.1,26.2,98,87.6,6,3,38.1,58.6,77,0.374,163.8,0,2,,
1163,Nagpur Irrigation Project #1163,Nagpur,Irrigation,119.6,35.7,111,90.4,11,8,36.4,78.8,505,0.104,124.9,0,4,,
1164,Nashik Highway Project #1164,Nashik,Highway,821.7,51.0,50,33.1,5,3,10.1,13.0,10,0.347,61.3,1,96,,
1165,Pune Railway Project #1165,Pune,Railway,764.8,36.2,83,47.8,9,6,34.3,72.5,57,0.427,73.6,1,144,,
1166,Pune Irrigation Project #1166,Pune,Irrigation,765.6,31.0,15,85.1,10,10,29.6,49.1,426,0.479,93.7,0,13,,
1167,Aurangabad Irrigation Project #1167,Aurangabad,Irrigation,730.5,76.2,97,79.4,9,4,40.9,49.6,673,0.739,106.0,1,91,,
1168,Aurangabad Highway Project #1168,Aurangabad,Highway,685.9,10.7,13,83.3,5,12,23.3,91.7,206,0.352,122.8,0,8,,
1169,Pune Irrigation Project #1169,Pune,Irrigation,503.1,58.5,89,56.7,12,1,63.5,87.4,579,0.407,85.2,0,11,,
1170,Aurangabad Metro Project #1170,Aurangabad,Metro,660.2,81.4,83,92.0,7,7,31.5,15.2,57,0.906,109.9,1,132,,
1171,Nagpur Railway Project #1171,Nagpur,Railway,86.4,34.0,41,39.3,7,10,84.9,65.6,364,0.753,108.4,1,31,,
1172,Pune Railway Project #1172,Pune,Railway,640.4,64.3,50,24.1,4,9,35.6,49.2,243,0.023,86.6,1,89,,
1173,Aurangabad Irrigation Project #1173,Aurangabad,Irrigation,789.0,70.2,23,73.8,3,14,29.0,20.6,446,0.812,100.6,1,135,,
1174,Pune Irrigation Project #1174,Pune,Irrigation,525.3,69.0,106,58.5,10,9,15.1,86.6,709,0.99,81.5,0,1,,
1175,Nashik Metro Project #1175,Nashik,Metro,389.6,50.1,81,86.9,4,1,76.6,16.4,635,0.94,69.5,0,13,,
1176,Mumbai Metro Project #1176,Mumbai,Metro,313.6,41.2,42,17.3,8,2,55.7,12.9,99,0.836,143.9,1,112,,
1177,Pune Irrigation Project #1177,Pune,Irrigation,660.7,85.2,72,85.9,11,9,20.2,27.8,378,0.629,116.3,0,9,,
1178,Mumbai Irrigation Project #1178,Mumbai,Irrigation,708.2,78.3,18,36.4,9,6,29.9,37.3,178,0.278,158.4,1,102,,
1179,Aurangabad Metro Project #1179,Aurangabad,Metro,877.4,38.9,83,68.9,5,4,99.9,15.5,372,0.654,120.8,0,13,,
1180,Mumbai Highway Project #1180,Mumbai,Highway,375.2,19.3,60,13.6,2,15,82.5,67.7,186,0.696,148.9,0,5,,
1181,Pune Metro Project #1181,Pune,Metro,781.3,16.5,105,64.9,2,9,41.5,49.3,509,0.282,91.1,0,6,,
1182,Nashik Highway Project #1182,Nashik,Highway,583.3,18.5,93,74.6,0,10,58.8,47.1,713,0.255,65.7,0,8,,
1183,Aurangabad Railway Project #1183,Aurangabad,Railway,888.7,62.5,62,43.2,4,2,47.4,23.1,142,0.397,136.2,1,122,,
1184,Pune Railway Project #1184,Pune,Railway,551.4,14.6,25,29.4,5,15,13.3,49.4,181,0.641,88.9,1,24,,
1185,Aurangabad Metro Project #1185,Aurangabad,Metro,541.7,40.3,94,58.4,7,15,80.1,45.1,539,0.293,104.0,0,8,,
1186,Nagpur Highway Project #1186,Nagpur,Highway,599.0,77.8,34,85.0,10,11,74.5,44.5,772,0.556,112.5,0,12,,
1187,Mumbai Metro Project #1187,Mumbai,Metro,761.8,36.5,66,39.1,8,1,46.8,29.7,450,0.899,153.4,1,134,,
1188,Nagpur Metro Project #1188,Nagpur,Metro,966.5,78.7,55,32.7,6,10,86.1,18.5,121,0.295,134.2,1,163,,
1189,Pune Highway Project #1189,Pune,Highway,119.9,77.1,39,35.1,0,5,58.1,33.5,49,0.966,100.9,1,132,,
1190,Nashik Metro Project #1190,Nashik,Metro,100.8,32.1,28,95.4,6,9,15.9,70.1,111,0.473,62.4,0,9,,
1191,Aurangabad Railway Project #1191,Aurangabad,Railway,940.7,75.6,5,42.3,9,0,33.3,16.6,378,0.101,102.2,1,36,,
1192,Mumbai Irrigation Project #1192,Mumbai,Irrigation,553.4,77.3,51,10.3,8,7,51.6,44.4,183,0.055,162.5,1,25,,
1193,Aurangabad Irrigation Project #1193,Aurangabad,Irrigation,634.2,45.8,0,80.4,3,4,19.3,56.3,350,0.339,131.0,0,0,,
1194,Pune Metro Project #1194,Pune,Metro,508.3,28.9,51,72.9,10,4,61.4,96.7,205,0.259,88.5,0,11,,
1195,Aurangabad Highway Project #1195,Aurangabad,Highway,139.0,56.9,23,21.6,11,13,20.9,85.9,593,0.844,122.1,1,30,,
1196,Mumbai Highway Project #1196,Mumbai,Highway,779.7,92.9,101,98.6,6,1,28.0,92.5,191,0.738,135.3,0,13,,
1197,Pune Railway Project #1197,Pune,Railway,759.9,67.6,33,64.7,8,6,90.5,83.8,762,0.885,81.6,0,2,,
1198,Aurangabad Highway Project #1198,Aurangabad,Highway,346.1,25.6,114,55.1,0,4,100.0,63.0,332,0.589,99.9,0,5,,
1199,Nashik Highway Project #1199,Nashik,Highway,340.9,71.4,6,44.4,11,7,59.5,87.5,122,0.435,74.1,1,38,,
1200,Pune Railway Project #1200,Pune,Railway,845.9,48.4,74,90.9,9,4,65.8,60.9,684,0.271,88.2,0,12,,
1201,Pune Metro Project #1201,Pune,Metro,118.7,63.2,10,32.0,8,14,81.8,42.2,560,0.583,92.4,1,90,,
1202,Nashik Irrigation Project #1202,Nashik,Irrigation,887.0,76.1,35,35.7,3,8,72.7,43.5,244,0.618,82.2,1,165,,
1203,Nagpur Railway Project #1203,Nagpur,Railway,293.8,56.3,19,21.0,11,4,26.4,60.9,514,0.393,113.5,1,20,,
1204,Mumbai Metro Project #1204,Mumbai,Metro,613.3,83.3,62,78.3,7,12,47.1,82.8,80,0.937,150.9,0,4,,
1205,Nagpur Railway Project #1205,Nagpur,Railway,939.2,75.0,79,63.6,2,2,58.2,22.0,228,0.64,106.6,0,1,,
1206,Aurangabad Metro Project #1206,Aurangabad,Metro,694.2,65.4,62,64.8,1,12,42.4,13.5,526,0.837,121.6,0,8,,
1207,Nashik Railway Project #1207,Nashik,Railway,443.7,23.6,68,29.7,12,1,25.8,81.1,762,0.62,81.0,1,119,,
1208,Nagpur Metro Project #1208,Nagpur,Metro,705.1,85.2,87,68.6,11,4,76.3,68.3,174,0.317,123.6,0,9,,
1209,Pune Railway Project #1209,Pune,Railway,376.8,94.2,29,78.9,7,9,27.9,83.9,522,0.737,91.2,0,3,,
1210,Aurangabad Metro Project #1210,Aurangabad,Metro,313.4,22.3,29,42.2,7,12,33.4,97.9,390,0.23,104.9,1,55,,
1211,Aurangabad Railway Project #1211,Aurangabad,Railway,996.8,53.9,102,82.1,2,9,35.8,32.6,193,0.597,96.0,1,81,,
1212,Nagpur Irrigation Project #1212,Nagpur,Irrigation,763.3,33.3,120,41.4,12,4,24.6,27.5,378,0.402,123.1,1,97,,
1213,Nagpur Irrigation Project #1213,Nagpur,Irrigation,662.5,77.9,111,78.2,7,15,86.5,40.7,457,0.15,127.6,0,3,,
1214,Nashik Highway Project #1214,Nashik,Highway,387.5,74.9,110,13.0,10,5,65.0,89.0,17,0.413,90.2,1,79,,
1215,Mumbai Metro Project #1215,Mumbai,Metro,96.7,22.7,100,59.6,10,15,85.1,11.3,629,0.31,146.1,0,8,,
1216,Nagpur Railway Project #1216,Nagpur,Railway,79.5,88.9,96,97.3,5,1,54.4,10.9,391,0.112,122.7,0,1,,
1217,Nagpur Metro Project #1217,Nagpur,Metro,576.5,26.3,83,98.3,9,4,56.8,29.5,391,0.824,131.1,0,0,,
1218,Pune Irrigation Project #1218,Pune,Irrigation,773.9,81.8,117,35.4,8,14,65.5,43.8,457,0.499,101.4,1,161,,
1219,Aurangabad Metro Project #1219,Aurangabad,Metro,560.5,51.1,21,49.7,9,0,43.4,37.2,706,0.346,103.8,1,39,,
1220,Mumbai Railway Project #1220,Mumbai,Railway,848.7,39.5,104,15.7,12,2,54.7,84.2,163,0.505,147.2,1,108,,
1221,Pune Metro Project #1221,Pune,Metro,81.8,24.2,60,88.6,5,15,59.2,72.1,43,0.755,84.7,0,2,,
1222,Nashik Railway Project #1222,Nashik,Railway,398.4,25.1,20,61.2,7,2,95.8,85.4,506,0.018,61.0,0,9,,
1223,Nashik Irrigation Project #1223,Nashik,Irrigation,275.2,69.6,36,44.7,1,2,89.5,44.5,31,0.547,84.7,0,6,,
1224,Nagpur Irrigation Project #1224,Nagpur,Irrigation,474.9,59.5,117,20.1,0,14,21.6,63.6,389,0.479,120.6,0,5,,
1225,Nagpur Irrigation Project #1225,Nagpur,Irrigation,118.8,21.0,26,95.2,9,2,13.7,56.4,157,0.893,119.3,0,11,,
1226,Nashik Highway Project #1226,Nashik,Highway,956.4,20.1,101,57.7,9,7,71.2,52.7,672,0.556,72.5,0,12,,
1227,Nagpur Irrigation Project #1227,Nagpur,Irrigation,262.1,16.5,34,35.5,1,14,14.4,35.9,588,0.137,120.5,0,14,,
1228,Mumbai Metro Project #1228,Mumbai,Metro,926.2,76.9,37,41.5,11,0,15.4,73.8,599,0.389,147.8,1,19,,
1229,Nagpur Highway Project #1229,Nagpur,Highway,454.6,74.1,103,34.4,3,5,24.3,57.2,753,0.621,112.4,1,178,,
1230,Aurangabad Irrigation Project #1230,Aurangabad,Irrigation,986.2,15.3,59,64.2,9,5,41.7,17.1,560,0.046,125.7,0,9,,
1231,Nagpur Metro Project #1231,Nagpur,Metro,576.4,60.4,69,93.7,8,0,49.1,10.0,686,0.885,114.3,0,5,,
1232,Pune Metro Project #1232,Pune,Metro,934.3,17.6,31,87.1,6,15,56.7,11.8,108,0.068,80.7,0,9,,
1233,Mumbai Metro Project #1233,Mumbai,Metro,55.1,91.3,79,51.4,8,12,99.3,16.8,650,0.031,149.2,0,1,,
1234,Pune Railway Project #1234,Pune,Railway,760.8,91.6,91,84.4,8,0,44.7,43.4,540,0.002,111.6,0,2,,
1235,Pune Highway Project #1235,Pune,Highway,907.9,72.8,79,48.1,8,2,31.8,37.5,280,0.684,81.8,1,158,,
1236,Aurangabad Metro Project #1236,Aurangabad,Metro,182.7,93.4,26,32.7,7,14,61.8,24.1,10,0.456,117.1,1,49,,
1237,Mumbai Railway Project #1237,Mumbai,Railway,141.3,83.0,116,98.5,5,15,29.4,56.4,296,0.103,147.5,0,7,,
1238,Mumbai Irrigation Project #1238,Mumbai,Irrigation,453.3,84.6,2,37.3,10,7,94.6,97.3,189,0.856,152.4,1,127,,
1239,Mumbai Metro Project #1239,Mumbai,Metro,937.0,61.3,48,39.1,9,5,33.3,24.5,265,0.203,159.2,1,30,,
1240,Mumbai Railway Project #1240,Mumbai,Railway,565.3,37.5,84,99.1,6,3,99.1,32.6,183,0.326,132.8,0,0,,
1241,Mumbai Metro Project #1241,Mumbai,Metro,551.1,29.6,101,22.1,1,4,47.7,51.6,59,0.178,141.0,0,8,,
1242,Aurangabad Highway Project #1242,Aurangabad,Highway,184.1,39.4,101,78.4,10,9,83.1,67.7,541,0.927,119.1,0,0,,
1243,Nagpur Highway Project #1243,Nagpur,Highway,50.8,66.6,29,94.2,0,13,68.3,64.0,626,0.758,121.0,0,11,,
1244,Pune Irrigation Project #1244,Pune,Irrigation,819.6,25.5,21,56.1,12,2,94.0,56.9,199,0.724,92.1,0,2,,
1245,Mumbai Metro Project #1245,Mumbai,Metro,133.2,33.3,18,10.2,4,14,66.3,76.4,760,0.044,157.1,1,141,,
1246,Nagpur Railway Project #1246,Nagpur,Railway,652.2,52.1,30,43.8,7,13,62.3,86.1,52,0.523,111.1,1,117,,
1247,Nagpur Irrigation Project #1247,Nagpur,Irrigation,918.9,31.0,19,20.0,2,14,68.8,99.9,526,0.575,130.6,0,2,,
1248,Pune Metro Project #1248,Pune,Metro,248.2,63.0,110,47.5,6,10,80.8,51.9,769,0.383,98.2,1,144,,
1249,Aurangabad Irrigation Project #1249,Aurangabad,Irrigation,682.0,93.1,18,81.1,4,10,90.9,99.5,75,0.322,112.4,0,14,,
1250,Nashik Railway Project #1250,Nashik,Railway,124.8,77.3,1,49.5,11,5,34.0,75.7,405,0.852,74.7,1,116,,
1251,Nashik Irrigation Project #1251,Nashik,Irrigation,623.6,70.0,39,48.9,9,5,28.1,69.2,260,0.023,81.6,1,76,,
1252,Nagpur Irrigation Project #1252,Nagpur,Irrigation,205.7,62.4,38,60.1,12,5,13.1,67.6,137,0.625,114.1,0,10,,
1253,Pune Irrigation Project #1253,Pune,Irrigation,749.2,53.9,90,62.4,7,8,43.3,92.0,706,0.394,96.6,0,7,,
1254,Nashik Metro Project #1254,Nashik,Metro,336.2,26.8,71,87.1,5,13,86.2,95.3,197,0.666,87.4,0,5,,
1255,Nagpur Railway Project #1255,Nagpur,Railway,490.2,90.5,108,37.8,5,14,16.3,26.1,192,0.198,126.4,1,39,,
1256,Aurangabad Highway Project #1256,Aurangabad,Highway,619.5,32.4,53,84.0,6,9,58.5,54.4,592,0.239,107.8,0,4,,
1257,Nashik Metro Project #1257,Nashik,Metro,212.7,18.2,26,60.9,6,12,72.5,94.7,587,0.587,93.2,0,12,,
1258,Nagpur Highway Project #1258,Nagpur,Highway,754.6,77.5,78,37.0,3,10,85.3,44.4,771,0.98,122.3,1,40,,
1259,Nagpur Highway Project #1259,Nagpur,Highway,337.5,25.8,11,36.6,9,7,62.5,30.9,676,0.975,134.0,1,116,,
1260,Mumbai Metro Project #1260,Mumbai,Metro,679.3,43.5,110,42.5,11,5,26.8,19.2,421,0.249,145.8,1,120,,
1261,Aurangabad Metro Project #1261,Aurangabad,Metro,200.4,12.5,77,66.0,9,1,96.8,63.7,88,0.102,120.7,0,10,,
1262,Mumbai Railway Project #1262,Mumbai,Railway,703.7,22.3,70,30.8,9,3,18.5,73.0,28,0.59,144.5,1,171,,
1263,Pune Railway Project #1263,Pune,Railway,171.8,25.6,16,92.8,12,14,79.2,27.6,487,0.42,93.2,0,0,,
1264,Mumbai Irrigation Project #1264,Mumbai,Irrigation,454.1,14.9,89,61.7,7,5,17.8,70.6,790,0.762,143.9,0,5,,
1265,Mumbai Highway Project #1265,Mumbai,Highway,284.8,69.1,100,92.8,5,8,22.9,91.0,54,0.528,169.0,0,10,,
1266,Nashik Railway Project #1266,Nashik,Railway,761.0,85.3,83,14.2,10,10,90.8,31.9,783,0.511,67.8,1,18,,
1267,Nagpur Irrigation Project #1267,Nagpur,Irrigation,298.9,43.6,9,40.8,12,1,77.8,21.0,231,0.646,108.9,1,83,,
1268,Aurangabad Railway Project #1268,Aurangabad,Railway,887.6,88.7,18,12.1,7,14,42.9,85.2,138,0.126,111.0,1,36,,
1269,Mumbai Metro Project #1269,Mumbai,Metro,897.2,29.2,81,34.5,6,5,67.5,92.5,627,0.677,155.4,1,124,,
1270,Aurangabad Railway Project #1270,Aurangabad,Railway,236.6,39.3,29,87.6,0,15,51.2,29.3,772,0.489,109.7,0,4,,
1271,Mumbai Highway Project #1271,Mumbai,Highway,633.2,23.6,29,13.3,3,9,16.0,74.9,642,0.82,141.9,1,20,,
1272,Pune Railway Project #1272,Pune,Railway,133.3,65.9,24,49.3,6,10,74.9,63.2,239,0.139,100.4,1,164,,
1273,Mumbai Highway Project #1273,Mumbai,Highway,422.0,47.8,87,20.6,8,9,78.7,31.5,236,0.301,162.6,1,30,,
1274,Nashik Metro Project #1274,Nashik,Metro,727.7,65.2,73,47.5,1,9,89.4,84.1,406,0.95,53.5,0,8,,
1275,Nagpur Highway Project #1275,Nagpur,Highway,676.5,78.6,65,85.5,4,6,58.7,52.3,284,0.553,111.2,0,3,,
1276,Pune Railway Project #1276,Pune,Railway,643.5,59.1,101,66.1,8,13,70.6,73.0,147,0.929,88.4,0,2,,
1277,Mumbai Irrigation Project #1277,Mumbai,Irrigation,318.4,66.5,95,76.3,8,13,49.4,37.1,182,0.689,144.7,0,13,,
1278,Aurangabad Metro Project #1278,Aurangabad,Metro,409.1,94.2,34,41.4,5,14,38.7,83.4,336,0.926,115.3,1,92,,
1279,Pune Railway Project #1279,Pune,Railway,147.8,36.9,50,95.0,6,7,47.1,33.8,792,0.318,108.4,0,3,,
1280,Pune Metro Project #1280,Pune,Metro,733.1,42.3,100,73.8,8,12,92.1,42.8,224,0.091,86.2,0,4,,
1281,Mumbai Metro Project #1281,Mumbai,Metro,528.7,74.6,70,48.0,9,8,24.8,45.2,237,0.802,165.8,1,167,,
1282,Pune Railway Project #1282,Pune,Railway,723.3,65.0,70,48.4,7,4,32.4,28.6,116,0.804,75.3,1,145,,
1283,Aurangabad Railway Project #1283,Aurangabad,Railway,286.5,26.1,26,92.7,9,8,64.6,88.7,168,0.619,114.6,0,0,,
1284,Pune Irrigation Project #1284,Pune,Irrigation,358.2,43.9,9,61.9,5,8,20.5,20.2,145,0.58,84.1,0,8,,
1285,Aurangabad Metro Project #1285,Aurangabad,Metro,367.5,52.1,96,73.6,5,12,90.3,60.7,772,0.915,114.8,0,8,,
1286,Mumbai Metro Project #1286,Mumbai,Metro,74.5,47.7,42,47.5,6,14,14.3,83.3,39,0.176,132.4,1,81,,
1287,Nagpur Railway Project #1287,Nagpur,Railway,374.0,26.0,54,30.1,6,10,78.0,62.3,107,0.617,107.1,1,45,,
1288,Pune Highway Project #1288,Pune,Highway,813.1,93.2,70,75.1,1,6,43.6,39.4,618,0.05,94.8,0,12,,
1289,Nagpur Railway Project #1289,Nagpur,Railway,902.4,78.6,5,64.7,8,1,14.6,80.3,778,0.141,113.7,0,9,,
1290,Aurangabad Metro Project #1290,Aurangabad,Metro,542.3,53.3,5,55.1,3,7,85.9,54.9,793,0.437,106.8,0,7,,
1291,Pune Railway Project #1291,Pune,Railway,482.7,71.2,76,66.2,12,11,67.6,24.7,532,0.821,108.4,0,7,,
1292,Nashik Irrigation Project #1292,Nashik,Irrigation,79.3,90.8,47,28.7,12,4,10.8,38.5,351,0.733,71.4,1,151,,
1293,Nagpur Highway Project #1293,Nagpur,Highway,885.2,22.3,76,81.5,9,12,34.1,63.3,177,0.974,129.0,0,12,,
1294,Pune Railway Project #1294,Pune,Railway,62.4,32.5,1,95.3,8,10,41.7,69.3,220,0.045,82.4,0,6,,
1295,Nagpur Irrigation Project #1295,Nagpur,Irrigation,947.5,58.8,82,90.2,11,7,39.0,59.3,693,0.381,106.6,0,14,,
1296,Pune Metro Project #1296,Pune,Metro,514.8,81.9,50,38.9,10,1,54.9,34.5,641,0.159,89.2,1,177,,
1297,Mumbai Railway Project #1297,Mumbai,Railway,374.8,13.3,60,46.5,9,13,57.4,63.4,194,0.037,135.1,1,64,,
1298,Nagpur Metro Project #1298,Nagpur,Metro,928.0,98.6,18,82.8,2,6,45.7,39.9,441,0.264,113.0,0,2,,
1299,Nashik Irrigation Project #1299,Nashik,Irrigation,73.2,50.9,113,63.6,4,4,39.9,30.2,433,0.244,72.4,0,14,,
1300,Nashik Metro Project #1300,Nashik,Metro,602.4,42.3,120,59.3,4,3,55.4,95.1,48,0.42,68.9,0,14,,
1301,Aurangabad Irrigation Project #1301,Aurangabad,Irrigation,571.5,36.3,101,93.4,6,9,13.0,38.3,396,0.14,113.3,0,7,,
1302,Pune Irrigation Project #1302,Pune,Irrigation,258.4,25.7,1,58.2,11,12,68.1,40.2,778,0.489,96.0,0,3,,
1303,Nagpur Irrigation Project #1303,Nagpur,Irrigation,457.4,81.2,50,56.3,3,15,64.5,90.7,800,0.92,108.0,0,14,,
1304,Aurangabad Railway Project #1304,Aurangabad,Railway,669.7,96.0,25,13.8,10,5,35.1,22.8,751,0.748,100.6,1,126,,
1305,Nagpur Metro Project #1305,Nagpur,Metro,740.8,47.2,69,16.2,12,4,26.2,62.6,460,0.842,98.2,1,65,,
1306,Pune Metro Project #1306,Pune,Metro,50.7,95.7,19,10.7,11,5,16.6,80.5,124,0.805,86.3,1,82,,
1307,Nashik Highway Project #1307,Nashik,Highway,940.0,84.1,22,92.2,3,8,62.9,34.6,410,0.39,77.4,0,11,,
1308,Mumbai Highway Project #1308,Mumbai,Highway,206.3,53.3,53,46.8,12,0,61.2,86.0,313,0.709,164.9,1,72,,
1309,Nashik Highway Project #1309,Nashik,Highway,271.9,70.7,14,52.2,12,12,58.0,79.3,612,0.754,71.9,0,13,,
1310,Aurangabad Highway Project #1310,Aurangabad,Highway,300.3,49.1,5,86.1,0,15,98.7,53.7,318,0.206,123.7,0,10,,
1311,Mumbai Metro Project #1311,Mumbai,Metro,85.9,60.3,91,64.8,5,10,57.8,20.7,582,0.86,153.8,1,120,,
1312,Aurangabad Irrigation Project #1312,Aurangabad,Irrigation,166.9,15.2,34,64.9,3,0,75.0,97.3,112,0.458,111.1,0,7,,
1313,Pune Irrigation Project #1313,Pune,Irrigation,987.0,72.7,74,36.7,10,12,20.2,66.2,736,0.016,83.9,1,167,,
1314,Mumbai Railway Project #1314,Mumbai,Railway,349.5,14.8,7,85.1,9,5,36.9,56.5,111,0.643,126.1,0,10,,
1315,Aurangabad Irrigation Project #1315,Aurangabad,Irrigation,159.5,83.5,56,24.9,9,1,34.8,89.7,664,0.677,122.2,1,166,,
1316,Pune Metro Project #1316,Pune,Metro,151.6,84.2,117,14.8,4,7,61.8,47.9,99,0.552,89.5,1,50,,
1317,Nashik Metro Project #1317,Nashik,Metro,733.5,31.3,49,27.2,10,6,39.8,60.7,127,0.212,83.9,1,144,,
1318,Pune Metro Project #1318,Pune,Metro,861.8,39.1,48,34.1,8,5,67.7,87.3,148,0.482,80.5,1,49,,
1319,Nagpur Railway Project #1319,Nagpur,Railway,294.1,53.3,114,35.4,3,15,72.1,45.4,312,0.4,144.3,1,139,,
1320,Pune Highway Project #1320,Pune,Highway,69.9,63.7,114,70.3,0,15,13.0,79.5,761,0.975,87.5,1,114,,
1321,Pune Irrigation Project #1321,Pune,Irrigation,261.9,35.9,87,29.6,10,3,67.6,33.1,657,0.825,83.1,1,22,,
1322,Nagpur Metro Project #1322,Nagpur,Metro,103.7,63.3,20,70.9,8,8,20.5,73.2,526,0.762,117.9,0,12,,
1323,Aurangabad Metro Project #1323,Aurangabad,Metro,148.2,36.8,112,18.2,4,6,51.9,55.9,218,0.181,111.7,1,140,,
1324,Aurangabad Highway Project #1324,Aurangabad,Highway,459.9,15.0,35,23.2,9,6,75.4,24.8,96,0.331,109.3,1,118,,
1325,Pune Metro Project #1325,Pune,Metro,268.4,10.2,70,55.8,12,14,73.3,22.2,328,0.38,84.8,0,0,,
1326,Nagpur Irrigation Project #1326,Nagpur,Irrigation,540.1,19.1,68,93.0,11,4,37.0,51.2,798,0.493,102.0,0,2,,
1327,Nagpur Railway Project #1327,Nagpur,Railway,290.8,81.3,57,87.4,12,0,34.5,74.0,642,0.03,112.0,0,3,,
1328,Nashik Metro Project #1328,Nashik,Metro,943.5,96.5,62,97.2,10,13,49.6,64.3,254,0.593,80.7,0,12,,
1329,Aurangabad Irrigation Project #1329,Aurangabad,Irrigation,910.6,48.4,92,68.5,6,13,27.0,86.9,99,0.358,101.2,0,2,,
1330,Mumbai Metro Project #1330,Mumbai,Metro,588.5,56.1,15,70.8,2,1,97.7,45.1,487,0.562,132.8,0,1,,
1331,Aurangabad Highway Project #1331,Aurangabad,Highway,386.7,23.2,5,66.3,3,7,41.0,85.9,661,0.009,99.4,0,10,,
1332,Aurangabad Metro Project #1332,Aurangabad,Metro,412.1,59.6,77,66.1,11,10,93.1,13.3,121,0.321,109.1,0,6,,
1333,Nashik Metro Project #1333,Nashik,Metro,441.3,23.0,51,23.2,9,4,91.7,42.9,403,0.769,62.4,1,168,,
1334,Mumbai Railway Project #1334,Mumbai,Railway,741.2,65.0,1,58.9,8,1,42.8,16.6,249,0.501,147.2,0,8,,
1335,Nashik Highway Project #1335,Nashik,Highway,479.1,94.0,88,44.7,9,11,32.9,92.7,281,0.789,62.0,1,16,,
1336,Mumbai Highway Project #1336,Mumbai,Highway,863.9,27.6,94,49.8,12,4,79.4,52.8,152,0.699,160.1,1,93,,
1337,Pune Railway Project #1337,Pune,Railway,946.9,78.8,113,57.1,0,7,30.6,38.5,728,0.855,94.9,0,2,,
1338,Mumbai Metro Project #1338,Mumbai,Metro,369.1,12.1,113,21.6,11,3,56.9,54.3,128,0.007,172.2,1,70,,
1339,Nashik Irrigation Project #1339,Nashik,Irrigation,582.7,43.8,76,42.4,10,15,20.0,58.0,605,0.261,66.2,1,156,,
1340,Aurangabad Highway Project #1340,Aurangabad,Highway,140.3,20.0,17,15.7,4,2,44.7,86.2,260,0.549,107.2,1,90,,
1341,Mumbai Highway Project #1341,Mumbai,Highway,240.4,41.7,80,98.2,7,4,17.0,58.8,287,0.941,161.8,0,13,,
1342,Mumbai Metro Project #1342,Mumbai,Metro,442.8,25.6,108,20.7,9,12,35.5,48.8,172,0.68,153.9,1,99,,
1343,Nagpur Metro Project #1343,Nagpur,Metro,245.9,43.6,91,33.3,6,15,69.9,96.5,663,0.457,110.6,1,138,,
1344,Aurangabad Highway Project #1344,Aurangabad,Highway,882.7,47.6,75,90.2,3,6,99.2,97.2,359,0.13,115.6,0,5,,
1345,Pune Metro Project #1345,Pune,Metro,200.4,37.1,34,53.4,6,15,32.9,13.5,40,0.493,94.0,0,0,,
1346,Nashik Irrigation Project #1346,Nashik,Irrigation,482.9,69.1,85,22.2,0,1,52.6,73.6,467,0.441,52.1,0,12,,
1347,Pune Highway Project #1347,Pune,Highway,625.4,92.7,38,44.6,5,0,50.3,43.5,100,0.778,83.5,1,34,,
1348,Aurangabad Irrigation Project #1348,Aurangabad,Irrigation,707.3,46.1,0,20.4,8,12,26.6,70.8,137,0.413,111.9,1,138,,
1349,Mumbai Irrigation Project #1349,Mumbai,Irrigation,413.9,27.3,36,28.0,2,10,64.9,67.3,788,0.319,164.5,0,6,,
1350,Mumbai Metro Project #1350,Mumbai,Metro,875.6,34.4,20,14.7,3,4,75.2,39.7,557,0.09,157.0,1,93,,
1351,Aurangabad Irrigation Project #1351,Aurangabad,Irrigation,589.9,86.9,0,49.4,7,12,23.2,98.8,734,0.047,104.4,1,75,,
1352,Mumbai Metro Project #1352,Mumbai,Metro,467.5,61.4,3,82.6,11,12,78.1,42.1,518,0.439,142.9,0,13,,
1353,Mumbai Railway Project #1353,Mumbai,Railway,113.9,51.0,95,62.7,4,6,73.0,66.9,754,0.347,158.0,0,4,,
1354,Mumbai Metro Project #1354,Mumbai,Metro,491.5,23.5,57,64.6,4,15,27.8,83.2,749,0.555,125.7,0,4,,
1355,Nashik Irrigation Project #1355,Nashik,Irrigation,829.7,50.5,0,28.1,0,12,68.4,23.1,246,0.712,61.9,0,5,,
1356,Nashik Railway Project #1356,Nashik,Railway,633.8,35.1,12,41.0,5,7,45.4,37.1,542,0.04,84.1,1,91,,
1357,Nagpur Metro Project #1357,Nagpur,Metro,840.6,94.9,45,86.1,1,10,71.3,27.9,617,0.496,123.0,0,13,,
1358,Pune Irrigation Project #1358,Pune,Irrigation,519.3,89.6,46,17.9,0,7,54.6,80.4,60,0.862,82.4,0,14,,
1359,Aurangabad Highway Project #1359,Aurangabad,Highway,162.5,17.6,80,87.2,5,9,14.3,82.1,478,0.455,98.0,0,14,,
1360,Aurangabad Highway Project #1360,Aurangabad,Highway,63.0,56.5,75,53.5,4,8,80.8,33.0,397,0.521,118.4,0,3,,
1361,Aurangabad Metro Project #1361,Aurangabad,Metro,338.1,30.3,6,85.3,12,10,60.0,10.4,71,0.487,110.8,0,9,,
1362,Nagpur Metro Project #1362,Nagpur,Metro,713.1,47.0,118,38.6,4,10,75.2,48.1,352,0.39,117.8,1,153,,
1363,Nashik Highway Project #1363,Nashik,Highway,800.7,88.9,50,40.5,8,11,21.3,71.8,162,0.11,73.7,1,25,,
1364,Nagpur Irrigation Project #1364,Nagpur,Irrigation,331.0,57.5,118,77.6,11,0,74.9,66.0,745,0.126,121.6,0,8,,
1365,Aurangabad Irrigation Project #1365,Aurangabad,Irrigation,520.9,40.1,2,80.6,9,6,47.2,50.1,663,0.179,110.9,0,6,,
1366,Pune Irrigation Project #1366,Pune,Irrigation,450.1,28.7,49,30.7,9,9,81.9,37.2,50,0.793,76.8,1,133,,
1367,Mumbai Metro Project #1367,Mumbai,Metro,440.0,82.0,25,97.6,12,7,63.9,52.7,495,0.275,139.7,0,2,,
1368,Nashik Railway Project #1368,Nashik,Railway,269.8,66.2,30,17.6,2,5,41.9,11.4,687,0.948,77.5,0,9,,
1369,Nashik Railway Project #1369,Nashik,Railway,179.6,52.1,99,16.2,0,9,28.2,16.6,711,0.81,75.6,1,171,,
1370,Nagpur Railway Project #1370,Nagpur,Railway,236.9,29.6,61,63.6,7,15,83.4,24.6,566,0.685,123.8,0,10,,
1371,Nashik Railway Project #1371,Nashik,Railway,102.6,40.1,25,75.0,11,13,60.4,66.3,729,0.72,64.1,0,2,,
1372,Aurangabad Railway Project #1372,Aurangabad,Railway,238.2,96.4,66,96.5,4,11,98.9,29.7,391,0.048,117.7,0,2,,
1373,Aurangabad Metro Project #1373,Aurangabad,Metro,58.7,56.8,107,46.4,10,3,43.6,48.1,105,0.568,106.3,1,145,,
1374,Nagpur Metro Project #1374,Nagpur,Metro,645.9,46.1,54,12.3,4,6,71.7,65.9,796,0.941,133.0,1,34,,
1375,Aurangabad Railway Project #1375,Aurangabad,Railway,350.6,56.9,27,64.3,7,2,66.1,84.8,302,0.039,102.5,0,1,,
1376,Pune Metro Project #1376,Pune,Metro,974.5,80.1,43,36.1,7,1,67.4,59.5,244,0.291,84.7,1,17,,
1377,Nagpur Metro Project #1377,Nagpur,Metro,234.0,40.6,80,49.0,10,5,76.3,25.9,350,0.052,118.5,1,171,,
1378,Pune Railway Project #1378,Pune,Railway,378.5,26.1,37,54.0,1,1,22.5,95.7,728,0.57,98.5,0,11,,
1379,Mumbai Irrigation Project #1379,Mumbai,Irrigation,389.9,62.6,110,15.8,2,5,59.5,18.1,547,0.116,149.6,0,0,,
1380,Pune Metro Project #1380,Pune,Metro,58.0,69.9,29,53.7,9,9,55.8,43.0,359,0.479,90.4,0,9,,
1381,Mumbai Irrigation Project #1381,Mumbai,Irrigation,847.2,74.1,65,48.4,9,2,40.8,92.9,216,0.72,146.1,1,108,,
1382,Mumbai Metro Project #1382,Mumbai,Metro,80.4,89.4,7,74.1,0,13,49.3,64.2,500,0.164,152.7,0,10,,
1383,Pune Metro Project #1383,Pune,Metro,943.2,43.4,13,68.1,2,1,56.7,69.6,390,0.755,89.3,0,0,,
1384,Nagpur Railway Project #1384,Nagpur,Railway,897.5,16.8,100,26.7,11,12,38.9,37.2,150,0.06,112.2,1,65,,
1385,Aurangabad Metro Project #1385,Aurangabad,Metro,558.7,96.3,98,28.6,3,7,36.4,17.1,608,0.15,111.3,1,131,,
1386,Aurangabad Highway Project #1386,Aurangabad,Highway,566.4,49.2,105,32.6,10,3,76.4,42.9,619,0.28,111.5,1,111,,
1387,Mumbai Highway Project #1387,Mumbai,Highway,671.1,66.1,102,26.1,6,14,16.0,46.2,32,0.796,173.5,1,44,,
1388,Mumbai Railway Project #1388,Mumbai,Railway,417.7,70.0,61,69.1,8,11,38.2,34.3,771,0.85,143.9,0,2,,
1389,Nagpur Irrigation Project #1389,Nagpur,Irrigation,664.9,59.2,74,99.5,11,13,68.8,29.4,373,0.22,111.6,0,11,,
1390,Nashik Irrigation Project #1390,Nashik,Irrigation,92.5,28.5,62,68.7,4,3,28.8,42.0,771,0.096,72.8,0,1,,
1391,Pune Irrigation Project #1391,Pune,Irrigation,101.3,78.0,78,64.6,11,6,61.5,67.5,157,0.848,80.1,0,12,,
1392,Mumbai Highway Project #1392,Mumbai,Highway,484.4,82.3,65,46.9,0,7,37.2,95.4,575,0.649,139.3,0,13,,
1393,Aurangabad Irrigation Project #1393,Aurangabad,Irrigation,572.1,59.8,100,38.1,1,11,85.9,73.3,560,0.158,95.6,0,9,,
1394,Nagpur Irrigation Project #1394,Nagpur,Irrigation,893.4,54.0,106,92.0,9,12,41.5,80.2,514,0.558,112.3,0,14,,
1395,Pune Railway Project #1395,Pune,Railway,149.4,20.3,95,97.2,1,8,30.7,37.5,227,0.872,82.5,1,178,,
1396,Nagpur Irrigation Project #1396,Nagpur,Irrigation,831.5,17.6,39,54.7,8,9,57.7,19.4,491,0.07,107.2,0,5,,
1397,Pune Highway Project #1397,Pune,Highway,249.5,40.6,12,36.1,9,7,22.2,36.2,425,0.084,87.5,1,127,,
1398,Pune Highway Project #1398,Pune,Highway,424.4,38.0,106,79.3,6,13,81.8,46.2,758,0.274,66.3,0,3,,
1399,Mumbai Highway Project #1399,Mumbai,Highway,350.8,95.8,16,21.9,1,3,71.2,72.1,334,0.652,154.9,0,11,,
1400,Nagpur Railway Project #1400,Nagpur,Railway,430.1,80.5,14,78.9,0,1,79.3,94.5,798,0.178,114.4,0,3,,
1401,Nagpur Railway Project #1401,Nagpur,Railway,193.0,69.4,32,83.7,4,9,45.9,82.8,746,0.816,115.9,0,10,,
1402,Aurangabad Metro Project #1402,Aurangabad,Metro,528.4,56.6,114,21.2,11,15,85.2,34.0,498,0.75,115.9,1,167,,
1403,Aurangabad Irrigation Project #1403,Aurangabad,Irrigation,811.6,25.1,15,97.9,0,4,54.4,83.8,417,0.561,113.7,0,4,,
1404,Mumbai Railway Project #1404,Mumbai,Railway,469.5,98.1,114,98.7,8,6,18.5,47.1,153,0.116,143.7,0,14,,
1405,Mumbai Highway Project #1405,Mumbai,Highway,516.1,43.8,12,94.3,2,1,30.2,25.8,220,0.988,154.5,1,57,,
1406,Nashik Highway Project #1406,Nashik,Highway,856.3,19.6,118,54.6,1,14,74.0,51.5,675,0.49,85.5,0,12,,
1407,Aurangabad Railway Project #1407,Aurangabad,Railway,720.8,54.4,85,32.1,12,3,90.7,60.7,268,0.452,99.9,1,68,,
1408,Pune Railway Project #1408,Pune,Railway,515.9,88.7,22,62.4,5,5,18.6,78.7,236,0.996,97.5,0,0,,
1409,Nagpur Railway Project #1409,Nagpur,Railway,294.8,89.9,35,47.8,2,7,87.8,41.5,603,0.864,108.9,0,1,,
1410,Mumbai Metro Project #1410,Mumbai,Metro,890.7,11.0,42,28.5,4,9,81.9,23.2,381,0.456,161.8,1,126,,
1411,Nagpur Highway Project #1411,Nagpur,Highway,598.2,89.8,49,48.1,9,12,42.1,18.5,400,0.419,112.9,1,70,,
1412,Nagpur Metro Project #1412,Nagpur,Metro,260.1,34.4,113,69.8,7,5,72.0,20.1,97,0.096,112.5,0,3,,
1413,Nashik Metro Project #1413,Nashik,Metro,305.7,13.5,73,16.4,9,5,26.8,95.5,409,0.927,81.5,1,80,,
1414,Aurangabad Irrigation Project #1414,Aurangabad,Irrigation,813.0,86.3,80,40.0,1,5,83.2,95.7,318,0.844,117.2,0,10,,
1415,Mumbai Highway Project #1415,Mumbai,Highway,91.9,87.7,93,11.6,11,3,69.2,97.2,13,0.31,143.2,1,27,,
1416,Nagpur Highway Project #1416,Nagpur,Highway,992.5,63.7,12,77.5,12,12,49.5,37.2,182,0.753,121.3,0,7,,
1417,Mumbai Railway Project #1417,Mumbai,Railway,173.8,61.7,29,67.7,4,15,87.8,27.2,553,0.763,142.9,0,5,,
1418,Pune Railway Project #1418,Pune,Railway,806.3,83.2,56,15.6,10,2,22.5,98.3,755,0.228,74.1,1,175,,
1419,Nashik Irrigation Project #1419,Nashik,Irrigation,425.0,80.8,109,96.8,7,0,86.1,98.9,235,0.614,71.9,0,8,,
1420,Pune Metro Project #1420,Pune,Metro,517.6,90.1,29,12.0,0,1,12.1,17.1,348,0.255,86.4,0,8,,
1421,Mumbai Railway Project #1421,Mumbai,Railway,886.6,59.7,70,63.1,9,1,77.8,77.7,215,0.79,140.5,0,12,,
1422,Mumbai Railway Project #1422,Mumbai,Railway,442.3,97.1,9,79.9,9,9,61.6,36.0,111,0.154,163.0,0,6,,
1423,Aurangabad Highway Project #1423,Aurangabad,Highway,560.6,99.7,98,80.9,10,6,72.7,91.8,67,0.669,100.9,0,9,,
1424,Nagpur Highway Project #1424,Nagpur,Highway,96.8,20.5,65,13.1,12,10,47.1,18.0,790,0.326,121.4,1,87,,
1425,Nagpur Railway Project #1425,Nagpur,Railway,52.2,86.5,93,91.6,11,13,87.8,90.0,159,0.036,130.8,0,9,,
1426,Pune Highway Project #1426,Pune,Highway,282.6,55.0,82,92.7,12,5,38.2,10.2,261,0.124,87.4,0,0,,
1427,Nashik Irrigation Project #1427,Nashik,Irrigation,696.6,44.9,38,60.5,11,14,34.7,57.0,488,0.655,62.7,0,13,,
1428,Nagpur Railway Project #1428,Nagpur,Railway,165.2,65.2,36,53.4,3,7,37.2,40.2,565,0.24,123.0,0,5,,
1429,Aurangabad Highway Project #1429,Aurangabad,Highway,158.1,15.0,2,14.0,4,8,79.7,48.5,437,0.631,114.6,1,155,,
1430,Pune Irrigation Project #1430,Pune,Irrigation,440.4,55.6,88,60.6,9,4,54.6,49.0,551,0.415,98.8,0,5,,
1431,Pune Highway Project #1431,Pune,Highway,665.4,88.4,33,46.8,11,10,58.3,68.8,533,0.693,108.7,1,40,,
1432,Aurangabad Highway Project #1432,Aurangabad,Highway,726.5,29.2,118,79.6,10,2,84.8,12.1,500,0.493,105.4,0,1,,
1433,Nashik Highway Project #1433,Nashik,Highway,219.5,48.4,85,46.3,2,3,85.0,72.2,535,0.309,72.0,0,7,,
1434,Aurangabad Railway Project #1434,Aurangabad,Railway,125.6,94.6,37,71.5,11,13,24.6,12.0,301,0.146,97.3,0,10,,
1435,Nashik Metro Project #1435,Nashik,Metro,943.4,48.6,13,19.1,1,10,59.5,26.7,54,0.341,76.7,0,3,,
1436,Aurangabad Highway Project #1436,Aurangabad,Highway,297.6,42.3,63,22.0,11,7,21.3,64.6,209,0.635,111.8,1,93,,
1437,Aurangabad Irrigation Project #1437,Aurangabad,Irrigation,860.7,49.6,38,22.6,2,2,88.2,17.8,33,0.74,108.2,0,14,,
1438,Mumbai Railway Project #1438,Mumbai,Railway,870.3,56.8,53,14.1,10,1,85.3,99.2,772,0.16,143.8,0,0,,
1439,Pune Railway Project #1439,Pune,Railway,783.9,66.9,1,58.7,4,6,86.4,80.6,640,0.664,86.5,0,7,,
1440,Aurangabad Irrigation Project #1440,Aurangabad,Irrigation,210.4,82.1,95,81.5,6,13,73.4,73.5,396,0.179,112.4,0,12,,
1441,Aurangabad Highway Project #1441,Aurangabad,Highway,830.7,50.7,42,64.9,1,3,52.0,34.1,599,0.222,100.3,0,0,,
1442,Nagpur Metro Project #1442,Nagpur,Metro,780.8,83.6,52,61.7,12,12,46.4,14.4,444,0.531,116.9,0,1,,
1443,Pune Highway Project #1443,Pune,Highway,616.9,58.0,2,71.3,6,7,45.6,98.1,251,0.289,90.2,0,0,,
1444,Nagpur Irrigation Project #1444,Nagpur,Irrigation,370.3,40.5,40,40.6,5,0,16.0,23.3,212,0.662,104.6,1,135,,
1445,Pune Railway Project #1445,Pune,Railway,299.4,69.2,7,42.6,6,7,95.4,84.8,246,0.956,79.5,1,71,,
1446,Nagpur Metro Project #1446,Nagpur,Metro,165.8,74.6,89,38.3,6,4,50.5,27.8,303,0.149,113.4,1,121,,
1447,Aurangabad Railway Project #1447,Aurangabad,Railway,534.3,60.2,95,74.1,8,11,93.7,43.7,357,0.571,125.7,0,10,,
1448,Aurangabad Irrigation Project #1448,Aurangabad,Irrigation,606.0,15.1,74,24.5,6,1,89.1,72.4,96,0.923,101.7,1,35,,
1449,Mumbai Highway Project #1449,Mumbai,Highway,391.4,25.3,113,11.2,11,0,84.6,95.1,219,0.177,149.4,1,87,,
1450,Nagpur Metro Project #1450,Nagpur,Metro,501.6,35.7,62,63.7,12,12,62.9,11.8,797,0.367,109.6,0,5,,
1451,Nashik Railway Project #1451,Nashik,Railway,395.3,35.4,64,94.8,5,5,19.1,33.5,618,0.124,62.2,0,10,,
1452,Mumbai Railway Project #1452,Mumbai,Railway,659.0,70.6,78,64.8,9,13,39.2,78.8,11,0.642,135.6,0,5,,
1453,Nagpur Railway Project #1453,Nagpur,Railway,906.2,11.7,3,80.5,7,8,64.3,25.6,238,0.669,126.7,0,9,,
1454,Nagpur Highway Project #1454,Nagpur,Highway,205.7,78.0,67,70.6,6,8,11.2,20.0,419,0.664,106.7,0,0,,
1455,Mumbai Metro Project #1455,Mumbai,Metro,412.3,33.9,91,54.8,5,8,13.8,14.2,252,0.542,159.1,0,7,,
1456,Aurangabad Highway Project #1456,Aurangabad,Highway,183.8,37.9,9,74.7,3,10,71.0,55.2,779,0.746,114.7,0,9,,
1457,Nagpur Highway Project #1457,Nagpur,Highway,643.7,57.5,74,84.2,6,3,89.9,79.1,477,0.036,119.2,0,10,,
1458,Aurangabad Highway Project #1458,Aurangabad,Highway,742.4,29.4,49,30.2,11,5,87.0,96.6,467,0.958,119.4,1,55,,
1459,Mumbai Irrigation Project #1459,Mumbai,Irrigation,935.3,89.6,22,40.3,7,13,25.1,34.1,563,0.222,181.0,1,100,,
1460,Aurangabad Irrigation Project #1460,Aurangabad,Irrigation,314.9,17.7,60,30.1,7,11,92.0,20.9,222,0.122,114.8,1,167,,
1461,Pune Irrigation Project #1461,Pune,Irrigation,952.7,50.0,46,50.7,11,9,72.7,46.2,395,0.941,78.8,0,10,,
1462,Nashik Metro Project #1462,Nashik,Metro,110.1,86.4,2,89.7,11,5,74.5,15.0,421,0.83,84.9,0,8,,
1463,Nagpur Highway Project #1463,Nagpur,Highway,622.9,65.4,102,41.1,3,4,37.4,39.8,524,0.765,121.9,1,122,,
1464,Nashik Highway Project #1464,Nashik,Highway,104.3,36.3,102,43.7,9,1,74.4,67.9,537,0.105,91.1,1,84,,
1465,Aurangabad Irrigation Project #1465,Aurangabad,Irrigation,899.1,47.9,16,87.4,8,6,73.9,25.1,397,0.808,104.9,0,3,,
1466,Nagpur Highway Project #1466,Nagpur,Highway,553.3,73.6,21,56.4,2,14,63.5,66.9,288,0.609,132.8,0,6,,
1467,Aurangabad Highway Project #1467,Aurangabad,Highway,685.9,97.6,115,58.2,8,12,42.2,97.5,111,0.732,110.0,0,11,,
1468,Pune Railway Project #1468,Pune,Railway,840.0,90.4,90,87.5,2,0,83.0,87.8,598,0.978,116.6,0,14,,
1469,Mumbai Highway Project #1469,Mumbai,Highway,192.8,40.8,119,54.1,12,5,94.4,42.1,399,0.194,147.2,0,9,,
1470,Nagpur Railway Project #1470,Nagpur,Railway,86.7,99.8,15,71.3,6,4,88.3,47.9,211,0.504,150.0,0,0,,
1471,Pune Highway Project #1471,Pune,Highway,884.9,10.3,79,17.7,3,4,31.9,47.7,576,0.753,94.4,1,149,,
1472,Pune Metro Project #1472,Pune,Metro,349.2,12.5,103,26.1,4,7,50.1,87.4,730,0.434,98.5,1,91,,
1473,Nagpur Irrigation Project #1473,Nagpur,Irrigation,172.5,84.1,2,46.4,12,8,40.8,99.4,401,0.055,137.0,1,127,,
1474,Aurangabad Railway Project #1474,Aurangabad,Railway,495.0,28.0,51,54.5,2,6,73.7,84.3,363,0.111,102.1,0,2,,
1475,Pune Irrigation Project #1475,Pune,Irrigation,618.4,15.5,110,96.9,1,9,84.8,60.2,602,0.602,99.7,0,4,,
1476,Nashik Railway Project #1476,Nashik,Railway,79.4,31.3,32,97.4,11,12,29.4,18.8,765,0.285,67.1,0,7,,
1477,Pune Railway Project #1477,Pune,Railway,311.2,48.3,41,86.6,7,7,95.3,95.9,244,0.138,91.5,0,9,,
1478,Aurangabad Railway Project #1478,Aurangabad,Railway,81.2,75.8,1,38.4,6,13,71.0,87.4,123,0.34,110.8,1,33,,
1479,Aurangabad Metro Project #1479,Aurangabad,Metro,449.3,66.2,38,96.8,6,1,29.7,85.7,76,0.201,115.7,0,14,,
1480,Nashik Highway Project #1480,Nashik,Highway,900.3,31.4,45,72.0,7,1,43.4,45.3,49,0.024,75.3,0,14,,
1481,Pune Railway Project #1481,Pune,Railway,983.5,55.3,47,45.4,12,11,19.4,50.2,742,0.152,84.2,1,16,,
1482,Aurangabad Metro Project #1482,Aurangabad,Metro,655.2,93.4,26,73.2,0,14,63.7,20.8,112,0.883,111.2,0,10,,
1483,Nagpur Railway Project #1483,Nagpur,Railway,203.6,83.4,14,11.5,11,15,25.2,94.4,420,0.012,96.7,1,142,,
1484,Mumbai Highway Project #1484,Mumbai,Highway,910.6,39.1,6,23.2,7,7,72.4,94.9,304,0.774,159.9,1,32,,
1485,Mumbai Railway Project #1485,Mumbai,Railway,540.4,98.4,108,84.7,9,5,76.4,32.9,574,0.753,166.9,0,9,,
1486,Mumbai Metro Project #1486,Mumbai,Metro,196.1,73.8,56,68.1,11,7,53.1,72.6,573,0.564,151.9,0,7,,
1487,Pune Highway Project #1487,Pune,Highway,925.6,15.6,41,42.8,4,13,18.4,28.3,46,0.208,73.9,1,164,,
1488,Nashik Metro Project #1488,Nashik,Metro,769.6,13.2,8,55.1,7,8,65.0,45.4,76,0.878,77.4,0,8,,
1489,Aurangabad Highway Project #1489,Aurangabad,Highway,745.1,25.2,104,91.5,8,8,43.5,37.2,412,0.475,102.4,0,4,,
1490,Nagpur Highway Project #1490,Nagpur,Highway,723.7,75.5,5,66.8,12,15,95.5,45.1,683,0.173,121.8,0,4,,
1491,Nagpur Irrigation Project #1491,Nagpur,Irrigation,240.3,26.5,119,45.8,1,10,56.2,37.8,215,0.429,126.9,0,10,,
1492,Pune Irrigation Project #1492,Pune,Irrigation,250.5,56.0,56,20.8,2,5,16.5,41.1,350,0.195,95.5,0,3,,
1493,Mumbai Irrigation Project #1493,Mumbai,Irrigation,703.9,18.4,75,36.4,5,15,67.2,81.2,61,0.376,160.8,1,141,,
1494,Pune Highway Project #1494,Pune,Highway,258.7,92.9,29,98.1,8,7,80.1,37.0,435,0.497,91.5,0,0,,
1495,Nashik Railway Project #1495,Nashik,Railway,466.7,41.0,54,49.4,9,14,24.4,83.3,218,0.36,71.7,1,166,,
1496,Nashik Metro Project #1496,Nashik,Metro,792.9,91.7,83,52.5,9,1,50.4,61.1,523,0.657,77.4,0,5,,
1497,Aurangabad Metro Project #1497,Aurangabad,Metro,794.8,95.0,83,54.9,7,7,76.9,80.2,650,0.936,109.3,0,6,,
1498,Aurangabad Metro Project #1498,Aurangabad,Metro,480.6,10.6,53,89.6,12,2,11.8,92.7,187,0.348,103.1,0,7,,
1499,Nashik Irrigation Project #1499,Nashik,Irrigation,802.6,51.8,109,64.4,5,13,12.6,22.5,685,0.356,74.5,1,152,,
1500,Nashik Highway Project #1500,Nashik,Highway,846.7,12.2,26,72.4,4,0,70.9,41.0,31,0.738,58.7,0,11,,
1501,Nashik Irrigation Project #1501,Nashik,Irrigation,672.0,91.8,83,45.0,12,6,75.3,15.0,378,0.531,69.2,1,112,,
1502,Pune Railway Project #1502,Pune,Railway,267.0,56.7,58,12.6,2,15,86.1,46.6,748,0.429,76.2,0,14,,
1503,Nashik Highway Project #1503,Nashik,Highway,310.3,16.7,6,93.8,11,0,46.0,31.4,91,0.814,64.5,0,11,,
1504,Nagpur Metro Project #1504,Nagpur,Metro,349.1,19.9,39,95.4,3,13,45.1,61.5,173,0.891,114.9,0,2,,
1505,Mumbai Irrigation Project #1505,Mumbai,Irrigation,161.0,44.5,103,95.4,12,10,59.7,80.5,386,0.591,140.2,0,7,,
1506,Nashik Irrigation Project #1506,Nashik,Irrigation,309.5,94.6,93,94.9,12,0,78.2,53.8,12,0.185,81.0,0,9,,
1507,Mumbai Railway Project #1507,Mumbai,Railway,249.0,72.4,71,83.4,6,0,67.7,40.0,693,0.466,160.2,0,14,,
1508,Pune Railway Project #1508,Pune,Railway,482.6,88.1,1,71.6,6,3,39.5,23.7,127,0.504,103.1,0,14,,
1509,Mumbai Irrigation Project #1509,Mumbai,Irrigation,913.0,43.0,13,86.0,2,12,41.2,12.4,665,0.432,148.1,0,10,,
1510,Pune Railway Project #1510,Pune,Railway,149.3,13.9,9,64.0,3,15,78.7,71.0,773,0.262,85.7,0,9,,
1511,Nagpur Metro Project #1511,Nagpur,Metro,734.3,97.7,49,22.1,2,13,58.1,12.7,404,0.472,128.0,0,4,,
1512,Pune Railway Project #1512,Pune,Railway,702.9,11.5,17,45.2,1,11,18.8,92.9,275,0.447,91.3,0,11,,
1513,Pune Railway Project #1513,Pune,Railway,141.0,95.3,17,97.4,5,14,23.8,63.5,444,0.209,91.2,0,4,,
1514,Aurangabad Irrigation Project #1514,Aurangabad,Irrigation,926.4,43.2,15,41.6,6,12,86.6,41.8,691,0.903,84.6,1,142,,
1515,Nashik Irrigation Project #1515,Nashik,Irrigation,590.0,10.9,51,88.1,3,13,99.9,13.8,734,0.885,77.6,0,4,,
1516,Nashik Highway Project #1516,Nashik,Highway,395.5,72.0,68,18.4,4,11,40.2,47.2,236,0.76,76.2,1,100,,
1517,Nagpur Highway Project #1517,Nagpur,Highway,768.7,98.2,51,40.1,7,15,44.8,88.1,385,0.401,119.9,1,44,,
1518,Nagpur Irrigation Project #1518,Nagpur,Irrigation,294.5,96.9,30,41.6,8,3,23.9,97.3,271,0.37,128.2,1,91,,
1519,Nashik Railway Project #1519,Nashik,Railway,708.8,24.5,100,14.6,6,13,31.2,17.6,375,0.716,76.0,1,179,,
1520,Aurangabad Railway Project #1520,Aurangabad,Railway,87.7,26.3,83,20.7,9,9,48.2,79.9,776,0.608,103.0,1,72,,
1521,Nashik Highway Project #1521,Nashik,Highway,847.4,60.9,22,27.4,0,10,35.6,33.3,437,0.601,67.8,0,9,,
1522,Aurangabad Highway Project #1522,Aurangabad,Highway,475.8,67.4,95,85.4,10,5,73.1,44.1,17,0.124,99.9,0,5,,
1523,Nagpur Highway Project #1523,Nagpur,Highway,654.9,76.5,41,15.7,2,11,58.4,59.3,50,0.618,134.6,0,8,,
1524,Mumbai Metro Project #1524,Mumbai,Metro,260.2,26.3,80,36.9,10,9,84.0,99.5,266,0.902,159.8,1,149,,
1525,Nagpur Metro Project #1525,Nagpur,Metro,693.2,96.3,61,10.9,4,11,75.2,28.8,652,0.086,111.9,1,49,,
1526,Nagpur Highway Project #1526,Nagpur,Highway,783.6,67.5,76,72.6,2,2,21.5,21.7,573,0.339,126.2,0,12,,
1527,Pune Railway Project #1527,Pune,Railway,499.6,86.2,112,65.8,0,14,21.1,63.5,111,0.509,92.8,1,92,,
1528,Pune Highway Project #1528,Pune,Highway,636.8,58.6,49,68.0,1,15,90.6,86.8,228,0.686,83.1,0,13,,
1529,Pune Metro Project #1529,Pune,Metro,483.5,47.3,76,43.7,7,9,83.8,68.3,253,0.09,91.2,1,124,,
1530,Pune Railway Project #1530,Pune,Railway,899.4,97.9,80,28.7,6,5,52.1,41.3,312,0.873,98.6,1,99,,
1531,Aurangabad Metro Project #1531,Aurangabad,Metro,523.0,62.4,14,74.8,12,12,21.7,97.9,379,0.041,119.4,0,12,,
1532,Nashik Railway Project #1532,Nashik,Railway,849.7,88.0,89,83.0,9,6,90.9,99.6,284,0.858,93.3,0,13,,
1533,Mumbai Metro Project #1533,Mumbai,Metro,811.3,95.8,43,22.5,2,10,30.8,79.4,79,0.028,150.9,0,4,,
1534,Nagpur Railway Project #1534,Nagpur,Railway,440.0,70.8,91,53.8,3,15,13.2,82.2,56,0.154,117.6,0,10,,
1535,Aurangabad Railway Project #1535,Aurangabad,Railway,268.6,59.4,41,32.4,12,0,93.2,78.5,126,0.8,115.6,1,57,,
1536,Mumbai Railway Project #1536,Mumbai,Railway,435.8,10.3,44,25.1,2,13,82.8,33.2,599,0.86,148.2,0,5,,
1537,Aurangabad Railway Project #1537,Aurangabad,Railway,834.9,13.6,93,76.1,12,15,72.4,23.5,526,0.982,104.2,1,64,,
1538,Aurangabad Irrigation Project #1538,Aurangabad,Irrigation,266.3,28.1,106,58.4,3,13,13.1,59.9,263,0.116,100.7,0,3,,
1539,Nagpur Metro Project #1539,Nagpur,Metro,548.2,26.7,34,29.5,7,5,57.6,95.9,628,0.526,85.7,1,77,,
1540,Nashik Metro Project #1540,Nashik,Metro,815.8,32.9,21,37.9,8,9,68.8,89.0,765,0.077,77.3,1,173,,
1541,Pune Irrigation Project #1541,Pune,Irrigation,385.8,37.4,73,97.0,6,0,78.3,19.6,182,0.156,73.6,0,2,,
1542,Nashik Railway Project #1542,Nashik,Railway,660.1,42.4,74,86.4,8,6,52.4,15.1,438,0.174,61.2,0,11,,
1543,Nagpur Railway Project #1543,Nagpur,Railway,283.3,47.8,37,89.2,8,14,95.8,88.6,45,0.063,122.9,0,0,,
1544,Nagpur Metro Project #1544,Nagpur,Metro,153.8,18.9,96,51.4,6,9,32.0,65.2,416,0.893,116.8,0,14,,
1545,Nagpur Irrigation Project #1545,Nagpur,Irrigation,804.7,13.8,69,66.1,6,4,16.3,37.4,425,0.126,141.5,0,8,,
1546,Mumbai Railway Project #1546,Mumbai,Railway,144.0,70.7,63,43.9,7,9,39.9,60.6,694,0.629,134.9,1,156,,
1547,Nashik Railway Project #1547,Nashik,Railway,307.8,58.4,100,17.0,11,13,69.6,30.0,421,0.626,92.4,1,39,,
1548,Nashik Railway Project #1548,Nashik,Railway,862.4,50.0,6,46.1,9,3,76.3,95.2,497,0.199,83.8,1,99,,
1549,Aurangabad Highway Project #1549,Aurangabad,Highway,379.1,67.1,117,63.5,11,0,76.5,84.4,701,0.998,119.1,0,11,,
1550,Aurangabad Irrigation Project #1550,Aurangabad,Irrigation,974.4,84.5,43,35.8,11,8,20.0,96.6,788,0.347,124.4,1,173,,
1551,Aurangabad Railway Project #1551,Aurangabad,Railway,980.7,48.5,75,86.3,2,14,89.7,26.8,776,0.905,114.0,0,0,,
1552,Nagpur Highway Project #1552,Nagpur,Highway,304.9,67.7,6,23.6,7,6,35.3,85.9,330,0.948,103.0,1,141,,
1553,Nashik Irrigation Project #1553,Nashik,Irrigation,88.9,95.8,65,43.0,0,1,28.9,60.4,82,0.949,75.1,0,3,,
1554,Nagpur Railway Project #1554,Nagpur,Railway,719.8,85.6,59,21.2,12,3,65.3,39.2,578,0.753,105.2,1,132,,
1555,Mumbai Metro Project #1555,Mumbai,Metro,478.4,48.3,0,46.4,5,3,29.1,53.2,587,0.254,144.7,1,60,,
1556,Aurangabad Highway Project #1556,Aurangabad,Highway,145.7,68.0,61,13.6,1,7,55.7,95.0,653,0.121,109.2,0,9,,
1557,Nagpur Highway Project #1557,Nagpur,Highway,722.1,25.9,86,34.5,6,1,46.6,72.2,422,0.57,110.9,1,110,,
1558,Nagpur Railway Project #1558,Nagpur,Railway,79.6,60.4,88,46.1,12,10,30.9,42.4,781,0.36,129.5,1,15,,
1559,Mumbai Railway Project #1559,Mumbai,Railway,876.7,98.3,17,53.0,2,4,36.3,100.0,133,0.831,147.9,0,1,,
1560,Pune Highway Project #1560,Pune,Highway,181.7,56.6,107,58.9,10,9,48.5,41.1,394,0.745,94.1,0,13,,
1561,Nashik Metro Project #1561,Nashik,Metro,170.9,93.5,6,34.7,9,7,41.2,83.2,613,0.276,69.9,1,92,,
1562,Pune Metro Project #1562,Pune,Metro,216.9,46.7,114,57.1,4,15,44.3,80.6,795,0.017,91.3,0,9,,
1563,Aurangabad Irrigation Project #1563,Aurangabad,Irrigation,962.3,99.9,53,55.8,9,5,76.2,75.1,662,0.237,101.1,0,14,,
1564,Nagpur Railway Project #1564,Nagpur,Railway,708.5,62.1,66,38.5,1,3,25.2,70.2,241,0.567,108.3,0,9,,
1565,Mumbai Metro Project #1565,Mumbai,Metro,811.3,13.8,92,84.7,0,4,66.5,19.8,591,0.079,148.5,0,6,,
1566,Mumbai Irrigation Project #1566,Mumbai,Irrigation,427.8,62.8,9,59.1,4,1,71.0,99.5,442,0.658,140.3,0,6,,
1567,Nashik Metro Project #1567,Nashik,Metro,369.5,34.7,60,39.9,8,4,82.2,24.5,500,0.672,83.9,1,43,,
1568,Pune Railway Project #1568,Pune,Railway,272.8,12.9,58,95.3,8,2,86.3,63.7,696,0.169,76.2,0,9,,
1569,Nashik Irrigation Project #1569,Nashik,Irrigation,506.6,83.9,58,86.1,6,15,24.3,32.4,95,0.596,93.4,0,12,,
1570,Nagpur Irrigation Project #1570,Nagpur,Irrigation,574.2,34.8,106,98.4,8,11,22.4,25.2,774,0.607,123.0,1,174,,
1571,Nashik Irrigation Project #1571,Nashik,Irrigation,650.2,81.7,68,72.3,3,2,65.3,60.4,39,0.478,70.7,0,12,,
1572,Mumbai Metro Project #1572,Mumbai,Metro,294.3,35.9,62,44.0,2,6,78.1,85.3,676,0.953,144.6,0,8,,
1573,Mumbai Railway Project #1573,Mumbai,Railway,951.2,27.5,97,35.3,10,2,34.5,43.9,209,0.108,156.6,1,71,,
1574,Aurangabad Irrigation Project #1574,Aurangabad,Irrigation,211.3,97.7,7,69.7,3,3,57.3,16.9,165,0.407,108.0,0,8,,
1575,Aurangabad Highway Project #1575,Aurangabad,Highway,967.4,42.5,77,98.3,6,6,79.5,66.1,766,0.883,113.0,0,8,,
1576,Nagpur Railway Project #1576,Nagpur,Railway,64.1,64.1,103,66.4,7,13,79.1,79.0,541,0.386,128.4,0,5,,
1577,Pune Highway Project #1577,Pune,Highway,507.1,64.9,54,89.3,1,2,68.8,36.6,724,0.425,96.7,0,11,,
1578,Nashik Highway Project #1578,Nashik,Highway,366.7,60.4,5,39.6,4,9,17.1,72.2,161,0.668,82.4,1,35,,
1579,Nagpur Irrigation Project #1579,Nagpur,Irrigation,476.7,92.3,0,46.6,4,9,14.6,16.8,86,0.666,125.4,1,65,,
1580,Aurangabad Irrigation Project #1580,Aurangabad,Irrigation,592.1,70.7,55,91.6,12,12,45.0,42.5,337,0.023,100.5,0,12,,
1581,Nashik Metro Project #1581,Nashik,Metro,463.8,46.3,96,78.1,8,1,12.4,52.7,181,0.456,49.2,0,5,,
1582,Aurangabad Metro Project #1582,Aurangabad,Metro,444.1,87.6,103,98.3,12,9,91.4,80.4,414,0.334,112.1,0,10,,
1583,Nashik Metro Project #1583,Nashik,Metro,746.1,26.3,74,79.7,12,6,11.8,40.4,415,0.628,72.3,0,7,,
1584,Pune Railway Project #1584,Pune,Railway,701.6,59.0,113,50.4,12,15,12.7,50.8,771,0.556,109.3,1,91,,
1585,Nagpur Metro Project #1585,Nagpur,Metro,841.6,95.5,87,57.8,2,14,24.9,66.6,707,0.651,118.8,1,43,,
1586,Nashik Highway Project #1586,Nashik,Highway,287.5,66.3,9,91.0,11,4,66.4,66.2,371,0.654,73.7,0,10,,
1587,Mumbai Metro Project #1587,Mumbai,Metro,629.1,83.5,107,59.6,5,0,58.7,56.6,137,0.255,157.8,0,7,,
1588,Mumbai Irrigation Project #1588,Mumbai,Irrigation,605.9,68.8,115,33.0,9,11,69.4,39.6,532,0.246,155.1,1,75,,
1589,Nashik Metro Project #1589,Nashik,Metro,401.3,85.5,22,49.2,11,9,90.4,70.3,345,0.37,78.4,1,86,,
1590,Nashik Railway Project #1590,Nashik,Railway,511.8,95.0,15,56.5,4,12,50.9,85.3,763,0.242,61.8,0,3,,
1591,Nashik Railway Project #1591,Nashik,Railway,348.1,34.6,100,18.7,1,7,13.9,23.8,702,0.683,60.2,1,70,,
1592,Mumbai Highway Project #1592,Mumbai,Highway,184.8,25.3,15,76.9,1,2,78.7,40.6,274,0.603,147.2,0,4,,
1593,Mumbai Railway Project #1593,Mumbai,Railway,253.1,53.6,55,19.8,3,10,83.1,70.2,204,0.216,128.3,1,157,,
1594,Nashik Metro Project #1594,Nashik,Metro,150.2,73.2,107,46.4,11,6,14.5,78.0,767,0.884,69.6,1,60,,
1595,Aurangabad Irrigation Project #1595,Aurangabad,Irrigation,698.9,30.4,94,82.4,3,5,31.9,80.3,109,0.461,103.4,0,10,,
1596,Aurangabad Railway Project #1596,Aurangabad,Railway,677.7,10.4,5,52.1,6,9,79.4,68.8,573,0.127,113.2,0,0,,
1597,Pune Highway Project #1597,Pune,Highway,953.1,40.9,29,85.8,11,11,43.9,53.0,380,0.213,87.3,0,2,,
1598,Nagpur Metro Project #1598,Nagpur,Metro,743.2,97.2,62,40.8,0,12,52.5,68.1,437,0.54,109.8,0,2,,
1599,Aurangabad Highway Project #1599,Aurangabad,Highway,99.4,72.5,100,96.2,10,14,84.1,22.2,596,0.338,123.1,0,0,,
1600,Mumbai Railway Project #1600,Mumbai,Railway,890.0,46.1,0,28.9,5,13,18.5,28.7,142,0.851,150.8,1,40,,
1601,Aurangabad Railway Project #1601,Aurangabad,Railway,869.5,27.3,50,13.4,10,5,71.0,93.5,265,0.495,118.6,1,116,,
1602,Pune Highway Project #1602,Pune,Highway,471.2,42.0,105,88.5,12,12,29.3,93.0,459,0.915,91.8,0,11,,
1603,Pune Metro Project #1603,Pune,Metro,606.6,25.3,88,77.7,8,14,15.6,75.1,730,0.102,94.6,0,9,,
1604,Nagpur Railway Project #1604,Nagpur,Railway,977.3,19.6,45,30.9,1,14,69.6,39.4,413,0.669,106.4,0,0,,
1605,Aurangabad Irrigation Project #1605,Aurangabad,Irrigation,555.7,91.6,120,98.6,11,12,20.9,68.4,664,0.886,122.8,1,112,,
1606,Mumbai Railway Project #1606,Mumbai,Railway,910.1,99.8,20,55.2,4,15,77.2,71.9,589,0.293,158.8,0,12,,
1607,Mumbai Metro Project #1607,Mumbai,Metro,128.9,24.8,98,95.6,9,7,28.2,56.4,63,0.136,149.8,0,5,,
1608,Nashik Railway Project #1608,Nashik,Railway,231.5,14.9,37,55.5,10,12,14.4,77.4,788,0.457,72.9,0,6,,
1609,Mumbai Highway Project #1609,Mumbai,Highway,468.7,39.7,68,52.5,9,12,18.9,12.7,416,0.961,160.0,1,26,,
1610,Nagpur Railway Project #1610,Nagpur,Railway,605.5,51.5,62,50.4,3,11,85.7,33.1,394,0.633,116.3,0,3,,
1611,Nagpur Railway Project #1611,Nagpur,Railway,825.4,28.4,112,40.1,3,12,43.4,81.5,251,0.644,104.2,1,38,,
1612,Mumbai Metro Project #1612,Mumbai,Metro,988.8,37.1,49,58.0,7,14,37.2,94.5,56,0.672,146.5,0,8,,
1613,Mumbai Highway Project #1613,Mumbai,Highway,419.4,28.1,11,50.7,5,3,54.2,88.8,124,0.04,151.5,0,12,,
1614,Nashik Metro Project #1614,Nashik,Metro,95.0,79.7,68,13.3,6,3,67.0,74.5,717,0.446,69.7,1,39,,
1615,Mumbai Railway Project #1615,Mumbai,Railway,811.1,74.1,72,33.4,10,11,13.3,24.9,139,0.078,163.2,1,22,,
1616,Nashik Irrigation Project #1616,Nashik,Irrigation,624.2,67.1,43,29.2,11,2,90.8,43.2,566,0.316,60.4,1,178,,
1617,Nashik Railway Project #1617,Nashik,Railway,238.6,44.8,51,88.1,8,0,96.3,14.5,164,0.822,61.7,0,12,,
1618,Mumbai Metro Project #1618,Mumbai,Metro,520.1,91.8,8,63.9,12,13,47.6,67.6,504,0.656,139.4,0,1,,
1619,Pune Irrigation Project #1619,Pune,Irrigation,755.2,97.3,98,78.7,2,9,47.1,50.5,91,0.996,94.3,1,64,,
1620,Pune Metro Project #1620,Pune,Metro,781.9,25.6,64,96.1,10,2,89.1,61.6,788,0.172,74.7,0,9,,
1621,Nashik Metro Project #1621,Nashik,Metro,524.6,30.1,117,68.0,1,14,48.6,98.1,678,0.397,77.4,0,2,,
1622,Mumbai Highway Project #1622,Mumbai,Highway,340.0,57.3,110,98.4,2,0,87.1,46.2,34,0.81,140.7,0,8,,
1623,Pune Irrigation Project #1623,Pune,Irrigation,975.1,18.2,9,38.1,7,5,12.6,37.6,343,0.216,82.3,1,107,,
1624,Mumbai Railway Project #1624,Mumbai,Railway,680.2,49.3,45,26.8,12,7,54.1,23.6,191,0.154,167.7,1,141,,
1625,Mumbai Metro Project #1625,Mumbai,Metro,437.8,62.4,102,46.3,8,2,95.7,22.9,441,0.428,162.3,1,58,,
1626,Mumbai Railway Project #1626,Mumbai,Railway,316.4,57.0,99,52.4,9,13,32.8,56.7,183,0.384,151.2,0,7,,
1627,Aurangabad Highway Project #1627,Aurangabad,Highway,744.5,39.8,57,90.6,4,11,34.0,77.4,50,0.98,96.9,0,9,,
1628,Mumbai Highway Project #1628,Mumbai,Highway,280.1,58.8,36,60.4,7,3,66.7,60.8,454,0.456,170.1,0,13,,
1629,Aurangabad Irrigation Project #1629,Aurangabad,Irrigation,213.1,96.3,51,36.3,10,4,93.4,88.6,404,0.861,108.0,1,154,,
1630,Nashik Highway Project #1630,Nashik,Highway,553.3,28.5,111,76.8,6,6,27.9,38.4,297,0.888,72.5,0,12,,
1631,Pune Highway Project #1631,Pune,Highway,325.5,68.9,98,55.5,11,11,92.9,63.6,570,0.158,99.1,0,6,,
1632,Pune Railway Project #1632,Pune,Railway,647.5,13.9,80,24.6,11,10,69.7,69.5,271,0.715,70.4,1,120,,
1633,Pune Highway Project #1633,Pune,Highway,162.0,16.0,12,61.9,12,5,99.4,35.3,765,0.278,83.6,0,10,,
1634,Pune Highway Project #1634,Pune,Highway,672.2,59.7,5,92.0,8,1,76.3,45.7,66,0.095,89.3,0,3,,
1635,Pune Metro Project #1635,Pune,Metro,319.1,19.4,57,85.8,3,6,70.1,63.2,15,0.875,91.3,0,6,,
1636,Pune Highway Project #1636,Pune,Highway,50.2,12.0,100,62.8,12,15,83.3,11.9,568,0.292,77.0,0,7,,
1637,Pune Metro Project #1637,Pune,Metro,170.6,25.4,47,43.9,9,7,25.8,89.8,584,0.345,93.3,1,46,,
1638,Nashik Highway Project #1638,Nashik,Highway,936.9,60.8,31,17.8,2,13,95.1,20.0,588,0.324,70.3,0,9,,
1639,Mumbai Highway Project #1639,Mumbai,Highway,874.0,73.3,10,52.3,8,11,24.9,14.3,704,0.2,166.7,0,2,,
1640,Nagpur Irrigation Project #1640,Nagpur,Irrigation,271.9,28.2,80,77.7,7,15,12.3,29.4,171,0.435,130.0,1,143,,
1641,Aurangabad Irrigation Project #1641,Aurangabad,Irrigation,789.5,70.1,4,42.4,6,13,72.8,55.2,306,0.428,107.3,1,91,,
1642,Nagpur Metro Project #1642,Nagpur,Metro,628.1,26.4,5,31.2,0,0,26.6,39.6,626,0.409,118.0,0,6,,
1643,Nagpur Highway Project #1643,Nagpur,Highway,972.4,65.2,73,93.8,1,5,78.3,49.6,784,0.916,130.1,0,8,,
1644,Mumbai Railway Project #1644,Mumbai,Railway,404.9,47.1,116,83.9,8,10,81.6,17.6,66,0.34,152.8,0,13,,
1645,Mumbai Irrigation Project #1645,Mumbai,Irrigation,697.4,68.8,96,67.4,4,8,31.3,31.0,537,0.03,136.3,0,12,,
1646,Mumbai Railway Project #1646,Mumbai,Railway,110.4,99.6,93,22.3,0,6,17.8,18.8,68,0.178,170.9,0,11,,
1647,Pune Irrigation Project #1647,Pune,Irrigation,426.4,94.4,20,23.0,8,4,55.1,30.7,175,0.721,80.1,1,26,,
1648,Nashik Irrigation Project #1648,Nashik,Irrigation,965.6,10.4,41,19.3,0,12,90.1,73.3,771,0.591,94.8,0,9,,
1649,Pune Highway Project #1649,Pune,Highway,562.0,89.7,80,65.5,7,13,86.3,61.8,555,0.952,94.3,0,9,,
1650,Nashik Irrigation Project #1650,Nashik,Irrigation,323.5,16.0,26,20.4,4,9,20.5,40.1,55,0.694,63.6,1,59,,
1651,Nashik Railway Project #1651,Nashik,Railway,164.3,95.8,2,85.8,10,10,96.8,33.5,56,0.194,46.3,0,14,,
1652,Nagpur Irrigation Project #1652,Nagpur,Irrigation,718.4,35.4,59,99.4,11,9,33.8,99.8,399,0.121,127.8,0,8,,
1653,Nagpur Metro Project #1653,Nagpur,Metro,662.6,44.4,92,43.0,5,8,41.4,79.1,261,0.521,104.5,1,111,,
1654,Nashik Highway Project #1654,Nashik,Highway,405.2,18.2,65,50.8,0,1,23.4,84.0,175,0.665,73.6,0,9,,
1655,Nashik Highway Project #1655,Nashik,Highway,953.4,20.1,92,74.1,1,6,44.0,12.4,377,0.166,89.3,0,12,,
1656,Pune Metro Project #1656,Pune,Metro,71.1,75.4,48,94.3,6,8,67.2,15.4,388,0.602,78.6,0,14,,
1657,Pune Metro Project #1657,Pune,Metro,338.5,95.0,99,90.5,1,14,55.5,74.1,326,0.865,97.4,1,123,,
1658,Nagpur Metro Project #1658,Nagpur,Metro,925.0,65.0,33,15.2,4,15,84.5,27.3,141,0.728,111.9,1,59,,
1659,Mumbai Irrigation Project #1659,Mumbai,Irrigation,354.9,74.4,36,25.2,10,1,67.7,48.3,398,0.664,161.3,1,140,,
1660,Nashik Highway Project #1660,Nashik,Highway,289.6,78.6,41,77.9,8,12,33.7,26.6,591,0.789,70.7,0,9,,
1661,Pune Metro Project #1661,Pune,Metro,557.5,33.7,64,72.0,4,10,60.2,25.9,581,0.104,89.8,0,3,,
1662,Nagpur Irrigation Project #1662,Nagpur,Irrigation,832.6,14.1,59,22.0,11,9,15.8,19.8,726,0.204,132.1,1,43,,
1663,Pune Metro Project #1663,Pune,Metro,148.0,10.2,89,55.2,2,5,62.3,63.5,759,0.038,96.3,0,0,,
1664,Nashik Railway Project #1664,Nashik,Railway,945.9,41.6,0,80.3,10,14,45.1,76.5,357,0.145,62.0,0,6,,
1665,Nashik Railway Project #1665,Nashik,Railway,805.3,31.7,58,29.7,12,8,18.9,15.1,627,0.913,87.9,1,73,,
1666,Aurangabad Highway Project #1666,Aurangabad,Highway,222.2,15.6,3,88.4,5,14,37.7,34.8,506,0.222,94.6,0,8,,
1667,Mumbai Irrigation Project #1667,Mumbai,Irrigation,726.4,26.2,102,14.8,6,13,90.8,69.3,705,0.662,152.8,1,49,,
1668,Aurangabad Railway Project #1668,Aurangabad,Railway,415.7,21.2,13,80.4,9,2,62.7,45.3,520,0.692,101.8,0,14,,
1669,Nagpur Railway Project #1669,Nagpur,Railway,432.2,92.3,109,65.4,10,7,91.3,73.4,528,0.645,105.1,0,6,,
1670,Pune Irrigation Project #1670,Pune,Irrigation,794.1,22.6,17,38.4,9,13,47.0,78.3,461,0.554,78.7,1,103,,
1671,Nagpur Metro Project #1671,Nagpur,Metro,964.6,58.4,33,74.9,10,4,98.1,12.9,552,0.486,119.5,0,5,,
1672,Nashik Irrigation Project #1672,Nashik,Irrigation,170.3,63.4,0,80.4,7,15,42.4,44.3,225,0.42,73.5,0,1,,
1673,Aurangabad Metro Project #1673,Aurangabad,Metro,449.6,58.9,52,94.1,2,6,78.1,75.6,479,0.917,120.6,0,4,,
1674,Aurangabad Railway Project #1674,Aurangabad,Railway,506.9,18.9,21,43.1,10,12,37.5,44.1,313,0.01,124.8,1,138,,
1675,Aurangabad Railway Project #1675,Aurangabad,Railway,407.5,38.7,79,71.7,3,11,19.5,10.5,307,0.053,112.8,0,3,,
1676,Nagpur Railway Project #1676,Nagpur,Railway,395.0,14.6,60,64.2,9,2,85.0,40.3,355,0.493,115.6,0,13,,
1677,Nashik Highway Project #1677,Nashik,Highway,99.7,45.6,21,57.3,3,7,78.6,88.5,295,0.331,80.4,0,7,,
1678,Pune Highway Project #1678,Pune,Highway,701.3,27.0,49,90.1,1,1,83.9,95.7,135,0.408,83.9,0,8,,
1679,Pune Highway Project #1679,Pune,Highway,464.4,60.5,15,10.3,6,12,37.0,60.4,60,0.998,74.0,1,70,,
1680,Nagpur Irrigation Project #1680,Nagpur,Irrigation,235.1,72.4,27,35.4,11,7,73.3,37.6,428,0.775,129.4,1,16,,
1681,Aurangabad Railway Project #1681,Aurangabad,Railway,825.2,57.9,91,58.4,3,1,29.8,51.9,711,0.877,123.2,0,1,,
1682,Mumbai Railway Project #1682,Mumbai,Railway,812.4,49.1,118,26.0,3,6,11.0,31.3,60,0.369,141.8,1,62,,
1683,Nagpur Irrigation Project #1683,Nagpur,Irrigation,512.1,44.9,85,91.7,12,1,88.0,25.1,480,0.24,139.6,0,3,,
1684,Nagpur Highway Project #1684,Nagpur,Highway,333.5,85.8,119,68.3,11,6,57.1,54.4,385,0.768,125.8,0,0,,
1685,Nashik Irrigation Project #1685,Nashik,Irrigation,656.2,29.7,69,53.0,7,0,98.5,76.3,374,0.808,74.3,0,12,,
1686,Pune Highway Project #1686,Pune,Highway,323.7,76.1,88,83.3,5,5,44.7,30.0,241,0.55,84.8,0,4,,
1687,Nagpur Railway Project #1687,Nagpur,Railway,274.2,78.2,41,50.6,5,9,96.1,91.9,699,0.896,130.2,0,2,,
1688,Nagpur Metro Project #1688,Nagpur,Metro,744.0,47.7,65,60.3,10,6,65.4,25.1,679,0.967,104.8,0,2,,
1689,Aurangabad Highway Project #1689,Aurangabad,Highway,88.3,36.8,70,10.2,8,3,56.1,60.3,668,0.471,106.6,1,20,,
1690,Aurangabad Railway Project #1690,Aurangabad,Railway,140.0,52.3,116,42.9,3,10,37.3,79.9,489,0.223,102.7,1,20,,
1691,Mumbai Railway Project #1691,Mumbai,Railway,56.4,18.4,80,22.5,8,15,84.3,29.2,315,0.517,136.9,1,42,,
1692,Nashik Metro Project #1692,Nashik,Metro,195.3,14.1,34,72.1,0,10,84.6,36.7,447,0.99,78.6,0,2,,
1693,Mumbai Railway Project #1693,Mumbai,Railway,115.5,20.0,19,53.1,10,0,47.5,14.6,260,0.293,153.4,0,9,,
1694,Aurangabad Railway Project #1694,Aurangabad,Railway,996.0,26.8,107,37.2,8,11,75.5,95.0,351,0.618,118.0,1,94,,
1695,Pune Highway Project #1695,Pune,Highway,324.4,55.4,1,52.1,0,5,50.3,53.8,141,0.694,87.2,0,13,,
1696,Aurangabad Highway Project #1696,Aurangabad,Highway,191.8,86.4,6,28.9,6,3,76.6,15.8,758,0.214,119.9,1,94,,
1697,Nashik Metro Project #1697,Nashik,Metro,278.9,31.2,95,93.3,5,14,99.5,84.7,533,0.588,70.8,0,5,,
1698,Aurangabad Metro Project #1698,Aurangabad,Metro,939.3,94.2,48,14.9,6,2,33.6,61.2,664,0.315,105.3,1,106,,
1699,Nashik Railway Project #1699,Nashik,Railway,544.2,95.9,82,87.9,8,3,67.1,15.0,515,0.854,63.6,0,10,,
1700,Nashik Highway Project #1700,Nashik,Highway,396.6,96.3,75,56.0,9,5,44.2,50.6,408,0.715,50.2,0,3,,
1701,Nashik Metro Project #1701,Nashik,Metro,879.7,85.4,8,65.7,3,4,59.4,49.1,127,0.826,81.6,0,7,,
1702,Nashik Metro Project #1702,Nashik,Metro,425.2,42.7,26,37.2,11,1,88.7,23.1,70,0.2,80.5,1,126,,
1703,Nashik Irrigation Project #1703,Nashik,Irrigation,368.3,16.5,77,97.0,8,15,41.3,47.8,190,0.035,99.3,0,4,,
1704,Pune Metro Project #1704,Pune,Metro,246.9,61.2,1,35.4,2,14,16.5,35.5,322,0.851,86.7,1,173,,
1705,Mumbai Railway Project #1705,Mumbai,Railway,408.9,60.3,84,63.0,9,1,81.9,73.0,274,0.387,143.3,0,5,,
1706,Nagpur Highway Project #1706,Nagpur,Highway,350.9,86.5,67,99.4,10,2,60.0,10.5,38,0.18,103.0,0,11,,
1707,Mumbai Metro Project #1707,Mumbai,Metro,693.4,99.6,59,89.3,10,10,50.4,19.6,272,0.092,159.6,0,12,,
1708,Nashik Irrigation Project #1708,Nashik,Irrigation,325.1,55.7,114,58.3,8,5,26.5,92.7,721,0.517,77.3,0,0,,
1709,Pune Highway Project #1709,Pune,Highway,598.3,41.1,84,99.1,12,11,18.4,49.0,626,0.15,105.5,0,3,,
1710,Aurangabad Metro Project #1710,Aurangabad,Metro,112.6,26.7,111,73.1,0,13,35.1,25.9,600,0.567,100.8,1,15,,
1711,Pune Irrigation Project #1711,Pune,Irrigation,231.7,10.4,85,28.8,4,0,74.7,81.4,665,0.727,97.2,1,43,,
1712,Nashik Metro Project #1712,Nashik,Metro,437.0,55.8,48,46.5,9,10,47.1,86.6,720,0.535,64.8,1,155,,
1713,Pune Highway Project #1713,Pune,Highway,940.1,60.0,1,40.1,4,6,61.3,29.0,627,0.904,103.4,1,56,,
1714,Pune Highway Project #1714,Pune,Highway,408.4,84.2,16,41.0,0,7,17.4,74.2,348,0.156,95.4,0,4,,
1715,Nashik Highway Project #1715,Nashik,Highway,680.9,55.4,82,78.4,0,6,21.1,65.4,431,0.494,54.4,0,11,,
1716,Pune Railway Project #1716,Pune,Railway,292.3,92.5,103,62.6,2,10,11.0,77.1,98,0.163,88.7,0,0,,
1717,Nagpur Metro Project #1717,Nagpur,Metro,170.7,66.5,87,13.4,8,2,70.6,80.9,341,0.876,100.5,1,74,,
1718,Nagpur Railway Project #1718,Nagpur,Railway,105.6,85.6,19,89.0,6,5,33.8,69.5,440,0.932,108.4,0,10,,
1719,Pune Highway Project #1719,Pune,Highway,340.1,23.3,101,36.7,5,14,97.0,96.1,787,0.4,79.0,1,176,,
1720,Aurangabad Irrigation Project #1720,Aurangabad,Irrigation,199.8,87.0,75,99.7,8,13,37.8,87.8,772,0.306,103.6,0,5,,
1721,Nashik Metro Project #1721,Nashik,Metro,215.3,70.8,88,95.9,3,3,42.7,30.6,161,0.279,67.4,0,9,,
1722,Nagpur Railway Project #1722,Nagpur,Railway,772.7,25.3,86,94.6,3,4,52.3,92.2,717,0.86,121.6,0,4,,
1723,Aurangabad Metro Project #1723,Aurangabad,Metro,65.0,27.1,113,83.0,2,2,38.7,42.4,135,0.682,111.1,0,10,,
1724,Pune Irrigation Project #1724,Pune,Irrigation,579.9,93.4,97,29.9,4,4,83.6,75.4,52,0.881,89.8,1,18,,
1725,Aurangabad Railway Project #1725,Aurangabad,Railway,410.5,12.9,31,57.9,4,5,88.9,86.3,430,0.118,113.3,0,7,,
1726,Mumbai Highway Project #1726,Mumbai,Highway,531.2,51.6,50,30.2,11,7,11.0,49.3,694,0.476,137.5,1,32,,
1727,Nagpur Railway Project #1727,Nagpur,Railway,584.7,38.2,87,33.4,9,11,68.9,14.6,499,0.676,120.7,1,100,,
1728,Pune Metro Project #1728,Pune,Metro,347.7,69.9,41,65.0,6,5,71.7,95.5,575,0.897,104.3,0,13,,
1729,Nashik Metro Project #1729,Nashik,Metro,330.4,85.6,62,13.7,6,8,96.5,16.5,262,0.382,68.3,1,129,,
1730,Pune Metro Project #1730,Pune,Metro,746.7,42.4,88,97.3,5,14,43.3,41.3,717,0.313,94.9,0,12,,
1731,Nashik Metro Project #1731,Nashik,Metro,877.7,48.4,60,92.7,3,9,27.6,63.7,493,0.913,74.0,1,132,,
1732,Pune Highway Project #1732,Pune,Highway,233.0,98.4,61,44.3,6,9,56.9,20.6,302,0.048,98.6,1,124,,
1733,Aurangabad Railway Project #1733,Aurangabad,Railway,142.7,80.6,2,56.4,1,13,50.3,85.4,226,0.48,112.9,0,13,,
1734,Aurangabad Highway Project #1734,Aurangabad,Highway,902.9,90.7,88,52.0,12,9,81.3,28.3,178,0.459,118.5,0,10,,
1735,Aurangabad Highway Project #1735,Aurangabad,Highway,382.4,49.5,91,89.4,11,9,91.4,98.7,743,0.146,115.1,0,5,,
1736,Mumbai Highway Project #1736,Mumbai,Highway,573.8,31.1,75,72.0,8,3,17.8,92.5,649,0.395,156.6,0,6,,
1737,Nashik Metro Project #1737,Nashik,Metro,391.6,47.1,25,35.0,6,1,86.2,64.4,394,0.723,74.4,1,144,,
1738,Aurangabad Metro Project #1738,Aurangabad,Metro,169.5,74.4,47,50.2,1,11,91.8,69.4,25,0.367,99.9,0,9,,
1739,Mumbai Metro Project #1739,Mumbai,Metro,609.9,19.8,107,48.6,9,8,93.2,58.0,46,0.31,138.3,1,48,,
1740,Nashik Railway Project #1740,Nashik,Railway,548.9,34.3,7,96.3,1,10,78.8,45.2,430,0.782,66.5,0,13,,
1741,Pune Irrigation Project #1741,Pune,Irrigation,242.8,14.2,4,25.8,12,15,76.8,41.7,305,0.989,105.5,1,84,,
1742,Mumbai Metro Project #1742,Mumbai,Metro,479.3,48.9,10,18.1,5,2,11.3,90.2,444,0.779,148.3,1,79,,
1743,Nagpur Railway Project #1743,Nagpur,Railway,807.1,84.5,41,89.3,10,10,92.8,61.9,329,0.846,123.1,0,2,,
1744,Mumbai Metro Project #1744,Mumbai,Metro,610.9,12.2,98,90.7,6,6,41.6,84.1,746,0.94,130.3,0,2,,
1745,Mumbai Metro Project #1745,Mumbai,Metro,142.1,70.8,90,88.5,8,3,13.7,56.3,635,0.802,151.9,0,2,,
1746,Nashik Highway Project #1746,Nashik,Highway,570.6,93.9,118,56.0,3,11,47.2,37.6,543,0.98,70.9,1,129,,
1747,Pune Highway Project #1747,Pune,Highway,717.6,31.3,40,69.4,7,11,76.0,18.3,308,0.747,63.3,0,7,,
1748,Nagpur Highway Project #1748,Nagpur,Highway,803.1,72.4,107,60.7,9,0,49.8,39.1,583,0.662,122.9,0,11,,
1749,Aurangabad Railway Project #1749,Aurangabad,Railway,647.7,97.8,101,16.3,12,7,78.2,89.2,703,0.693,93.5,1,47,,
1750,Aurangabad Irrigation Project #1750,Aurangabad,Irrigation,195.0,96.6,18,63.6,1,12,55.8,74.1,25,0.9,102.7,0,2,,
1751,Mumbai Irrigation Project #1751,Mumbai,Irrigation,724.7,31.1,47,11.2,5,11,36.9,80.7,404,0.683,159.9,1,109,,
1752,Nashik Railway Project #1752,Nashik,Railway,693.5,19.0,52,39.2,3,3,28.3,79.6,286,0.761,71.6,1,88,,
1753,Nashik Metro Project #1753,Nashik,Metro,73.2,23.3,54,93.9,7,10,47.9,20.8,658,0.216,65.5,0,5,,
1754,Aurangabad Railway Project #1754,Aurangabad,Railway,441.2,73.2,119,37.4,8,5,13.2,24.3,292,0.913,104.7,1,42,,
1755,Nagpur Metro Project #1755,Nagpur,Metro,366.3,75.3,60,94.6,1,6,48.0,38.6,648,0.447,115.8,0,12,,
1756,Pune Railway Project #1756,Pune,Railway,685.9,70.7,31,32.5,6,7,16.2,37.1,95,0.161,91.6,1,63,,
1757,Nagpur Railway Project #1757,Nagpur,Railway,255.3,40.2,45,38.3,6,9,88.9,15.9,216,0.8,108.0,1,90,,
1758,Pune Railway Project #1758,Pune,Railway,611.3,25.3,91,66.6,7,1,61.8,23.8,672,0.356,101.2,0,10,,
1759,Aurangabad Irrigation Project #1759,Aurangabad,Irrigation,917.5,62.3,35,78.5,12,8,68.1,87.1,572,0.184,98.5,0,2,,
1760,Pune Highway Project #1760,Pune,Highway,807.9,53.5,17,55.1,4,9,36.0,63.0,486,0.256,72.7,0,13,,
1761,Nashik Railway Project #1761,Nashik,Railway,925.4,75.6,73,89.4,10,12,30.3,40.8,752,0.035,79.9,0,4,,
1762,Mumbai Irrigation Project #1762,Mumbai,Irrigation,979.6,49.7,95,13.6,12,2,73.7,57.4,601,0.091,145.6,1,168,,
1763,Mumbai Highway Project #1763,Mumbai,Highway,60.1,40.5,17,93.0,2,0,70.4,33.5,140,0.593,150.7,0,0,,
1764,Aurangabad Highway Project #1764,Aurangabad,Highway,641.6,36.4,11,27.7,0,15,21.0,62.5,409,0.866,116.5,0,1,,
1765,Nashik Railway Project #1765,Nashik,Railway,442.2,29.0,114,89.6,3,1,31.5,16.7,145,0.449,62.8,0,11,,
1766,Nagpur Metro Project #1766,Nagpur,Metro,866.9,33.9,71,46.1,2,7,95.2,91.2,355,0.626,121.4,0,11,,
1767,Nashik Metro Project #1767,Nashik,Metro,289.2,18.5,96,84.9,1,9,37.4,31.6,179,0.81,76.5,1,135,,
1768,Mumbai Metro Project #1768,Mumbai,Metro,982.0,41.2,45,70.4,5,5,12.3,83.7,172,0.357,166.4,0,6,,
1769,Mumbai Railway Project #1769,Mumbai,Railway,633.0,13.3,54,25.8,6,10,15.7,69.4,208,0.654,144.9,1,88,,
1770,Nashik Metro Project #1770,Nashik,Metro,803.9,26.8,37,92.6,9,0,79.8,57.1,748,0.35,65.4,0,12,,
1771,Nashik Irrigation Project #1771,Nashik,Irrigation,131.3,77.2,77,32.1,6,10,78.1,93.7,57,0.643,75.6,1,40,,
1772,Mumbai Irrigation Project #1772,Mumbai,Irrigation,224.3,39.3,1,32.0,11,8,44.4,24.1,774,0.218,152.1,1,164,,
1773,Nagpur Irrigation Project #1773,Nagpur,Irrigation,770.5,70.1,8,83.3,7,14,23.8,20.7,503,0.978,118.6,1,36,,
1774,Aurangabad Irrigation Project #1774,Aurangabad,Irrigation,70.9,74.5,107,19.5,12,6,54.8,39.0,112,0.076,125.9,1,102,,
1775,Aurangabad Highway Project #1775,Aurangabad,Highway,826.0,62.3,4,30.0,1,9,39.9,84.7,557,0.505,93.2,0,2,,
1776,Nashik Irrigation Project #1776,Nashik,Irrigation,63.3,96.3,97,55.3,10,10,43.7,13.2,15,0.286,55.8,0,3,,
1777,Aurangabad Metro Project #1777,Aurangabad,Metro,674.3,11.9,18,84.7,11,2,33.5,31.5,720,0.601,93.3,1,24,,
1778,Mumbai Railway Project #1778,Mumbai,Railway,396.8,76.5,70,23.3,9,12,15.7,48.2,21,0.428,162.0,1,124,,
1779,Mumbai Metro Project #1779,Mumbai,Metro,630.9,96.3,38,59.3,12,6,81.2,74.2,112,0.307,155.1,0,7,,
1780,Nashik Irrigation Project #1780,Nashik,Irrigation,711.2,87.6,41,74.0,5,5,65.6,36.9,708,0.25,56.3,0,8,,
1781,Nashik Highway Project #1781,Nashik,Highway,375.4,25.1,16,87.5,12,2,85.1,50.3,699,0.182,68.8,0,12,,
1782,Nashik Irrigation Project #1782,Nashik,Irrigation,152.6,39.4,62,94.2,5,7,55.3,40.3,436,0.783,69.7,0,4,,
1783,Nagpur Railway Project #1783,Nagpur,Railway,116.2,25.5,89,80.6,9,15,98.6,18.3,180,0.222,97.9,0,7,,
1784,Aurangabad Metro Project #1784,Aurangabad,Metro,609.5,64.1,45,68.8,11,0,96.6,76.5,698,0.774,111.9,0,2,,
1785,Nashik Railway Project #1785,Nashik,Railway,544.6,74.1,90,49.0,0,4,34.5,51.5,98,0.485,58.2,0,10,,
1786,Pune Railway Project #1786,Pune,Railway,755.1,38.5,106,20.1,1,7,44.8,83.1,725,0.072,97.1,0,6,,
1787,Pune Railway Project #1787,Pune,Railway,534.2,58.6,91,73.9,12,2,77.7,72.5,448,0.165,78.5,0,2,,
1788,Mumbai Metro Project #1788,Mumbai,Metro,451.3,72.2,19,99.3,8,10,79.9,15.2,356,0.893,152.2,0,11,,
1789,Aurangabad Irrigation Project #1789,Aurangabad,Irrigation,428.2,47.9,69,76.3,7,12,92.0,55.0,220,0.603,122.9,0,11,,
1790,Nashik Railway Project #1790,Nashik,Railway,75.1,86.9,7,11.5,11,9,68.7,99.2,734,0.184,79.7,1,34,,
1791,Pune Metro Project #1791,Pune,Metro,368.8,79.4,95,54.7,12,10,52.8,37.7,443,0.704,95.1,1,90,,
1792,Aurangabad Highway Project #1792,Aurangabad,Highway,977.2,15.8,18,65.3,3,11,44.0,54.4,542,0.823,109.2,0,3,,
1793,Mumbai Metro Project #1793,Mumbai,Metro,879.9,65.9,31,72.1,5,5,47.7,68.7,609,0.331,135.0,0,1,,
1794,Nagpur Highway Project #1794,Nagpur,Highway,362.9,31.2,18,74.8,1,9,86.5,28.2,534,0.557,115.6,0,6,,
1795,Aurangabad Metro Project #1795,Aurangabad,Metro,608.4,60.2,23,60.2,11,10,98.2,73.2,435,0.293,107.7,0,5,,
1796,Aurangabad Irrigation Project #1796,Aurangabad,Irrigation,854.9,96.1,23,30.1,4,1,14.7,69.4,129,0.08,107.0,1,176,,
1797,Nagpur Railway Project #1797,Nagpur,Railway,469.2,89.1,55,94.8,1,8,62.2,43.7,187,0.4,104.7,0,2,,
1798,Aurangabad Irrigation Project #1798,Aurangabad,Irrigation,67.1,46.4,80,72.7,12,1,56.8,35.6,138,0.751,114.3,0,0,,
1799,Mumbai Metro Project #1799,Mumbai,Metro,120.8,36.2,119,31.3,4,4,43.9,92.7,572,0.459,138.2,1,79,,
1800,Mumbai Railway Project #1800,Mumbai,Railway,534.9,31.1,119,39.0,6,2,86.6,21.4,427,0.405,165.5,1,140,,
1801,Nagpur Highway Project #1801,Nagpur,Highway,971.0,57.9,17,93.0,6,9,61.8,48.9,563,0.366,121.5,0,2,,
1802,Nashik Metro Project #1802,Nashik,Metro,708.5,20.3,11,89.9,8,15,38.2,79.0,327,0.459,79.8,0,3,,
1803,Pune Railway Project #1803,Pune,Railway,117.4,59.4,40,46.5,2,11,50.0,23.3,616,0.318,99.6,0,9,,
1804,Nashik Highway Project #1804,Nashik,Highway,229.9,10.1,86,13.4,11,8,42.1,94.0,251,0.612,90.8,1,100,,
1805,Aurangabad Highway Project #1805,Aurangabad,Highway,782.8,39.1,119,14.4,3,8,48.7,57.4,365,0.064,111.8,1,90,,
1806,Pune Irrigation Project #1806,Pune,Irrigation,849.4,29.8,47,35.6,8,6,16.4,55.4,582,0.807,86.1,1,143,,
1807,Nagpur Metro Project #1807,Nagpur,Metro,636.8,97.4,81,66.6,7,9,20.1,48.2,447,0.173,116.3,0,2,,
1808,Nagpur Highway Project #1808,Nagpur,Highway,662.2,75.5,63,62.6,11,4,66.1,88.1,467,0.633,135.0,0,12,,
1809,Pune Railway Project #1809,Pune,Railway,76.9,41.5,15,67.0,6,8,71.6,95.4,451,0.45,76.8,0,14,,
1810,Mumbai Highway Project #1810,Mumbai,Highway,837.1,18.4,79,74.6,7,6,67.3,44.2,237,0.773,141.2,0,4,,
1811,Pune Highway Project #1811,Pune,Highway,798.9,56.5,99,11.7,8,1,78.7,58.8,417,0.826,92.4,1,147,,
1812,Aurangabad Irrigation Project #1812,Aurangabad,Irrigation,296.1,29.2,22,19.5,11,9,94.9,38.4,286,0.204,108.5,1,85,,
1813,Mumbai Irrigation Project #1813,Mumbai,Irrigation,723.2,58.3,85,42.4,3,0,87.5,43.1,27,0.677,159.7,1,98,,
1814,Nagpur Railway Project #1814,Nagpur,Railway,254.1,85.2,38,23.9,4,9,47.7,12.6,765,0.19,106.6,1,40,,
1815,Pune Irrigation Project #1815,Pune,Irrigation,88.3,65.4,32,16.8,8,9,29.6,80.7,320,0.124,89.3,1,63,,
1816,Nashik Highway Project #1816,Nashik,Highway,241.1,67.0,23,67.7,6,13,38.1,97.2,333,0.93,68.1,0,3,,
1817,Nashik Highway Project #1817,Nashik,Highway,219.7,58.7,60,83.4,3,3,62.9,79.3,56,0.164,59.3,0,4,,
1818,Aurangabad Irrigation Project #1818,Aurangabad,Irrigation,370.9,93.5,54,77.7,5,9,87.1,56.6,539,0.228,118.8,0,3,,
1819,Nashik Highway Project #1819,Nashik,Highway,447.5,93.9,60,83.5,10,7,73.2,84.5,722,0.13,69.1,0,10,,
1820,Pune Highway Project #1820,Pune,Highway,533.1,56.1,83,69.9,0,5,58.9,87.2,509,0.47,88.7,0,8,,
1821,Pune Railway Project #1821,Pune,Railway,502.9,37.5,96,76.2,0,13,64.2,59.0,774,0.92,81.8,1,28,,
1822,Nashik Irrigation Project #1822,Nashik,Irrigation,307.1,51.4,94,34.5,8,1,57.5,94.3,201,0.264,66.3,1,34,,
1823,Pune Highway Project #1823,Pune,Highway,77.7,26.8,39,99.4,7,4,97.4,12.7,58,0.542,79.8,0,12,,
1824,Aurangabad Irrigation Project #1824,Aurangabad,Irrigation,624.8,67.3,57,26.5,12,8,83.4,10.9,103,0.411,118.6,1,20,,
1825,Mumbai Railway Project #1825,Mumbai,Railway,426.0,55.0,118,29.3,0,15,80.3,17.3,758,0.336,160.3,0,3,,
1826,Aurangabad Irrigation Project #1826,Aurangabad,Irrigation,333.7,19.3,71,36.0,12,5,56.6,15.2,743,0.572,126.8,1,119,,
1827,Aurangabad Highway Project #1827,Aurangabad,Highway,873.6,27.8,73,97.8,10,15,39.9,48.2,176,0.559,114.3,0,10,,
1828,Pune Irrigation Project #1828,Pune,Irrigation,759.4,53.2,0,98.9,1,5,11.8,94.6,503,0.359,86.6,0,7,,
1829,Mumbai Highway Project #1829,Mumbai,Highway,864.9,89.9,84,81.5,12,6,13.9,70.8,263,0.851,145.3,0,7,,
1830,Pune Highway Project #1830,Pune,Highway,520.2,61.0,24,66.6,3,15,12.7,69.4,66,0.053,94.9,0,9,,
1831,Nagpur Highway Project #1831,Nagpur,Highway,174.4,71.3,95,56.8,0,12,98.2,44.6,15,0.085,122.0,0,1,,
1832,Pune Railway Project #1832,Pune,Railway,711.4,40.5,52,97.4,1,10,20.3,58.0,247,0.991,88.3,0,4,,
1833,Pune Irrigation Project #1833,Pune,Irrigation,245.8,61.4,60,72.6,4,4,22.8,37.4,742,0.748,87.4,0,5,,
1834,Pune Railway Project #1834,Pune,Railway,469.2,50.3,45,95.0,7,14,53.6,56.6,233,0.804,101.7,0,5,,
1835,Mumbai Irrigation Project #1835,Mumbai,Irrigation,111.8,69.3,109,38.5,5,2,53.3,77.2,599,0.603,145.7,1,133,,
1836,Pune Railway Project #1836,Pune,Railway,834.0,14.6,73,40.0,5,2,92.8,60.3,29,0.42,103.5,1,176,,
1837,Mumbai Metro Project #1837,Mumbai,Metro,169.6,54.4,59,86.9,3,15,16.6,47.7,786,0.629,151.8,1,104,,
1838,Nashik Highway Project #1838,Nashik,Highway,907.9,36.6,50,23.5,1,15,96.2,86.0,213,0.093,66.3,0,8,,
1839,Nagpur Highway Project #1839,Nagpur,Highway,871.0,39.4,120,95.1,2,4,29.5,35.9,151,0.758,112.1,1,70,,
1840,Mumbai Railway Project #1840,Mumbai,Railway,491.4,96.5,111,55.7,12,3,97.3,53.3,385,0.541,148.5,0,10,,
1841,Nashik Metro Project #1841,Nashik,Metro,757.1,26.4,72,93.4,5,4,58.7,98.0,416,0.957,75.0,0,5,,
1842,Mumbai Highway Project #1842,Mumbai,Highway,638.5,38.0,83,40.3,5,13,68.7,97.1,89,0.637,146.2,1,82,,
1843,Mumbai Irrigation Project #1843,Mumbai,Irrigation,812.9,55.9,47,74.4,4,8,38.4,10.6,219,0.152,158.5,0,12,,
1844,Nagpur Railway Project #1844,Nagpur,Railway,460.2,87.7,83,53.5,5,4,65.1,57.9,777,0.478,115.7,0,6,,
1845,Aurangabad Highway Project #1845,Aurangabad,Highway,796.5,47.5,39,66.4,10,3,74.0,40.3,321,0.058,108.8,0,4,,
1846,Aurangabad Highway Project #1846,Aurangabad,Highway,489.3,76.9,6,55.4,5,12,10.9,36.2,386,0.745,97.1,1,51,,
1847,Mumbai Railway Project #1847,Mumbai,Railway,943.9,87.1,74,97.0,12,3,13.1,63.7,49,0.502,155.6,0,2,,
1848,Pune Railway Project #1848,Pune,Railway,512.1,37.9,84,72.3,0,0,98.8,50.2,362,0.37,87.3,0,0,,
1849,Nashik Irrigation Project #1849,Nashik,Irrigation,489.5,45.3,101,32.6,5,9,51.2,76.0,462,0.969,85.8,1,141,,
1850,Pune Irrigation Project #1850,Pune,Irrigation,795.8,42.1,110,91.9,4,3,94.2,12.4,432,0.941,97.0,0,2,,
1851,Pune Highway Project #1851,Pune,Highway,830.5,85.0,18,36.5,7,11,75.7,93.4,723,0.953,90.8,1,143,,
1852,Mumbai Highway Project #1852,Mumbai,Highway,576.8,14.0,109,43.4,8,13,43.6,61.1,95,0.221,162.3,1,89,,
1853,Mumbai Railway Project #1853,Mumbai,Railway,220.8,37.8,14,19.2,5,3,23.6,71.6,564,0.729,154.1,1,167,,
1854,Mumbai Highway Project #1854,Mumbai,Highway,494.4,71.1,69,91.0,12,8,98.0,64.4,245,0.945,160.1,0,12,,
1855,Mumbai Highway Project #1855,Mumbai,Highway,969.7,60.9,60,35.8,11,10,62.6,99.0,424,0.571,141.4,1,55,,
1856,Aurangabad Railway Project #1856,Aurangabad,Railway,765.3,49.3,55,33.3,11,3,27.3,98.8,591,0.214,114.6,1,83,,
1857,Mumbai Highway Project #1857,Mumbai,Highway,820.6,58.6,9,92.8,9,6,71.3,64.9,365,0.818,155.0,0,11,,
1858,Aurangabad Highway Project #1858,Aurangabad,Highway,81.2,27.8,45,82.5,3,0,18.3,71.6,652,0.88,94.6,0,0,,
1859,Aurangabad Metro Project #1859,Aurangabad,Metro,494.5,48.8,79,22.7,2,13,88.1,65.7,653,0.703,125.1,0,11,,
1860,Mumbai Irrigation Project #1860,Mumbai,Irrigation,664.3,55.2,108,79.2,9,15,18.1,38.0,257,0.294,138.4,0,14,,
1861,Nagpur Railway Project #1861,Nagpur,Railway,838.5,91.1,74,92.2,11,6,31.3,27.3,676,0.191,107.0,0,9,,
1862,Nashik Metro Project #1862,Nashik,Metro,96.8,33.5,56,17.1,0,13,18.2,46.2,751,0.624,41.5,0,1,,
1863,Pune Irrigation Project #1863,Pune,Irrigation,859.8,88.1,34,84.3,6,1,19.3,71.4,610,0.483,94.7,0,9,,
1864,Aurangabad Irrigation Project #1864,Aurangabad,Irrigation,571.0,68.0,71,59.3,4,11,57.1,15.0,238,0.669,93.6,0,1,,
1865,Nashik Irrigation Project #1865,Nashik,Irrigation,237.4,11.8,91,70.2,3,10,71.8,56.3,548,0.112,64.8,0,0,,
1866,Nagpur Metro Project #1866,Nagpur,Metro,351.4,75.2,2,54.4,8,7,81.0,46.8,370,0.136,128.4,0,7,,
1867,Pune Metro Project #1867,Pune,Metro,317.8,13.2,65,72.8,6,0,72.6,57.5,759,0.363,91.9,0,4,,
1868,Pune Irrigation Project #1868,Pune,Irrigation,554.3,99.8,52,13.1,9,9,42.7,87.4,184,0.259,83.8,1,176,,
1869,Aurangabad Highway Project #1869,Aurangabad,Highway,99.1,88.5,77,78.6,12,2,60.2,14.3,383,0.619,94.1,0,7,,
1870,Mumbai Highway Project #1870,Mumbai,Highway,200.6,36.8,51,13.0,7,7,93.5,78.7,70,0.368,148.9,1,103,,
1871,Nagpur Metro Project #1871,Nagpur,Metro,822.1,33.2,92,51.0,3,9,44.9,70.0,179,0.684,128.6,0,9,,
1872,Aurangabad Metro Project #1872,Aurangabad,Metro,176.0,44.3,52,23.6,9,7,32.7,28.3,516,0.769,117.0,1,84,,
1873,Nagpur Metro Project #1873,Nagpur,Metro,271.7,42.1,53,84.1,11,10,56.7,76.1,784,0.187,137.9,0,4,,
1874,Mumbai Irrigation Project #1874,Mumbai,Irrigation,480.7,43.5,46,38.2,9,12,36.8,54.7,423,0.92,143.5,1,115,,
1875,Mumbai Highway Project #1875,Mumbai,Highway,541.3,38.6,2,50.9,7,4,33.6,53.3,125,0.787,136.8,0,13,,
1876,Aurangabad Metro Project #1876,Aurangabad,Metro,775.4,65.9,64,48.6,3,4,80.1,53.5,184,0.627,113.1,1,110,,
1877,Mumbai Metro Project #1877,Mumbai,Metro,475.0,24.8,14,79.5,0,7,90.2,95.4,742,0.909,152.1,0,1,,
1878,Nashik Railway Project #1878,Nashik,Railway,800.4,86.1,83,53.3,10,9,55.2,95.0,433,0.266,70.0,0,13,,
1879,Pune Irrigation Project #1879,Pune,Irrigation,637.4,83.1,85,81.0,7,4,80.2,92.2,137,0.422,82.5,0,7,,
1880,Aurangabad Railway Project #1880,Aurangabad,Railway,157.4,52.9,33,16.6,0,8,26.8,89.8,498,0.086,83.5,0,12,,
1881,Nagpur Highway Project #1881,Nagpur,Highway,198.5,86.7,49,27.2,12,0,59.3,13.4,14,0.456,109.9,1,114,,
1882,Nashik Railway Project #1882,Nashik,Railway,465.2,32.2,32,59.6,11,4,67.3,46.1,335,0.506,75.6,0,2,,
1883,Aurangabad Railway Project #1883,Aurangabad,Railway,427.0,11.6,72,95.2,2,2,54.2,90.5,707,0.616,112.8,0,3,,
1884,Mumbai Railway Project #1884,Mumbai,Railway,756.4,65.7,2,16.7,6,2,20.5,78.0,181,0.064,159.7,1,37,,
1885,Mumbai Irrigation Project #1885,Mumbai,Irrigation,601.7,51.2,1,13.9,2,1,76.1,51.1,208,0.032,153.5,0,9,,
1886,Mumbai Highway Project #1886,Mumbai,Highway,418.7,61.0,3,24.1,12,2,85.5,79.6,240,0.42,157.4,1,88,,
1887,Mumbai Railway Project #1887,Mumbai,Railway,212.2,90.9,15,67.7,7,6,67.2,28.7,636,0.189,157.6,0,12,,
1888,Nagpur Irrigation Project #1888,Nagpur,Irrigation,265.5,97.3,53,45.9,4,14,25.2,64.0,342,0.759,120.2,1,28,,
1889,Nashik Highway Project #1889,Nashik,Highway,596.7,67.1,32,84.3,2,7,16.7,58.0,475,0.669,70.3,0,7,,
1890,Pune Metro Project #1890,Pune,Metro,452.3,78.8,8,16.5,4,14,37.1,61.6,433,0.326,60.9,1,172,,
1891,Nagpur Railway Project #1891,Nagpur,Railway,539.2,17.5,56,27.7,4,11,13.3,75.0,322,0.046,113.4,1,161,,
1892,Nagpur Highway Project #1892,Nagpur,Highway,212.1,24.5,39,37.0,7,7,85.5,95.5,532,0.182,113.9,1,83,,
1893,Pune Railway Project #1893,Pune,Railway,679.8,76.0,101,66.4,11,10,73.3,33.8,433,0.692,88.9,0,8,,
1894,Pune Metro Project #1894,Pune,Metro,859.9,48.8,51,71.7,8,7,60.7,78.2,625,0.99,80.7,0,9,,
1895,Mumbai Highway Project #1895,Mumbai,Highway,295.0,50.1,81,21.2,5,0,90.1,68.1,184,0.326,159.4,1,88,,
1896,Nagpur Irrigation Project #1896,Nagpur,Irrigation,516.9,37.8,15,94.9,9,13,19.9,72.6,383,0.802,111.2,0,14,,
1897,Aurangabad Highway Project #1897,Aurangabad,Highway,976.8,64.7,7,40.7,2,10,74.3,48.6,641,0.867,121.0,0,2,,
1898,Pune Irrigation Project #1898,Pune,Irrigation,366.6,26.7,86,74.2,1,6,23.2,95.0,246,0.048,80.4,0,11,,
1899,Pune Highway Project #1899,Pune,Highway,615.3,66.4,59,57.2,10,1,15.5,53.2,757,0.916,84.0,0,8,,
1900,Nashik Irrigation Project #1900,Nashik,Irrigation,135.7,25.6,35,30.0,2,10,22.0,20.9,452,0.466,63.2,0,6,,
1901,Aurangabad Metro Project #1901,Aurangabad,Metro,625.7,15.7,2,86.2,8,14,95.6,71.3,47,0.964,105.0,0,13,,
1902,Aurangabad Metro Project #1902,Aurangabad,Metro,135.2,39.7,14,83.6,6,9,49.6,21.6,793,0.539,121.8,0,8,,
1903,Pune Metro Project #1903,Pune,Metro,961.3,30.8,101,45.6,10,3,14.4,39.0,772,0.235,86.7,1,24,,
1904,Mumbai Highway Project #1904,Mumbai,Highway,729.9,90.0,96,63.0,10,4,62.5,30.5,548,0.975,147.0,0,13,,
1905,Nashik Metro Project #1905,Nashik,Metro,798.8,14.9,81,33.2,8,11,28.0,58.5,644,0.243,62.6,1,97,,
1906,Aurangabad Railway Project #1906,Aurangabad,Railway,718.9,25.9,22,72.1,12,0,10.6,41.3,165,0.882,107.4,0,3,,
1907,Pune Metro Project #1907,Pune,Metro,610.2,59.4,106,37.8,5,13,78.3,24.4,738,0.173,92.2,1,29,,
1908,Aurangabad Irrigation Project #1908,Aurangabad,Irrigation,477.4,53.3,2,86.0,7,3,23.9,81.2,203,0.675,107.8,0,13,,
1909,Nashik Irrigation Project #1909,Nashik,Irrigation,865.5,14.1,29,29.6,9,3,94.8,52.2,170,0.411,68.5,1,49,,
1910,Nashik Irrigation Project #1910,Nashik,Irrigation,959.0,10.7,44,11.3,10,8,63.4,50.9,649,0.972,80.2,1,49,,
1911,Nagpur Highway Project #1911,Nagpur,Highway,524.1,98.9,16,34.2,8,8,17.8,89.8,699,0.185,122.7,1,15,,
1912,Pune Railway Project #1912,Pune,Railway,935.0,69.3,113,27.2,2,12,29.6,58.5,135,0.409,78.5,0,3,,
1913,Nashik Metro Project #1913,Nashik,Metro,604.2,42.9,57,55.7,6,12,65.0,73.9,695,0.64,69.1,0,13,,
1914,Nagpur Railway Project #1914,Nagpur,Railway,561.5,52.3,57,28.3,8,10,40.4,39.5,556,0.978,114.6,1,125,,
1915,Nagpur Railway Project #1915,Nagpur,Railway,481.8,34.0,95,78.7,1,9,57.9,60.5,248,0.304,125.2,0,7,,
1916,Aurangabad Irrigation Project #1916,Aurangabad,Irrigation,248.8,41.0,109,31.7,11,0,82.0,75.4,50,0.397,111.0,1,40,,
1917,Aurangabad Irrigation Project #1917,Aurangabad,Irrigation,53.5,68.4,56,73.6,6,7,81.3,36.7,195,0.462,121.3,0,13,,
1918,Nagpur Irrigation Project #1918,Nagpur,Irrigation,279.4,89.5,6,62.1,4,3,72.8,72.0,470,0.253,112.6,0,4,,
1919,Aurangabad Highway Project #1919,Aurangabad,Highway,534.2,26.6,38,98.8,7,3,89.7,61.2,704,0.817,108.1,0,2,,
1920,Nashik Railway Project #1920,Nashik,Railway,411.0,85.6,77,100.0,3,4,27.9,49.1,398,0.092,59.4,0,0,,
1921,Mumbai Railway Project #1921,Mumbai,Railway,476.1,20.9,57,88.3,0,1,26.0,74.2,270,0.705,149.6,0,13,,
1922,Nashik Highway Project #1922,Nashik,Highway,981.6,29.3,55,78.4,10,14,81.9,38.5,415,0.534,54.6,0,0,,
1923,Nagpur Highway Project #1923,Nagpur,Highway,382.8,13.3,14,44.8,12,0,38.9,74.3,555,0.242,123.2,1,169,,
1924,Nagpur Highway Project #1924,Nagpur,Highway,479.6,22.7,43,77.8,9,4,56.1,59.6,458,0.493,119.4,0,13,,
1925,Nashik Railway Project #1925,Nashik,Railway,176.8,92.6,11,96.1,7,6,77.0,32.1,708,0.83,71.6,0,13,,
1926,Aurangabad Railway Project #1926,Aurangabad,Railway,95.6,51.3,7,12.1,5,9,45.6,70.1,410,0.445,117.9,1,113,,
1927,Aurangabad Irrigation Project #1927,Aurangabad,Irrigation,786.6,17.0,79,58.4,12,8,21.7,89.6,316,0.122,112.2,0,7,,
1928,Nagpur Irrigation Project #1928,Nagpur,Irrigation,592.1,96.4,40,29.6,7,11,71.2,37.9,146,0.041,107.2,1,70,,
1929,Pune Railway Project #1929,Pune,Railway,772.7,89.1,33,60.2,2,11,83.5,83.1,211,0.778,84.4,0,10,,
1930,Aurangabad Irrigation Project #1930,Aurangabad,Irrigation,192.4,77.9,45,52.0,7,12,11.2,40.3,664,0.33,109.2,0,9,,
1931,Nashik Highway Project #1931,Nashik,Highway,593.2,94.0,87,61.8,7,1,60.6,83.9,630,0.931,66.7,0,3,,
1932,Aurangabad Metro Project #1932,Aurangabad,Metro,291.0,29.8,119,59.6,11,11,52.2,14.6,166,0.617,107.9,1,132,,
1933,Nashik Irrigation Project #1933,Nashik,Irrigation,266.7,85.3,28,96.4,0,7,33.4,10.6,264,0.436,86.2,0,0,,
1934,Nagpur Railway Project #1934,Nagpur,Railway,60.9,72.1,15,59.7,3,6,24.5,20.2,190,0.564,121.0,0,5,,
1935,Aurangabad Irrigation Project #1935,Aurangabad,Irrigation,173.8,88.3,4,86.2,6,1,26.9,88.7,418,0.457,113.8,0,0,,
1936,Nashik Irrigation Project #1936,Nashik,Irrigation,343.8,81.7,4,38.8,12,4,75.2,58.0,740,0.906,49.9,1,49,,
1937,Nagpur Irrigation Project #1937,Nagpur,Irrigation,161.0,41.2,115,49.4,10,6,58.3,63.5,37,0.458,127.5,1,85,,
1938,Pune Metro Project #1938,Pune,Metro,986.6,79.7,29,52.3,0,14,98.3,85.8,672,0.104,118.5,0,10,,
1939,Nashik Highway Project #1939,Nashik,Highway,343.2,33.6,116,35.1,2,2,31.9,14.6,621,0.597,83.5,0,14,,
1940,Pune Railway Project #1940,Pune,Railway,173.8,39.6,49,44.2,2,1,96.1,44.8,524,0.623,85.6,0,13,,
1941,Pune Metro Project #1941,Pune,Metro,239.1,19.7,113,63.9,5,5,56.4,67.9,554,0.765,112.8,0,6,,
1942,Mumbai Railway Project #1942,Mumbai,Railway,608.3,94.2,4,62.2,4,9,23.1,46.4,208,0.933,150.3,0,1,,
1943,Aurangabad Railway Project #1943,Aurangabad,Railway,110.8,36.2,106,67.3,11,12,23.3,12.9,78,0.443,113.1,0,7,,
1944,Nashik Railway Project #1944,Nashik,Railway,869.3,56.9,12,41.7,10,5,64.8,68.6,611,0.352,67.3,1,131,,
1945,Pune Metro Project #1945,Pune,Metro,963.4,45.2,98,38.4,6,10,84.8,45.2,26,0.491,87.1,1,124,,
1946,Mumbai Highway Project #1946,Mumbai,Highway,284.4,96.4,48,65.0,2,3,77.3,11.7,555,0.9,127.5,0,1,,
1947,Nagpur Railway Project #1947,Nagpur,Railway,477.6,40.2,88,22.0,10,0,69.0,25.3,785,0.98,127.9,1,167,,
1948,Nashik Highway Project #1948,Nashik,Highway,71.0,80.1,49,32.8,0,4,25.5,29.6,69,0.971,67.0,0,13,,
1949,Pune Highway Project #1949,Pune,Highway,658.7,87.0,13,13.8,10,0,19.8,56.0,193,0.23,88.1,1,133,,
1950,Aurangabad Irrigation Project #1950,Aurangabad,Irrigation,443.2,49.2,107,16.5,2,10,10.0,26.8,374,0.497,112.7,1,172,,
1951,Mumbai Metro Project #1951,Mumbai,Metro,306.6,44.0,45,31.9,7,13,19.2,42.5,443,0.259,145.9,1,23,,
1952,Pune Metro Project #1952,Pune,Metro,246.5,77.3,89,11.8,4,10,79.0,77.6,208,0.368,92.6,1,21,,
1953,Aurangabad Irrigation Project #1953,Aurangabad,Irrigation,671.3,92.2,81,32.1,2,7,90.6,82.7,762,0.032,122.0,0,0,,
1954,Pune Irrigation Project #1954,Pune,Irrigation,445.4,77.9,83,68.9,7,1,31.6,81.6,241,0.161,94.0,0,4,,
1955,Nashik Highway Project #1955,Nashik,Highway,220.7,30.4,33,15.5,5,15,81.5,72.6,732,0.397,68.5,1,107,,
1956,Nashik Railway Project #1956,Nashik,Railway,704.7,89.9,70,49.3,2,8,27.9,58.8,377,0.365,68.8,0,11,,
1957,Nashik Metro Project #1957,Nashik,Metro,586.8,44.9,46,92.2,4,8,32.4,59.6,439,0.279,72.0,0,6,,
1958,Mumbai Railway Project #1958,Mumbai,Railway,865.7,61.9,59,81.2,0,2,30.2,95.8,573,0.23,141.7,0,13,,
1959,Nashik Railway Project #1959,Nashik,Railway,161.6,84.8,73,37.5,5,5,14.7,89.0,128,0.749,72.1,1,129,,
1960,Aurangabad Irrigation Project #1960,Aurangabad,Irrigation,796.4,27.0,78,93.2,11,8,27.5,68.5,339,0.295,116.8,0,2,,
1961,Pune Railway Project #1961,Pune,Railway,689.8,80.6,80,39.7,12,6,43.6,52.2,224,0.707,90.9,1,25,,
1962,Nagpur Highway Project #1962,Nagpur,Highway,159.3,63.7,10,16.5,8,3,46.5,75.6,331,0.369,115.8,1,87,,
1963,Aurangabad Irrigation Project #1963,Aurangabad,Irrigation,710.1,90.4,97,99.5,11,2,37.9,15.6,158,0.802,107.1,0,1,,
1964,Aurangabad Railway Project #1964,Aurangabad,Railway,469.5,25.5,90,88.3,6,1,56.3,95.0,417,0.167,116.5,0,1,,
1965,Nashik Irrigation Project #1965,Nashik,Irrigation,947.7,47.9,84,51.9,10,9,44.0,59.3,697,0.158,59.0,0,9,,
1966,Mumbai Highway Project #1966,Mumbai,Highway,184.5,85.0,94,70.0,12,9,97.3,55.3,386,0.68,141.8,0,4,,
1967,Pune Highway Project #1967,Pune,Highway,660.7,11.7,49,70.4,7,0,82.7,36.2,790,0.915,73.9,0,7,,
1968,Mumbai Railway Project #1968,Mumbai,Railway,412.9,20.1,120,27.5,5,10,93.8,10.3,329,0.143,150.3,1,55,,
1969,Pune Irrigation Project #1969,Pune,Irrigation,959.0,99.2,3,28.0,10,15,60.2,15.5,14,0.074,98.6,1,138,,
1970,Pune Railway Project #1970,Pune,Railway,363.5,35.2,40,52.3,4,9,71.1,33.7,411,0.935,103.3,0,6,,
1971,Mumbai Railway Project #1971,Mumbai,Railway,964.1,97.8,58,92.0,11,10,25.0,58.7,637,0.117,165.5,0,0,,
1972,Aurangabad Irrigation Project #1972,Aurangabad,Irrigation,906.4,26.4,59,10.9,5,0,77.8,17.5,212,0.25,103.1,1,118,,
1973,Pune Railway Project #1973,Pune,Railway,306.9,42.5,112,80.4,6,11,31.2,97.5,46,0.929,92.5,1,109,,
1974,Mumbai Highway Project #1974,Mumbai,Highway,813.4,77.8,80,15.2,8,3,23.1,47.0,63,0.803,146.0,1,68,,
1975,Pune Irrigation Project #1975,Pune,Irrigation,995.8,69.2,112,53.0,7,3,13.8,38.5,297,0.343,106.5,0,14,,
1976,Nagpur Irrigation Project #1976,Nagpur,Irrigation,290.0,62.3,61,67.4,4,8,52.5,57.3,293,0.955,133.0,0,6,,
1977,Aurangabad Irrigation Project #1977,Aurangabad,Irrigation,464.9,57.7,111,71.8,6,9,35.8,15.8,607,0.568,111.7,0,5,,
1978,Nashik Irrigation Project #1978,Nashik,Irrigation,544.2,85.9,83,15.3,7,0,98.8,86.5,54,0.072,63.8,0,0,,
1979,Pune Railway Project #1979,Pune,Railway,330.2,31.1,24,47.7,0,15,32.5,51.4,293,0.703,55.5,0,8,,
1980,Nagpur Railway Project #1980,Nagpur,Railway,64.5,49.8,103,62.5,7,10,88.0,26.1,591,0.537,105.7,0,12,,
1981,Nashik Highway Project #1981,Nashik,Highway,259.1,24.0,86,15.9,10,3,38.5,24.6,51,0.573,51.5,1,75,,
1982,Nashik Metro Project #1982,Nashik,Metro,317.8,63.6,78,22.2,6,2,77.4,42.5,426,0.994,55.5,1,149,,
1983,Pune Metro Project #1983,Pune,Metro,471.4,32.5,32,69.7,10,8,69.4,61.6,281,0.153,108.8,0,6,,
1984,Mumbai Highway Project #1984,Mumbai,Highway,212.5,40.0,18,56.9,11,12,60.6,47.5,150,0.657,137.0,0,11,,
1985,Pune Metro Project #1985,Pune,Metro,879.6,52.4,56,24.6,11,4,47.5,63.7,580,0.459,79.4,1,111,,
1986,Nagpur Highway Project #1986,Nagpur,Highway,719.7,12.4,14,58.2,1,14,70.4,73.5,761,0.272,110.8,0,14,,
1987,Nashik Railway Project #1987,Nashik,Railway,130.9,18.3,40,92.1,1,8,46.7,77.4,56,0.694,96.0,0,0,,
1988,Pune Irrigation Project #1988,Pune,Irrigation,667.6,71.7,68,11.4,11,9,59.3,46.1,176,0.668,89.4,1,75,,
1989,Mumbai Irrigation Project #1989,Mumbai,Irrigation,671.0,48.6,79,67.8,5,15,63.1,74.5,631,0.856,159.9,0,0,,
1990,Pune Railway Project #1990,Pune,Railway,958.4,87.8,59,16.6,2,5,34.1,22.7,135,0.879,91.8,0,12,,
1991,Aurangabad Irrigation Project #1991,Aurangabad,Irrigation,52.9,72.5,108,10.6,0,10,40.6,56.2,481,0.562,90.2,1,17,,
1992,Mumbai Irrigation Project #1992,Mumbai,Irrigation,285.5,10.7,111,23.6,7,8,11.6,16.5,630,0.326,165.3,1,124,,
1993,Nagpur Metro Project #1993,Nagpur,Metro,931.4,65.5,95,48.1,6,15,86.7,32.0,686,0.53,124.0,1,78,,
1994,Nashik Railway Project #1994,Nashik,Railway,935.5,18.4,21,82.2,3,0,78.0,62.5,379,0.359,68.8,0,0,,
1995,Pune Metro Project #1995,Pune,Metro,734.6,80.3,42,35.4,0,12,26.5,76.6,780,0.277,107.6,0,12,,
1996,Mumbai Metro Project #1996,Mumbai,Metro,777.5,99.2,31,66.3,1,3,42.6,18.6,597,0.552,146.5,0,13,,
1997,Aurangabad Irrigation Project #1997,Aurangabad,Irrigation,136.9,57.8,12,47.0,8,3,47.9,28.6,16,0.658,108.6,1,54,,
1998,Mumbai Irrigation Project #1998,Mumbai,Irrigation,538.2,71.5,37,31.1,3,13,40.1,99.3,707,0.591,146.5,1,141,,
1999,Aurangabad Railway Project #1999,Aurangabad,Railway,270.0,31.4,25,56.3,2,9,81.8,40.4,285,0.954,120.8,0,13,,
2000,Nagpur Irrigation Project #2000,Nagpur,Irrigation,222.2,49.4,115,81.8,7,9,75.3,35.6,600,0.299,128.1,0,7,,
2001,Nashik Irrigation Project #2001,Nashik,Irrigation,819.8,87.0,80,84.9,3,5,79.0,17.7,74,0.372,72.8,0,4,,
2002,Nagpur Railway Project #2002,Nagpur,Railway,178.3,25.1,4,86.2,6,9,91.4,72.5,636,0.668,109.5,0,12,,
2003,Pune Irrigation Project #2003,Pune,Irrigation,495.2,33.9,48,40.5,12,14,63.6,55.7,211,0.6,86.3,1,20,,
2004,Mumbai Metro Project #2004,Mumbai,Metro,941.6,50.1,96,81.4,4,14,65.3,24.2,151,0.002,139.5,0,6,,
2005,Aurangabad Railway Project #2005,Aurangabad,Railway,226.5,74.1,90,29.1,4,12,75.0,67.0,107,0.312,121.6,1,35,,
2006,Aurangabad Irrigation Project #2006,Aurangabad,Irrigation,979.1,43.8,4,76.5,10,0,71.3,57.3,226,0.254,94.3,0,0,,
2007,Mumbai Highway Project #2007,Mumbai,Highway,994.6,93.5,100,95.4,5,9,88.3,60.8,595,0.84,165.9,0,10,,
2008,Mumbai Railway Project #2008,Mumbai,Railway,577.8,18.5,70,11.2,11,4,79.3,99.5,302,0.866,162.9,1,151,,
2009,Pune Railway Project #2009,Pune,Railway,211.6,43.4,47,49.6,12,14,20.8,12.6,517,0.284,80.8,1,66,,
2010,Nagpur Highway Project #2010,Nagpur,Highway,350.3,73.8,17,68.3,3,2,93.6,92.3,143,0.102,115.8,0,2,,
2011,Aurangabad Irrigation Project #2011,Aurangabad,Irrigation,453.3,30.3,94,73.2,1,0,71.5,85.8,271,0.205,102.9,0,5,,
2012,Pune Irrigation Project #2012,Pune,Irrigation,343.9,69.1,5,25.8,5,5,21.4,47.4,293,0.177,94.3,1,137,,
2013,Nagpur Railway Project #2013,Nagpur,Railway,316.6,24.8,65,97.5,12,2,79.5,89.3,111,0.237,134.1,0,1,,
2014,Pune Railway Project #2014,Pune,Railway,973.6,15.0,76,65.4,4,3,42.3,68.4,386,0.235,101.9,0,4,,
2015,Aurangabad Irrigation Project #2015,Aurangabad,Irrigation,195.7,20.9,41,24.8,2,11,82.5,90.0,215,0.48,105.7,0,9,,
2016,Mumbai Irrigation Project #2016,Mumbai,Irrigation,746.7,93.7,116,11.8,3,8,96.0,63.5,662,0.32,162.5,1,126,,
2017,Mumbai Metro Project #2017,Mumbai,Metro,50.4,59.7,51,80.5,2,1,33.0,29.5,22,0.56,161.7,0,0,,
2018,Nagpur Railway Project #2018,Nagpur,Railway,616.4,81.7,10,17.2,2,0,87.2,61.9,770,0.344,118.1,0,14,,
2019,Nashik Railway Project #2019,Nashik,Railway,920.1,39.9,25,22.7,3,9,79.6,26.1,132,0.815,69.9,1,35,,
2020,Nagpur Highway Project #2020,Nagpur,Highway,323.5,63.3,20,61.7,1,5,70.4,22.7,19,0.951,135.4,0,5,,
2021,Nashik Metro Project #2021,Nashik,Metro,226.2,54.5,65,64.3,3,11,44.6,68.9,601,0.404,80.6,0,10,,
2022,Pune Irrigation Project #2022,Pune,Irrigation,669.1,95.1,39,71.8,9,14,19.9,95.3,176,0.049,102.2,0,8,,
2023,Pune Metro Project #2023,Pune,Metro,727.0,77.3,55,45.4,10,14,53.6,63.0,620,0.24,115.9,1,56,,
2024,Aurangabad Irrigation Project #2024,Aurangabad,Irrigation,703.6,75.7,117,79.7,1,0,19.5,81.6,728,0.102,115.5,0,6,,
2025,Nashik Irrigation Project #2025,Nashik,Irrigation,353.4,14.2,50,97.7,9,0,55.0,25.2,160,0.345,73.3,0,9,,
2026,Aurangabad Metro Project #2026,Aurangabad,Metro,289.6,59.5,19,34.4,7,13,83.8,68.9,46,0.645,123.6,1,54,,
2027,Mumbai Railway Project #2027,Mumbai,Railway,958.1,52.0,80,73.3,9,6,99.8,76.0,785,0.519,169.9,0,13,,
2028,Nashik Irrigation Project #2028,Nashik,Irrigation,927.1,93.5,79,93.6,4,1,27.8,13.7,483,0.243,63.9,0,7,,
2029,Nagpur Metro Project #2029,Nagpur,Metro,484.5,33.2,56,71.8,12,3,28.7,18.7,453,0.767,118.0,0,0,,
2030,Mumbai Highway Project #2030,Mumbai,Highway,853.9,34.3,105,71.3,6,3,83.0,80.3,351,0.131,139.8,0,13,,
2031,Mumbai Metro Project #2031,Mumbai,Metro,479.7,47.0,4,30.1,10,1,52.2,49.6,14,0.228,153.4,0,12,,
2032,Nagpur Highway Project #2032,Nagpur,Highway,453.2,31.9,13,58.2,3,5,92.4,46.5,235,0.676,128.9,0,4,,
2033,Mumbai Irrigation Project #2033,Mumbai,Irrigation,198.9,21.6,23,60.6,9,9,79.2,92.8,548,0.197,140.5,0,1,,
2034,Nashik Metro Project #2034,Nashik,Metro,455.1,87.2,114,73.0,5,13,76.3,99.3,133,0.679,81.3,0,10,,
2035,Aurangabad Metro Project #2035,Aurangabad,Metro,560.5,60.2,67,99.7,12,1,19.2,78.8,412,0.977,105.5,0,2,,
2036,Mumbai Highway Project #2036,Mumbai,Highway,71.4,87.5,51,13.0,11,11,13.2,81.3,44,0.831,144.7,1,103,,
2037,Nashik Metro Project #2037,Nashik,Metro,471.9,84.8,47,15.9,9,7,38.5,28.7,246,0.16,81.3,1,24,,
2038,Pune Metro Project #2038,Pune,Metro,792.3,35.4,87,17.0,3,3,29.6,27.3,477,0.52,83.7,1,166,,
2039,Nashik Irrigation Project #2039,Nashik,Irrigation,696.0,59.3,46,76.9,5,0,74.1,98.3,508,0.422,56.0,0,4,,
2040,Aurangabad Metro Project #2040,Aurangabad,Metro,653.4,17.5,59,22.3,0,15,50.6,72.6,521,0.992,117.4,1,128,,
2041,Nashik Railway Project #2041,Nashik,Railway,914.1,92.4,72,66.0,5,6,57.1,71.8,326,0.964,68.7,0,5,,
2042,Nagpur Highway Project #2042,Nagpur,Highway,67.1,46.4,2,39.2,5,14,83.2,35.8,312,0.127,132.0,1,162,,
2043,Aurangabad Metro Project #2043,Aurangabad,Metro,579.2,45.4,118,51.2,1,5,53.1,89.8,111,0.909,118.3,0,0,,
2044,Pune Highway Project #2044,Pune,Highway,798.0,37.2,8,29.4,11,11,59.0,14.0,598,0.193,72.5,1,66,,
2045,Nagpur Highway Project #2045,Nagpur,Highway,564.3,51.5,81,87.9,9,13,85.8,34.7,321,0.319,133.2,0,3,,
2046,Nashik Highway Project #2046,Nashik,Highway,357.7,32.7,99,62.8,9,5,48.8,26.2,91,0.353,89.0,0,1,,
2047,Aurangabad Metro Project #2047,Aurangabad,Metro,179.4,43.7,82,95.0,8,10,17.5,74.0,667,0.287,120.3,0,0,,
2048,Pune Metro Project #2048,Pune,Metro,893.2,82.0,23,61.7,5,2,57.0,74.4,202,0.853,100.7,0,13,,
2049,Nagpur Highway Project #2049,Nagpur,Highway,497.2,85.1,3,21.2,11,9,62.1,58.1,233,0.33,117.5,1,81,,
2050,Pune Railway Project #2050,Pune,Railway,884.2,37.4,8,25.4,10,6,56.1,10.5,62,0.817,85.2,1,126,,
2051,Nashik Highway Project #2051,Nashik,Highway,606.6,52.2,96,99.0,12,5,33.2,88.6,354,0.994,72.1,0,10,,
2052,Pune Railway Project #2052,Pune,Railway,690.5,88.6,0,75.3,6,9,30.1,96.0,94,0.841,99.2,0,0,,
2053,Mumbai Highway Project #2053,Mumbai,Highway,814.0,14.7,115,14.4,1,9,43.3,28.2,650,0.346,158.9,1,56,,
2054,Nagpur Irrigation Project #2054,Nagpur,Irrigation,676.2,90.0,114,73.3,1,8,25.0,85.8,220,0.711,115.6,0,7,,
2055,Pune Highway Project #2055,Pune,Highway,428.2,29.7,34,47.1,1,2,69.9,97.6,785,0.534,84.6,0,1,,
2056,Nashik Highway Project #2056,Nashik,Highway,538.0,71.1,73,37.6,9,2,65.3,39.4,192,0.787,55.1,1,140,,
2057,Nashik Metro Project #2057,Nashik,Metro,812.9,62.4,11,23.9,12,3,66.9,26.7,281,0.153,76.5,1,65,,
2058,Pune Railway Project #2058,Pune,Railway,405.0,59.8,17,85.6,10,2,30.2,98.0,515,0.638,86.1,0,14,,
2059,Nashik Irrigation Project #2059,Nashik,Irrigation,418.7,87.3,77,15.7,8,3,32.2,15.4,236,0.774,67.0,1,164,,
2060,Aurangabad Railway Project #2060,Aurangabad,Railway,140.9,19.1,9,36.1,2,5,80.9,34.8,21,0.761,127.3,0,5,,
2061,Aurangabad Irrigation Project #2061,Aurangabad,Irrigation,918.9,41.2,73,37.6,12,0,72.1,76.8,102,0.964,116.0,1,130,,
2062,Aurangabad Highway Project #2062,Aurangabad,Highway,136.5,58.4,17,24.5,3,1,88.8,65.6,339,0.058,113.2,1,77,,
2063,Mumbai Metro Project #2063,Mumbai,Metro,665.8,83.0,23,55.7,0,9,46.3,71.6,199,0.346,158.3,0,10,,
2064,Pune Metro Project #2064,Pune,Metro,442.5,29.5,0,11.1,0,5,59.3,73.7,607,0.477,104.2,0,4,,
2065,Mumbai Railway Project #2065,Mumbai,Railway,435.3,82.3,93,37.1,3,11,76.5,71.8,798,0.31,133.8,1,154,,
2066,Nashik Metro Project #2066,Nashik,Metro,695.6,46.0,78,94.0,1,12,97.7,40.8,302,0.31,64.3,0,4,,
2067,Mumbai Railway Project #2067,Mumbai,Railway,113.7,27.0,71,37.9,7,5,99.1,38.0,270,0.176,147.7,1,130,,
2068,Nashik Railway Project #2068,Nashik,Railway,614.0,78.3,98,42.4,12,11,99.9,48.6,719,0.813,60.2,1,61,,
2069,Nashik Irrigation Project #2069,Nashik,Irrigation,783.4,18.2,81,52.6,3,13,90.1,82.7,332,0.908,67.3,0,2,,
2070,Nagpur Railway Project #2070,Nagpur,Railway,836.8,56.3,104,60.6,2,0,67.6,94.4,19,0.082,104.5,0,14,,
2071,Aurangabad Irrigation Project #2071,Aurangabad,Irrigation,212.0,15.7,15,82.8,2,5,10.6,51.0,97,0.155,119.2,0,3,,
2072,Nashik Metro Project #2072,Nashik,Metro,902.5,42.1,84,27.1,5,13,73.0,17.7,349,0.228,64.8,1,121,,
2073,Nagpur Railway Project #2073,Nagpur,Railway,673.3,64.1,14,88.5,11,10,31.5,94.4,327,0.509,122.0,0,6,,
2074,Aurangabad Railway Project #2074,Aurangabad,Railway,887.8,60.1,61,78.2,12,11,15.1,17.2,558,0.791,110.5,1,81,,
2075,Nashik Highway Project #2075,Nashik,Highway,511.0,46.4,4,75.0,5,8,72.7,24.3,232,0.071,75.6,0,11,,
2076,Nashik Railway Project #2076,Nashik,Railway,564.9,48.6,44,17.8,5,7,78.0,88.1,696,0.637,45.4,1,145,,
2077,Mumbai Railway Project #2077,Mumbai,Railway,923.1,30.4,117,11.9,5,14,69.3,59.6,218,0.149,154.5,1,65,,
2078,Mumbai Highway Project #2078,Mumbai,Highway,904.9,51.0,51,63.5,7,9,42.9,41.7,58,0.971,147.2,0,9,,
2079,Aurangabad Highway Project #2079,Aurangabad,Highway,475.8,95.8,70,87.7,7,4,56.0,93.8,545,0.899,114.1,0,6,,
2080,Nashik Metro Project #2080,Nashik,Metro,310.7,86.5,111,62.6,8,12,94.1,96.4,627,0.95,58.2,0,7,,
2081,Pune Railway Project #2081,Pune,Railway,423.5,23.1,6,29.2,0,3,75.7,39.8,272,0.106,94.1,0,1,,
2082,Mumbai Metro Project #2082,Mumbai,Metro,418.4,12.7,26,18.1,9,5,55.4,88.2,215,0.488,163.0,1,22,,
2083,Aurangabad Metro Project #2083,Aurangabad,Metro,322.5,94.0,88,73.0,7,10,63.4,71.1,690,0.165,111.9,0,2,,
2084,Nashik Highway Project #2084,Nashik,Highway,305.2,57.4,85,75.0,4,13,93.5,34.7,506,0.6,62.8,0,13,,
2085,Nashik Irrigation Project #2085,Nashik,Irrigation,868.0,58.4,111,25.5,2,11,45.4,94.7,679,0.233,63.3,0,6,,
2086,Pune Metro Project #2086,Pune,Metro,116.4,80.3,12,12.5,10,4,19.2,15.7,762,0.771,95.8,1,34,,
2087,Aurangabad Irrigation Project #2087,Aurangabad,Irrigation,693.7,38.3,16,46.7,9,12,39.3,38.6,474,0.644,115.7,1,66,,
2088,Nashik Railway Project #2088,Nashik,Railway,214.2,53.4,104,62.4,2,5,47.4,45.7,644,0.572,73.6,0,2,,
2089,Mumbai Highway Project #2089,Mumbai,Highway,377.3,97.2,43,73.5,5,13,34.6,72.2,29,0.825,149.6,0,9,,
2090,Pune Railway Project #2090,Pune,Railway,108.5,70.5,12,82.9,7,13,57.6,13.5,577,0.5,92.0,0,4,,
2091,Aurangabad Railway Project #2091,Aurangabad,Railway,306.5,23.8,89,64.9,9,9,37.4,90.1,117,0.27,109.4,0,6,,
2092,Pune Highway Project #2092,Pune,Highway,780.0,22.0,72,20.0,1,10,19.3,69.3,149,0.621,86.2,0,2,,
2093,Mumbai Railway Project #2093,Mumbai,Railway,890.8,28.4,4,71.4,11,2,26.9,34.8,100,0.957,157.6,0,7,,
2094,Aurangabad Highway Project #2094,Aurangabad,Highway,260.5,79.0,102,98.6,8,14,92.6,69.3,280,0.601,113.1,0,11,,
2095,Pune Irrigation Project #2095,Pune,Irrigation,490.4,36.6,32,91.5,4,6,66.7,58.3,338,0.63,102.9,0,14,,
2096,Nagpur Railway Project #2096,Nagpur,Railway,496.8,11.9,3,88.5,4,7,38.3,40.3,219,0.935,131.2,0,3,,
2097,Mumbai Highway Project #2097,Mumbai,Highway,879.9,95.0,91,37.2,0,4,43.0,12.6,697,0.515,152.8,0,10,,
2098,Mumbai Metro Project #2098,Mumbai,Metro,774.7,25.3,25,77.6,5,4,54.4,59.6,582,0.996,156.0,0,13,,
2099,Mumbai Railway Project #2099,Mumbai,Railway,537.4,10.9,67,86.6,12,11,70.6,17.4,464,0.16,140.4,0,6,,
2100,Nagpur Irrigation Project #2100,Nagpur,Irrigation,687.2,31.3,15,71.0,10,3,62.4,82.9,293,0.537,119.2,0,1,,
2101,Nagpur Highway Project #2101,Nagpur,Highway,855.0,31.2,100,32.6,10,14,93.9,18.0,375,0.213,123.4,1,136,,
2102,Nashik Railway Project #2102,Nashik,Railway,59.1,48.0,21,95.8,4,9,66.3,48.6,493,0.453,54.2,0,5,,
2103,Pune Railway Project #2103,Pune,Railway,432.7,92.8,35,50.6,6,4,92.0,49.1,12,0.171,94.3,0,12,,
2104,Nashik Railway Project #2104,Nashik,Railway,911.9,89.1,101,21.7,6,11,10.5,60.1,793,0.223,60.4,1,170,,
2105,Pune Irrigation Project #2105,Pune,Irrigation,753.3,51.1,57,19.9,3,9,90.2,13.6,173,0.211,81.5,1,177,,
2106,Nagpur Highway Project #2106,Nagpur,Highway,565.7,47.0,54,68.3,4,10,74.9,28.3,397,0.32,114.7,0,10,,
2107,Nagpur Metro Project #2107,Nagpur,Metro,553.2,60.0,34,49.4,9,7,25.5,28.0,18,0.135,119.7,1,17,,
2108,Nashik Metro Project #2108,Nashik,Metro,380.4,31.9,24,18.5,7,4,33.7,63.9,375,0.809,56.7,1,169,,
2109,Aurangabad Metro Project #2109,Aurangabad,Metro,544.5,14.7,71,76.6,1,8,58.9,33.7,21,0.221,118.6,0,13,,
2110,Nashik Highway Project #2110,Nashik,Highway,672.6,94.5,80,81.9,0,12,21.2,23.0,83,0.417,71.8,0,8,,
2111,Pune Metro Project #2111,Pune,Metro,447.4,26.8,60,75.3,5,11,80.7,11.7,247,0.016,109.2,0,3,,
2112,Nashik Irrigation Project #2112,Nashik,Irrigation,728.4,27.9,17,28.2,10,12,81.2,85.6,117,0.105,73.0,1,164,,
2113,Mumbai Highway Project #2113,Mumbai,Highway,868.2,52.5,113,72.1,3,14,37.1,97.4,534,0.896,155.7,1,83,,
2114,Pune Railway Project #2114,Pune,Railway,197.0,54.2,57,11.0,12,0,16.3,73.3,243,0.837,81.5,1,119,,
2115,Pune Irrigation Project #2115,Pune,Irrigation,479.0,11.7,120,37.5,9,6,99.0,47.1,448,0.841,78.2,1,37,,
2116,Aurangabad Railway Project #2116,Aurangabad,Railway,437.6,23.3,75,45.9,2,4,32.6,21.0,766,0.411,116.2,0,10,,
2117,Nagpur Metro Project #2117,Nagpur,Metro,703.1,44.0,120,85.2,6,14,16.1,52.8,490,0.142,109.1,0,1,,
2118,Pune Irrigation Project #2118,Pune,Irrigation,287.4,71.5,56,45.1,7,3,39.7,51.2,101,0.108,96.4,1,41,,
2119,Nagpur Highway Project #2119,Nagpur,Highway,658.2,30.6,96,11.0,10,2,97.2,47.8,207,0.606,137.1,1,133,,
2120,Nashik Irrigation Project #2120,Nashik,Irrigation,883.6,48.1,86,41.7,11,11,81.4,44.0,125,0.828,79.5,1,64,,
2121,Mumbai Railway Project #2121,Mumbai,Railway,447.2,60.2,62,54.9,3,9,53.2,54.7,652,0.9,155.7,1,26,,
2122,Aurangabad Highway Project #2122,Aurangabad,Highway,915.5,90.0,11,95.4,11,6,37.5,16.6,374,0.289,112.7,0,13,,
2123,Nagpur Irrigation Project #2123,Nagpur,Irrigation,993.5,39.3,10,94.7,11,11,48.1,13.4,162,0.321,116.2,0,14,,
2124,Pune Irrigation Project #2124,Pune,Irrigation,150.8,22.0,12,26.3,9,1,11.6,15.8,642,0.101,88.9,1,121,,
2125,Nagpur Irrigation Project #2125,Nagpur,Irrigation,271.4,54.0,34,26.7,11,4,74.7,28.0,117,0.774,114.3,1,49,,
2126,Pune Irrigation Project #2126,Pune,Irrigation,952.9,77.2,26,24.7,10,1,19.0,35.0,537,0.276,76.8,1,134,,
2127,Nagpur Highway Project #2127,Nagpur,Highway,960.4,19.9,88,81.0,10,6,56.7,25.3,65,0.481,120.4,0,7,,
2128,Pune Railway Project #2128,Pune,Railway,142.8,48.2,103,10.5,5,5,60.9,32.7,461,0.929,101.1,1,26,,
2129,Nashik Irrigation Project #2129,Nashik,Irrigation,64.2,11.6,66,21.4,12,12,10.2,26.7,401,0.752,57.1,1,17,,
2130,Pune Highway Project #2130,Pune,Highway,203.0,13.0,112,58.4,10,9,98.2,23.6,624,0.053,104.0,0,7,,
2131,Pune Railway Project #2131,Pune,Railway,996.2,53.5,88,32.3,10,14,37.2,36.4,217,0.008,102.2,1,36,,
2132,Mumbai Irrigation Project #2132,Mumbai,Irrigation,221.0,36.8,44,18.3,1,6,17.0,45.8,519,0.787,154.0,0,4,,
2133,Pune Railway Project #2133,Pune,Railway,527.4,86.1,73,42.4,7,11,86.9,77.0,672,0.553,94.1,1,23,,
2134,Mumbai Railway Project #2134,Mumbai,Railway,856.0,64.2,80,34.7,5,8,23.7,96.0,783,0.72,148.1,1,101,,
2135,Aurangabad Highway Project #2135,Aurangabad,Highway,69.4,50.9,66,56.0,10,12,12.2,92.7,564,0.157,110.4,0,9,,
2136,Mumbai Railway Project #2136,Mumbai,Railway,624.3,46.7,108,98.1,8,1,54.5,52.8,309,0.872,145.4,0,12,,
2137,Nashik Highway Project #2137,Nashik,Highway,313.2,54.8,21,21.2,10,8,21.7,51.5,639,0.773,70.3,1,174,,
2138,Mumbai Irrigation Project #2138,Mumbai,Irrigation,869.2,13.6,101,43.5,12,6,98.4,21.3,288,0.891,151.4,1,118,,
2139,Aurangabad Railway Project #2139,Aurangabad,Railway,319.3,90.4,77,93.9,12,1,10.9,97.5,153,0.341,128.8,0,9,,
2140,Nashik Railway Project #2140,Nashik,Railway,702.4,99.8,90,88.9,5,15,14.6,78.4,749,0.276,75.7,0,4,,
2141,Nagpur Metro Project #2141,Nagpur,Metro,690.5,26.3,41,45.5,5,9,85.0,86.3,213,0.152,117.9,1,78,,
2142,Nagpur Irrigation Project #2142,Nagpur,Irrigation,260.4,20.8,19,72.9,11,1,31.6,31.1,238,0.93,119.0,0,7,,
2143,Mumbai Irrigation Project #2143,Mumbai,Irrigation,83.1,22.9,47,17.9,1,3,92.0,46.1,274,0.177,142.9,0,4,,
2144,Mumbai Metro Project #2144,Mumbai,Metro,438.8,69.5,17,74.1,4,1,38.0,19.2,475,0.119,144.5,0,6,,
2145,Aurangabad Metro Project #2145,Aurangabad,Metro,324.7,69.5,76,97.6,8,0,16.3,94.7,146,0.193,119.1,0,4,,
2146,Aurangabad Highway Project #2146,Aurangabad,Highway,818.5,86.3,105,58.4,0,5,11.0,35.7,249,0.771,105.1,0,9,,
2147,Pune Highway Project #2147,Pune,Highway,810.3,77.7,69,54.9,3,9,35.4,63.6,707,0.89,83.8,0,8,,
2148,Aurangabad Railway Project #2148,Aurangabad,Railway,484.2,50.5,73,26.9,9,13,52.6,23.7,458,0.811,104.1,1,32,,
2149,Pune Railway Project #2149,Pune,Railway,626.2,65.2,100,67.0,9,10,10.1,82.3,324,0.563,82.7,0,7,,
2150,Nashik Railway Project #2150,Nashik,Railway,624.0,71.9,92,63.1,2,14,62.3,26.8,160,0.994,81.3,1,32,,
2151,Mumbai Railway Project #2151,Mumbai,Railway,835.8,56.1,5,68.7,0,4,40.0,82.8,334,0.069,151.4,0,4,,
2152,Nashik Highway Project #2152,Nashik,Highway,453.8,52.8,38,12.3,0,11,45.1,46.2,412,0.867,67.2,0,8,,
2153,Aurangabad Irrigation Project #2153,Aurangabad,Irrigation,311.7,68.1,10,59.4,0,2,33.5,62.0,362,0.428,110.3,0,10,,
2154,Nashik Railway Project #2154,Nashik,Railway,301.8,60.2,111,63.5,0,10,57.6,34.3,119,0.455,72.2,0,7,,
2155,Nashik Irrigation Project #2155,Nashik,Irrigation,559.4,68.0,24,28.7,12,0,30.7,89.4,475,0.128,62.5,1,118,,
2156,Nashik Railway Project #2156,Nashik,Railway,476.7,65.2,107,28.7,1,8,22.1,78.4,49,0.033,56.1,0,8,,
2157,Aurangabad Metro Project #2157,Aurangabad,Metro,468.1,74.7,107,34.9,10,7,90.2,41.9,663,0.317,123.4,1,98,,
2158,Nashik Railway Project #2158,Nashik,Railway,136.6,67.9,93,74.1,4,5,45.1,62.7,349,0.175,79.9,0,13,,
2159,Pune Railway Project #2159,Pune,Railway,732.7,56.8,54,64.6,1,5,16.9,21.6,381,0.483,93.8,0,0,,
2160,Aurangabad Railway Project #2160,Aurangabad,Railway,253.0,71.4,83,86.1,3,11,30.7,24.4,534,0.147,119.2,0,4,,
2161,Nashik Highway Project #2161,Nashik,Highway,237.1,50.5,57,36.6,8,3,37.9,58.0,516,0.138,89.1,1,141,,
2162,Aurangabad Metro Project #2162,Aurangabad,Metro,442.1,31.8,36,92.1,2,15,79.3,67.7,62,0.877,104.6,0,9,,
2163,Nagpur Railway Project #2163,Nagpur,Railway,266.4,10.1,15,76.9,1,12,12.0,60.2,89,0.921,108.8,1,23,,
2164,Pune Railway Project #2164,Pune,Railway,604.7,60.4,94,45.6,3,1,53.0,60.3,754,0.964,96.6,1,47,,
2165,Nashik Irrigation Project #2165,Nashik,Irrigation,402.9,63.2,92,18.6,8,11,46.7,76.8,360,0.681,55.3,1,119,,
2166,Nagpur Metro Project #2166,Nagpur,Metro,476.5,97.5,69,33.1,3,3,97.2,91.2,560,0.771,120.4,1,21,,
2167,Nagpur Railway Project #2167,Nagpur,Railway,560.3,42.5,92,96.1,11,13,26.2,44.9,748,0.836,117.0,1,175,,
2168,Aurangabad Irrigation Project #2168,Aurangabad,Irrigation,243.4,45.5,95,37.9,4,1,66.5,58.3,349,0.659,116.7,1,80,,
2169,Nagpur Irrigation Project #2169,Nagpur,Irrigation,198.0,28.2,72,39.7,3,12,28.2,90.4,130,0.33,115.2,1,111,,
2170,Pune Highway Project #2170,Pune,Highway,886.4,16.3,36,27.1,12,6,59.4,51.8,74,0.156,102.0,1,49,,
2171,Pune Irrigation Project #2171,Pune,Irrigation,462.0,79.6,52,82.6,7,14,60.0,50.1,449,0.237,82.5,0,1,,
2172,Mumbai Railway Project #2172,Mumbai,Railway,441.5,32.5,86,34.8,12,8,16.8,79.0,305,0.84,157.1,1,174,,
2173,Pune Highway Project #2173,Pune,Highway,83.8,64.8,15,39.7,3,12,51.1,89.0,214,0.696,83.3,1,15,,
2174,Nagpur Highway Project #2174,Nagpur,Highway,523.1,71.9,17,47.3,1,1,51.5,76.4,656,0.456,125.5,0,4,,
2175,Pune Railway Project #2175,Pune,Railway,576.5,52.4,18,49.0,11,8,38.7,19.0,566,0.029,79.9,1,109,,
2176,Aurangabad Metro Project #2176,Aurangabad,Metro,580.9,88.9,43,47.0,3,8,34.9,51.8,287,0.266,109.8,1,49,,
2177,Mumbai Irrigation Project #2177,Mumbai,Irrigation,721.7,49.9,1,55.3,1,7,30.2,29.1,144,0.729,163.2,0,11,,
2178,Nagpur Highway Project #2178,Nagpur,Highway,218.6,35.6,57,83.3,8,0,10.5,38.6,387,0.512,121.2,0,3,,
2179,Mumbai Metro Project #2179,Mumbai,Metro,289.6,90.6,9,83.7,10,4,10.2,52.2,61,0.436,161.8,0,8,,
2180,Nagpur Railway Project #2180,Nagpur,Railway,820.2,87.5,75,81.8,7,15,63.1,29.9,750,0.314,119.7,0,10,,
2181,Aurangabad Irrigation Project #2181,Aurangabad,Irrigation,949.8,24.8,45,19.1,8,13,36.2,56.4,589,0.607,104.9,1,145,,
2182,Mumbai Irrigation Project #2182,Mumbai,Irrigation,179.1,12.3,81,82.0,3,9,25.1,67.9,719,0.966,151.7,0,9,,
2183,Nashik Highway Project #2183,Nashik,Highway,522.8,18.1,18,20.8,0,12,71.6,88.7,76,0.901,76.2,0,6,,
2184,Nagpur Irrigation Project #2184,Nagpur,Irrigation,253.5,35.8,37,21.2,2,12,57.6,29.0,12,0.03,100.9,0,13,,
2185,Nashik Irrigation Project #2185,Nashik,Irrigation,107.1,97.5,36,95.3,6,10,92.3,38.0,579,0.481,75.2,0,4,,
2186,Mumbai Irrigation Project #2186,Mumbai,Irrigation,359.2,60.3,90,83.7,0,3,84.8,46.5,460,0.329,140.6,0,14,,
2187,Nashik Irrigation Project #2187,Nashik,Irrigation,186.5,43.6,111,59.7,10,6,75.4,30.2,519,0.511,58.1,0,13,,
2188,Nashik Railway Project #2188,Nashik,Railway,724.4,90.0,77,88.7,7,12,21.4,39.9,777,0.606,75.4,0,9,,
2189,Mumbai Metro Project #2189,Mumbai,Metro,557.0,50.8,44,99.0,8,10,69.9,89.5,447,0.2,163.4,0,12,,
2190,Aurangabad Railway Project #2190,Aurangabad,Railway,186.6,38.4,116,65.0,7,14,72.5,22.5,786,0.782,112.2,1,147,,
2191,Nashik Railway Project #2191,Nashik,Railway,58.8,94.7,33,65.2,4,13,78.7,49.9,537,0.475,56.4,0,8,,
2192,Nashik Highway Project #2192,Nashik,Highway,817.7,86.5,1,77.9,11,7,33.7,38.0,789,0.992,63.3,0,3,,
2193,Aurangabad Irrigation Project #2193,Aurangabad,Irrigation,217.4,85.9,43,30.9,10,13,67.6,16.9,111,0.025,105.8,1,157,,
2194,Nashik Railway Project #2194,Nashik,Railway,625.9,56.1,96,25.0,11,9,65.6,18.7,446,0.19,72.0,1,121,,
2195,Nashik Irrigation Project #2195,Nashik,Irrigation,370.1,81.0,82,78.4,12,10,44.7,80.6,743,0.69,69.3,0,12,,
2196,Nashik Railway Project #2196,Nashik,Railway,606.2,26.1,26,41.0,8,15,69.7,86.7,30,0.695,75.0,1,127,,
2197,Pune Railway Project #2197,Pune,Railway,349.9,61.6,47,22.2,3,12,17.8,76.7,396,0.582,100.0,1,140,,
2198,Aurangabad Highway Project #2198,Aurangabad,Highway,132.6,98.5,93,38.3,8,7,67.9,58.5,542,0.972,113.4,1,42,,
2199,Nashik Metro Project #2199,Nashik,Metro,261.8,36.2,6,42.3,0,1,64.5,79.5,101,0.415,79.0,0,11,,
2200,Aurangabad Metro Project #2200,Aurangabad,Metro,228.7,81.5,26,96.9,11,2,29.0,23.7,142,0.417,107.3,0,0,,
2201,Nagpur Railway Project #2201,Nagpur,Railway,456.6,54.1,84,72.8,10,12,83.6,80.2,514,0.91,153.0,0,3,,
2202,Nagpur Highway Project #2202,Nagpur,Highway,675.4,13.6,70,57.8,2,9,88.7,48.1,462,0.538,125.5,0,10,,
2203,Nashik Irrigation Project #2203,Nashik,Irrigation,300.6,78.7,111,97.2,3,14,28.9,77.5,696,0.354,76.8,0,8,,
2204,Aurangabad Irrigation Project #2204,Aurangabad,Irrigation,61.5,25.2,88,91.3,10,9,16.8,30.5,734,0.719,127.6,1,27,,
2205,Aurangabad Railway Project #2205,Aurangabad,Railway,543.0,66.8,101,56.1,9,6,64.3,84.9,157,0.62,110.9,0,11,,
2206,Aurangabad Metro Project #2206,Aurangabad,Metro,625.5,17.7,17,91.5,0,3,53.2,61.1,241,0.306,103.5,0,12,,
2207,Pune Highway Project #2207,Pune,Highway,964.7,95.2,32,46.4,11,5,48.5,10.7,174,0.298,103.1,1,39,,
2208,Nagpur Metro Project #2208,Nagpur,Metro,610.0,36.3,32,30.7,5,7,78.5,56.7,323,0.396,133.7,1,174,,
2209,Aurangabad Irrigation Project #2209,Aurangabad,Irrigation,497.6,30.4,95,30.9,12,7,97.3,37.9,666,0.072,111.5,1,163,,
2210,Aurangabad Metro Project #2210,Aurangabad,Metro,594.7,21.6,24,69.6,3,6,53.0,15.2,307,0.943,127.6,0,11,,
2211,Pune Irrigation Project #2211,Pune,Irrigation,931.5,95.1,13,55.1,3,12,10.6,50.3,232,0.183,89.2,0,11,,
2212,Pune Highway Project #2212,Pune,Highway,837.0,74.1,37,69.3,0,11,63.7,38.0,362,0.194,99.3,0,6,,
2213,Aurangabad Highway Project #2213,Aurangabad,Highway,356.8,76.7,37,71.7,4,1,68.9,28.4,425,0.647,125.2,0,7,,
2214,Mumbai Railway Project #2214,Mumbai,Railway,275.4,54.9,3,12.0,8,1,84.5,41.4,71,0.724,151.0,1,154,,
2215,Aurangabad Railway Project #2215,Aurangabad,Railway,299.5,52.7,107,14.9,5,2,27.9,26.2,617,0.737,114.6,1,34,,
2216,Aurangabad Metro Project #2216,Aurangabad,Metro,529.2,19.9,61,57.9,7,3,57.2,37.0,633,0.375,120.3,0,0,,
2217,Pune Highway Project #2217,Pune,Highway,756.8,60.4,81,27.2,10,0,50.2,20.4,385,0.873,86.3,1,97,,
2218,Pune Highway Project #2218,Pune,Highway,528.1,32.2,9,66.9,3,4,69.8,17.6,608,0.544,81.9,0,7,,
2219,Aurangabad Railway Project #2219,Aurangabad,Railway,114.4,97.9,34,59.7,8,13,15.8,91.9,414,0.439,123.3,0,4,,
2220,Aurangabad Irrigation Project #2220,Aurangabad,Irrigation,737.4,81.7,98,62.7,6,6,89.6,91.2,264,0.81,113.1,0,7,,
2221,Aurangabad Metro Project #2221,Aurangabad,Metro,815.7,47.2,103,37.2,6,11,56.0,84.5,460,0.244,104.9,1,115,,
2222,Pune Metro Project #2222,Pune,Metro,325.0,23.6,117,67.6,7,9,88.9,30.7,399,0.86,90.9,0,0,,
2223,Aurangabad Railway Project #2223,Aurangabad,Railway,680.9,80.7,22,84.7,1,10,40.6,75.3,634,0.539,115.1,0,11,,
2224,Aurangabad Highway Project #2224,Aurangabad,Highway,455.3,21.0,88,99.8,11,4,68.8,63.1,775,0.9,94.3,0,3,,
2225,Nashik Railway Project #2225,Nashik,Railway,894.7,27.0,64,85.5,5,13,96.1,14.6,357,0.202,77.2,0,14,,
2226,Mumbai Railway Project #2226,Mumbai,Railway,853.0,29.0,81,60.2,6,6,94.9,91.0,511,0.936,154.1,0,11,,
2227,Nagpur Railway Project #2227,Nagpur,Railway,549.2,60.1,78,27.4,2,4,95.0,99.8,331,0.688,136.6,0,8,,
2228,Mumbai Railway Project #2228,Mumbai,Railway,706.9,80.8,24,71.3,7,10,13.9,73.8,553,0.618,147.8,1,160,,
2229,Nashik Irrigation Project #2229,Nashik,Irrigation,889.2,38.3,95,94.4,0,9,46.3,30.8,73,0.422,83.8,0,4,,
2230,Nagpur Irrigation Project #2230,Nagpur,Irrigation,520.9,17.6,52,29.1,0,7,15.5,59.9,163,0.956,119.6,0,12,,
2231,Aurangabad Highway Project #2231,Aurangabad,Highway,347.6,51.8,83,33.0,9,6,37.9,19.8,526,0.444,111.4,1,25,,
2232,Nashik Railway Project #2232,Nashik,Railway,766.0,77.3,16,23.4,2,15,25.7,36.9,404,0.499,72.8,0,11,,
2233,Aurangabad Irrigation Project #2233,Aurangabad,Irrigation,259.1,29.9,56,76.3,5,13,65.8,74.6,339,0.781,130.9,0,9,,
2234,Pune Highway Project #2234,Pune,Highway,419.1,29.8,74,46.6,6,0,80.3,37.1,472,0.285,77.6,1,154,,
2235,Nashik Railway Project #2235,Nashik,Railway,872.4,95.3,76,15.6,1,10,56.2,23.2,731,0.291,75.0,0,2,,
2236,Pune Metro Project #2236,Pune,Metro,738.2,95.9,88,88.7,5,0,81.6,10.7,101,0.775,90.4,0,2,,
2237,Nashik Irrigation Project #2237,Nashik,Irrigation,433.6,99.1,19,60.2,11,11,11.2,61.5,231,0.129,69.7,0,8,,
2238,Nashik Highway Project #2238,Nashik,Highway,254.0,82.7,24,39.8,4,15,83.8,97.2,199,0.823,75.8,1,103,,
2239,Pune Metro Project #2239,Pune,Metro,388.2,26.9,41,41.0,5,4,26.1,53.6,581,0.625,101.1,1,61,,
2240,Nagpur Railway Project #2240,Nagpur,Railway,319.9,29.1,44,36.1,0,13,51.5,29.1,214,0.539,125.3,1,50,,
2241,Mumbai Railway Project #2241,Mumbai,Railway,217.3,40.6,112,51.0,9,15,49.8,51.7,221,0.229,162.4,1,96,,
2242,Aurangabad Railway Project #2242,Aurangabad,Railway,756.2,38.6,30,40.3,6,1,88.6,64.2,779,0.786,107.5,1,58,,
2243,Nashik Irrigation Project #2243,Nashik,Irrigation,289.5,96.1,116,59.3,7,8,96.9,82.1,98,0.805,69.5,0,14,,
2244,Aurangabad Highway Project #2244,Aurangabad,Highway,481.5,81.0,64,79.6,6,1,33.0,50.7,757,0.483,100.0,0,7,,
2245,Pune Metro Project #2245,Pune,Metro,416.6,75.2,51,70.7,8,11,16.1,25.6,372,0.389,109.8,0,13,,
2246,Aurangabad Highway Project #2246,Aurangabad,Highway,983.0,26.7,79,36.5,0,8,68.5,26.9,380,0.246,108.1,0,7,,
2247,Pune Irrigation Project #2247,Pune,Irrigation,421.5,91.9,111,57.6,9,9,55.3,91.0,341,0.754,87.0,0,0,,
2248,Aurangabad Highway Project #2248,Aurangabad,Highway,126.0,84.5,91,85.6,8,1,60.9,31.3,717,0.639,116.1,0,6,,
2249,Mumbai Irrigation Project #2249,Mumbai,Irrigation,135.3,24.7,20,16.1,10,14,14.2,75.5,435,0.207,161.1,1,16,,
2250,Mumbai Railway Project #2250,Mumbai,Railway,611.2,88.4,29,17.0,10,3,79.8,34.2,464,0.794,143.1,1,161,,
2251,Mumbai Metro Project #2251,Mumbai,Metro,619.4,34.5,2,60.1,12,2,30.9,74.9,704,0.882,161.9,0,7,,
2252,Mumbai Railway Project #2252,Mumbai,Railway,447.8,17.3,97,67.5,2,5,40.1,17.1,431,0.059,147.0,0,4,,
2253,Mumbai Highway Project #2253,Mumbai,Highway,460.3,69.1,69,29.0,1,3,30.6,28.7,772,0.772,164.3,1,37,,
2254,Mumbai Railway Project #2254,Mumbai,Railway,101.2,68.8,42,77.1,5,8,95.1,46.8,745,0.853,144.6,0,2,,
2255,Pune Metro Project #2255,Pune,Metro,540.7,18.5,28,68.2,10,8,25.2,56.4,180,0.992,97.4,0,10,,
2256,Nashik Railway Project #2256,Nashik,Railway,529.5,38.7,2,93.1,4,12,75.9,41.8,719,0.238,70.4,0,13,,
2257,Aurangabad Metro Project #2257,Aurangabad,Metro,192.1,99.4,57,25.2,3,9,32.1,61.6,258,0.371,98.7,1,104,,
2258,Mumbai Metro Project #2258,Mumbai,Metro,148.6,71.1,32,77.6,3,13,48.2,39.3,190,0.966,135.8,0,8,,
2259,Pune Railway Project #2259,Pune,Railway,167.4,75.7,74,17.5,7,8,99.6,71.1,484,0.094,82.6,1,42,,
2260,Pune Irrigation Project #2260,Pune,Irrigation,146.0,29.2,44,60.9,9,2,19.1,56.0,492,0.524,99.9,0,3,,
2261,Pune Highway Project #2261,Pune,Highway,629.2,17.1,68,59.7,12,2,89.3,73.5,393,0.507,70.6,0,6,,
2262,Nashik Irrigation Project #2262,Nashik,Irrigation,236.7,34.9,113,45.0,2,3,95.1,48.8,798,0.607,73.3,0,7,,
2263,Aurangabad Irrigation Project #2263,Aurangabad,Irrigation,288.9,32.4,31,86.0,12,15,72.8,88.9,413,0.331,112.5,0,10,,
2264,Nashik Railway Project #2264,Nashik,Railway,214.9,31.1,110,10.4,0,8,10.9,44.4,796,0.926,53.2,1,155,,
2265,Nagpur Highway Project #2265,Nagpur,Highway,959.9,27.3,81,56.8,4,13,83.9,37.7,170,0.27,112.0,0,9,,
2266,Pune Highway Project #2266,Pune,Highway,861.9,61.7,110,29.5,7,5,89.4,60.1,257,0.65,82.0,1,137,,
2267,Nagpur Irrigation Project #2267,Nagpur,Irrigation,269.0,39.5,83,76.9,2,15,98.3,55.8,328,0.496,120.5,0,8,,
2268,Mumbai Railway Project #2268,Mumbai,Railway,361.2,83.8,51,13.9,1,8,85.5,56.6,709,0.267,164.7,0,7,,
2269,Mumbai Highway Project #2269,Mumbai,Highway,249.4,26.6,63,84.8,0,7,50.1,81.7,540,0.189,160.7,0,5,,
2270,Nashik Irrigation Project #2270,Nashik,Irrigation,517.3,51.8,115,85.4,12,6,72.0,63.0,765,0.957,66.4,0,13,,
2271,Aurangabad Highway Project #2271,Aurangabad,Highway,68.6,11.2,102,85.0,3,12,53.7,89.7,122,0.561,101.7,0,11,,
2272,Nagpur Railway Project #2272,Nagpur,Railway,687.8,53.4,112,23.7,10,4,41.8,65.7,799,0.604,104.4,1,141,,
2273,Aurangabad Railway Project #2273,Aurangabad,Railway,547.0,15.0,39,66.7,1,12,66.4,12.0,572,0.783,106.2,0,14,,
2274,Nashik Railway Project #2274,Nashik,Railway,903.7,98.0,91,11.3,7,14,79.3,88.3,353,0.081,61.0,1,21,,
2275,Mumbai Highway Project #2275,Mumbai,Highway,206.2,81.2,12,86.3,10,8,67.2,85.6,132,0.714,149.6,0,9,,
2276,Aurangabad Metro Project #2276,Aurangabad,Metro,813.9,54.1,89,75.1,12,3,84.4,14.4,759,0.165,110.0,0,7,,
2277,Aurangabad Highway Project #2277,Aurangabad,Highway,802.4,17.8,79,57.8,9,14,25.9,21.3,328,0.74,105.2,1,75,,
2278,Mumbai Metro Project #2278,Mumbai,Metro,170.8,63.3,88,75.8,11,13,43.6,60.1,583,0.141,145.5,0,6,,
2279,Nagpur Railway Project #2279,Nagpur,Railway,428.6,78.3,73,18.5,8,3,38.1,13.9,487,0.832,113.1,1,116,,
2280,Mumbai Irrigation Project #2280,Mumbai,Irrigation,211.6,27.2,28,57.6,12,7,27.5,47.0,422,0.681,144.9,0,11,,
2281,Aurangabad Metro Project #2281,Aurangabad,Metro,292.0,61.1,109,36.2,9,3,49.9,97.8,595,0.386,124.4,1,29,,
2282,Nagpur Railway Project #2282,Nagpur,Railway,300.1,83.3,62,97.5,0,6,95.3,25.5,254,0.359,125.2,0,5,,
2283,Nagpur Railway Project #2283,Nagpur,Railway,578.4,79.1,101,87.1,1,3,58.4,28.5,553,0.149,125.3,0,6,,
2284,Mumbai Metro Project #2284,Mumbai,Metro,440.8,82.3,83,76.0,5,10,35.8,70.9,466,0.904,160.1,0,12,,
2285,Aurangabad Irrigation Project #2285,Aurangabad,Irrigation,950.3,89.1,117,94.0,12,0,41.9,14.0,162,0.119,119.2,0,12,,
2286,Nashik Railway Project #2286,Nashik,Railway,170.1,94.4,25,41.2,9,9,65.2,83.9,665,0.472,84.2,1,137,,
2287,Aurangabad Metro Project #2287,Aurangabad,Metro,975.0,46.5,95,91.1,11,8,41.7,27.9,24,0.237,115.9,0,9,,
2288,Pune Irrigation Project #2288,Pune,Irrigation,269.1,61.2,102,39.3,6,3,58.5,57.8,452,0.996,92.1,1,141,,
2289,Nashik Irrigation Project #2289,Nashik,Irrigation,784.2,81.2,101,76.0,1,2,34.7,32.4,313,0.586,64.1,0,14,,
2290,Nagpur Railway Project #2290,Nagpur,Railway,372.0,72.7,58,76.3,7,2,41.1,69.3,795,0.15,111.8,0,14,,
2291,Nashik Highway Project #2291,Nashik,Highway,185.9,99.6,48,11.7,12,8,73.5,62.8,254,0.668,78.8,1,42,,
2292,Nagpur Highway Project #2292,Nagpur,Highway,865.0,11.2,52,42.5,9,7,62.6,95.2,800,0.992,118.9,1,112,,
2293,Nagpur Railway Project #2293,Nagpur,Railway,343.4,42.0,87,11.7,8,9,18.4,50.1,576,0.605,106.4,1,33,,
2294,Nashik Irrigation Project #2294,Nashik,Irrigation,675.9,35.3,30,99.7,7,6,97.6,88.7,563,0.457,49.1,0,6,,
2295,Nagpur Railway Project #2295,Nagpur,Railway,588.1,33.6,103,21.0,8,6,14.4,61.8,464,0.293,141.5,1,61,,
2296,Nagpur Metro Project #2296,Nagpur,Metro,498.2,30.0,11,58.9,5,3,17.5,92.3,368,0.092,110.1,0,7,,
2297,Pune Highway Project #2297,Pune,Highway,521.0,73.8,57,81.2,10,2,73.1,36.3,61,0.228,83.1,0,6,,
2298,Aurangabad Metro Project #2298,Aurangabad,Metro,745.6,17.6,120,28.1,6,11,73.7,59.5,20,0.554,122.3,1,128,,
2299,Aurangabad Railway Project #2299,Aurangabad,Railway,133.4,76.7,35,53.7,5,3,11.7,45.1,609,0.754,97.9,0,12,,
2300,Pune Railway Project #2300,Pune,Railway,684.8,72.4,9,64.7,6,5,67.8,15.9,236,0.878,95.3,0,4,,
2301,Nashik Irrigation Project #2301,Nashik,Irrigation,901.0,32.6,5,24.4,2,11,13.0,61.7,123,0.794,88.2,1,88,,
2302,Mumbai Irrigation Project #2302,Mumbai,Irrigation,104.9,32.8,6,80.1,3,12,96.5,81.5,546,0.125,171.1,0,12,,
2303,Mumbai Irrigation Project #2303,Mumbai,Irrigation,183.6,66.6,116,36.9,8,13,72.7,60.1,613,0.773,145.5,1,68,,
2304,Mumbai Metro Project #2304,Mumbai,Metro,730.8,78.6,30,29.0,2,3,26.8,35.1,96,0.582,149.9,0,3,,
2305,Pune Irrigation Project #2305,Pune,Irrigation,465.4,88.9,90,60.2,1,3,24.2,33.7,602,0.469,86.0,0,4,,
2306,Pune Railway Project #2306,Pune,Railway,433.4,86.7,71,46.9,11,1,61.3,31.4,259,0.573,89.8,1,160,,
2307,Nagpur Irrigation Project #2307,Nagpur,Irrigation,180.1,96.8,2,92.8,12,14,67.0,98.2,259,0.008,133.0,0,3,,
2308,Mumbai Highway Project #2308,Mumbai,Highway,531.4,62.3,103,89.2,10,13,84.8,45.9,430,0.068,136.0,0,13,,
2309,Nashik Irrigation Project #2309,Nashik,Irrigation,170.2,91.8,46,53.5,6,6,91.3,38.5,219,0.526,76.5,0,10,,
2310,Nashik Metro Project #2310,Nashik,Metro,502.8,82.8,84,42.3,5,5,45.3,47.7,530,0.174,68.0,1,167,,
2311,Mumbai Highway Project #2311,Mumbai,Highway,775.4,90.5,0,39.3,2,1,86.0,20.4,620,0.546,163.7,0,1,,
2312,Mumbai Highway Project #2312,Mumbai,Highway,295.4,11.0,44,34.1,5,4,58.8,27.6,557,0.354,163.2,1,152,,
2313,Mumbai Highway Project #2313,Mumbai,Highway,506.7,96.9,53,59.0,6,5,52.4,55.8,66,0.907,145.9,0,10,,
2314,Pune Metro Project #2314,Pune,Metro,992.4,52.6,49,82.4,5,4,72.9,81.9,72,0.95,88.9,0,12,,
2315,Pune Railway Project #2315,Pune,Railway,702.3,81.8,78,38.0,0,3,19.3,88.9,347,0.98,98.9,0,4,,
2316,Pune Irrigation Project #2316,Pune,Irrigation,849.3,21.4,6,27.1,11,10,33.9,87.9,797,0.899,99.8,1,33,,
2317,Aurangabad Highway Project #2317,Aurangabad,Highway,444.1,45.6,62,52.8,0,10,83.5,95.0,734,0.986,85.3,0,5,,
2318,Nashik Highway Project #2318,Nashik,Highway,779.5,34.4,14,16.2,8,8,55.4,21.3,541,0.706,78.9,1,59,,
2319,Nashik Highway Project #2319,Nashik,Highway,88.5,36.2,88,73.1,5,2,91.7,13.7,768,0.961,86.5,0,9,,
2320,Nagpur Railway Project #2320,Nagpur,Railway,166.8,21.1,66,56.7,11,10,18.0,19.5,15,0.642,122.6,1,52,,
2321,Pune Railway Project #2321,Pune,Railway,242.9,82.5,29,54.7,1,1,38.2,64.1,594,0.809,99.5,0,4,,
2322,Aurangabad Metro Project #2322,Aurangabad,Metro,431.9,10.8,77,37.0,10,8,42.0,60.1,628,0.132,122.8,1,81,,
2323,Aurangabad Railway Project #2323,Aurangabad,Railway,853.5,38.1,115,91.4,0,14,48.0,70.4,614,0.683,112.2,0,12,,
2324,Nashik Irrigation Project #2324,Nashik,Irrigation,379.0,25.7,67,18.1,10,7,98.8,43.4,520,0.931,78.1,1,22,,
2325,Pune Metro Project #2325,Pune,Metro,671.9,63.0,35,88.3,11,8,38.0,45.2,470,0.54,90.1,0,10,,
2326,Nagpur Metro Project #2326,Nagpur,Metro,723.8,32.9,66,43.9,1,9,56.7,59.1,365,0.187,119.5,0,9,,
2327,Pune Irrigation Project #2327,Pune,Irrigation,606.9,33.3,4,89.3,7,15,58.2,17.1,228,0.527,83.4,0,1,,
2328,Mumbai Irrigation Project #2328,Mumbai,Irrigation,389.4,54.0,24,75.6,4,10,79.4,82.0,376,0.707,151.7,0,10,,
2329,Pune Irrigation Project #2329,Pune,Irrigation,598.2,68.7,94,19.4,6,2,56.6,93.1,570,0.77,108.9,1,26,,
2330,Mumbai Metro Project #2330,Mumbai,Metro,375.2,20.9,10,84.8,6,0,64.5,44.9,373,0.524,141.0,0,7,,
2331,Mumbai Metro Project #2331,Mumbai,Metro,129.7,25.8,71,71.4,1,10,77.8,76.6,399,0.217,156.2,0,13,,
2332,Nagpur Metro Project #2332,Nagpur,Metro,993.2,32.2,89,12.9,3,0,19.1,59.4,304,0.927,123.2,1,108,,
2333,Nashik Irrigation Project #2333,Nashik,Irrigation,170.8,97.6,65,22.0,1,2,96.7,31.2,514,0.774,84.7,0,3,,
2334,Pune Irrigation Project #2334,Pune,Irrigation,118.7,45.7,27,67.2,6,3,86.2,16.1,297,0.271,106.6,0,2,,
2335,Mumbai Highway Project #2335,Mumbai,Highway,884.6,63.9,111,69.6,4,1,45.0,32.1,186,0.812,140.8,0,11,,
2336,Pune Railway Project #2336,Pune,Railway,336.7,31.7,120,77.2,0,7,75.6,64.4,308,0.348,84.3,0,8,,
2337,Nashik Highway Project #2337,Nashik,Highway,667.8,54.1,59,74.8,1,13,78.6,13.6,629,0.312,64.8,0,3,,
2338,Nashik Irrigation Project #2338,Nashik,Irrigation,362.6,16.7,9,69.4,5,12,86.5,85.3,293,0.863,65.2,0,1,,
2339,Aurangabad Metro Project #2339,Aurangabad,Metro,421.9,13.1,49,79.0,3,14,26.9,97.3,586,0.873,106.0,0,10,,
2340,Nashik Irrigation Project #2340,Nashik,Irrigation,299.0,52.2,38,61.8,6,11,73.3,17.5,63,0.398,73.5,0,13,,
2341,Nagpur Railway Project #2341,Nagpur,Railway,375.9,45.9,36,33.5,1,2,13.0,32.2,329,0.009,111.5,0,0,,
2342,Mumbai Highway Project #2342,Mumbai,Highway,440.2,22.3,62,92.1,12,12,20.4,70.8,488,0.187,142.9,0,11,,
2343,Aurangabad Highway Project #2343,Aurangabad,Highway,734.4,71.9,60,11.6,11,13,79.8,82.5,551,0.909,102.1,1,144,,
2344,Nagpur Metro Project #2344,Nagpur,Metro,536.0,99.4,102,43.0,1,3,83.2,41.1,767,0.899,124.9,0,7,,
2345,Pune Highway Project #2345,Pune,Highway,946.4,45.6,84,75.6,11,5,63.3,56.4,731,0.453,89.4,0,12,,
2346,Mumbai Highway Project #2346,Mumbai,Highway,89.8,66.2,91,48.4,5,9,62.4,90.3,230,0.304,147.6,1,139,,
2347,Nashik Irrigation Project #2347,Nashik,Irrigation,527.9,96.7,37,12.2,7,12,77.5,44.6,691,0.303,61.6,1,65,,
2348,Mumbai Highway Project #2348,Mumbai,Highway,605.0,84.8,119,15.9,12,5,91.5,17.3,352,0.897,134.0,1,45,,
2349,Pune Highway Project #2349,Pune,Highway,924.2,51.7,32,68.4,0,12,47.9,99.5,223,0.325,106.3,0,12,,
2350,Aurangabad Highway Project #2350,Aurangabad,Highway,96.7,76.4,74,96.8,4,1,20.3,26.2,331,0.512,107.1,0,12,,
2351,Aurangabad Metro Project #2351,Aurangabad,Metro,594.8,21.5,44,59.7,0,5,85.5,14.4,590,0.731,137.1,0,7,,
2352,Aurangabad Metro Project #2352,Aurangabad,Metro,860.9,56.1,43,55.6,10,3,40.7,47.0,755,0.209,117.7,0,13,,
2353,Nashik Irrigation Project #2353,Nashik,Irrigation,279.8,35.1,0,38.6,5,4,22.0,20.9,24,0.254,88.3,1,81,,
2354,Nagpur Highway Project #2354,Nagpur,Highway,882.5,24.5,52,33.1,6,14,65.3,98.1,489,0.358,129.9,1,82,,
2355,Nagpur Metro Project #2355,Nagpur,Metro,68.1,48.4,46,11.9,5,6,62.0,44.3,143,0.654,121.6,1,50,,
2356,Mumbai Metro Project #2356,Mumbai,Metro,745.8,21.8,32,34.6,12,6,52.7,84.3,727,0.817,144.0,1,141,,
2357,Nashik Irrigation Project #2357,Nashik,Irrigation,936.5,72.9,66,50.4,8,15,87.4,25.9,33,0.547,60.2,0,10,,
2358,Aurangabad Railway Project #2358,Aurangabad,Railway,674.3,51.1,89,27.8,2,15,34.5,22.5,386,0.133,121.2,0,2,,
2359,Aurangabad Highway Project #2359,Aurangabad,Highway,467.1,57.8,14,17.9,7,5,11.2,68.4,606,0.446,112.7,1,37,,
2360,Pune Metro Project #2360,Pune,Metro,92.6,23.2,104,74.6,2,9,39.1,91.8,151,0.128,96.2,0,1,,
2361,Pune Irrigation Project #2361,Pune,Irrigation,924.1,22.6,13,90.5,10,14,10.9,20.3,661,0.088,98.1,0,4,,
2362,Aurangabad Irrigation Project #2362,Aurangabad,Irrigation,496.8,62.5,22,94.3,11,5,58.9,63.0,448,0.59,113.6,0,12,,
2363,Aurangabad Irrigation Project #2363,Aurangabad,Irrigation,77.5,98.7,53,65.6,12,5,44.0,17.6,333,0.956,105.3,1,86,,
2364,Nashik Metro Project #2364,Nashik,Metro,705.3,18.7,119,14.7,12,3,83.3,83.1,131,0.838,80.1,1,57,,
2365,Nagpur Highway Project #2365,Nagpur,Highway,507.7,35.7,7,76.7,6,2,81.8,91.8,309,0.774,118.0,0,9,,
2366,Pune Railway Project #2366,Pune,Railway,168.1,88.3,53,19.9,12,0,49.1,66.6,350,0.727,90.9,1,139,,
2367,Nagpur Highway Project #2367,Nagpur,Highway,253.6,16.5,35,70.3,4,2,29.5,72.0,188,0.897,127.2,0,12,,
2368,Nashik Irrigation Project #2368,Nashik,Irrigation,111.3,88.8,83,80.1,11,15,48.0,15.0,217,0.753,69.4,0,11,,
2369,Aurangabad Irrigation Project #2369,Aurangabad,Irrigation,595.6,57.2,51,75.3,12,2,67.7,16.6,175,0.627,91.8,0,5,,
2370,Nagpur Railway Project #2370,Nagpur,Railway,640.9,46.7,5,95.7,0,8,27.1,26.2,50,0.365,130.4,0,0,,
2371,Aurangabad Highway Project #2371,Aurangabad,Highway,530.5,37.9,96,76.4,10,13,79.6,34.6,643,0.101,122.5,0,7,,
2372,Aurangabad Irrigation Project #2372,Aurangabad,Irrigation,826.2,36.7,27,72.4,11,2,39.8,78.4,565,0.461,91.7,0,10,,
2373,Mumbai Irrigation Project #2373,Mumbai,Irrigation,868.0,37.5,49,33.6,3,7,93.9,49.2,84,0.925,139.6,1,43,,
2374,Nagpur Highway Project #2374,Nagpur,Highway,634.8,89.6,37,93.2,12,7,56.1,17.0,489,0.583,140.2,0,2,,
2375,Nagpur Irrigation Project #2375,Nagpur,Irrigation,62.1,75.1,29,26.2,10,2,86.2,86.7,357,0.185,122.3,1,32,,
2376,Aurangabad Highway Project #2376,Aurangabad,Highway,710.5,70.3,109,91.4,8,9,65.4,99.4,281,0.649,110.0,0,13,,
2377,Nashik Irrigation Project #2377,Nashik,Irrigation,447.1,81.9,106,38.1,7,9,59.9,51.0,175,0.465,65.7,1,49,,
2378,Mumbai Highway Project #2378,Mumbai,Highway,587.3,33.1,80,21.7,2,11,71.4,56.1,771,0.931,139.7,0,13,,
2379,Aurangabad Railway Project #2379,Aurangabad,Railway,666.6,65.6,72,84.4,1,15,83.0,17.1,95,0.161,108.1,0,1,,
2380,Pune Irrigation Project #2380,Pune,Irrigation,382.7,51.4,91,10.2,10,12,68.0,44.5,658,0.712,99.7,1,93,,
2381,Pune Railway Project #2381,Pune,Railway,921.2,80.4,53,84.9,8,5,81.8,43.5,560,0.682,89.8,0,6,,
2382,Mumbai Irrigation Project #2382,Mumbai,Irrigation,177.3,37.8,70,33.6,0,14,27.1,96.9,608,0.984,156.1,1,104,,
2383,Nashik Irrigation Project #2383,Nashik,Irrigation,687.9,67.9,45,89.6,8,15,35.0,69.4,164,0.565,87.7,0,10,,
2384,Aurangabad Metro Project #2384,Aurangabad,Metro,54.1,89.4,27,72.2,11,11,30.7,80.4,681,0.872,104.2,0,4,,
2385,Nagpur Highway Project #2385,Nagpur,Highway,928.4,46.2,16,70.0,6,7,81.8,21.5,585,0.025,123.0,0,4,,
2386,Mumbai Railway Project #2386,Mumbai,Railway,156.9,16.0,103,42.9,11,7,17.8,47.5,232,0.123,160.0,1,47,,
2387,Nashik Railway Project #2387,Nashik,Railway,140.1,56.4,47,15.3,1,9,81.6,27.2,426,0.346,60.7,0,6,,
2388,Nagpur Railway Project #2388,Nagpur,Railway,366.4,41.1,43,84.7,10,15,45.0,87.4,371,0.619,121.8,0,9,,
2389,Pune Highway Project #2389,Pune,Highway,404.9,70.5,107,25.4,4,9,17.2,23.7,355,0.449,108.7,1,113,,
2390,Pune Metro Project #2390,Pune,Metro,253.6,95.6,59,43.5,1,8,48.2,49.5,155,0.203,86.6,0,14,,
2391,Nagpur Railway Project #2391,Nagpur,Railway,605.9,53.7,59,64.0,4,8,37.0,14.8,725,0.589,130.7,0,11,,
2392,Mumbai Highway Project #2392,Mumbai,Highway,470.8,52.0,4,53.4,6,14,63.3,67.1,76,0.567,148.6,0,9,,
2393,Pune Irrigation Project #2393,Pune,Irrigation,82.5,68.9,68,27.9,4,7,52.5,53.4,526,0.524,108.0,1,179,,
2394,Aurangabad Railway Project #2394,Aurangabad,Railway,353.7,19.3,77,22.7,1,6,36.7,54.8,68,0.091,93.5,0,13,,
2395,Nagpur Railway Project #2395,Nagpur,Railway,819.9,32.8,69,21.1,10,9,87.6,19.1,597,0.927,120.6,1,74,,
2396,Nagpur Metro Project #2396,Nagpur,Metro,705.2,92.7,6,87.7,4,2,46.6,56.3,781,0.592,105.2,0,2,,
2397,Pune Railway Project #2397,Pune,Railway,738.6,70.3,118,12.8,11,6,52.4,60.7,769,0.264,83.0,1,152,,
2398,Mumbai Railway Project #2398,Mumbai,Railway,713.2,11.2,52,97.9,11,3,86.2,96.7,25,0.687,142.9,0,9,,
2399,Aurangabad Irrigation Project #2399,Aurangabad,Irrigation,345.4,28.4,16,27.9,9,1,18.0,13.0,596,0.318,107.3,1,137,,
2400,Mumbai Highway Project #2400,Mumbai,Highway,144.7,71.5,58,19.9,5,13,45.1,93.0,495,0.506,138.1,1,92,,
2401,Nashik Highway Project #2401,Nashik,Highway,308.8,78.8,8,61.9,4,7,46.3,53.2,185,0.341,69.3,0,6,,
2402,Nashik Metro Project #2402,Nashik,Metro,840.2,85.6,94,17.2,1,1,54.6,28.9,331,0.88,74.6,0,8,,
2403,Pune Irrigation Project #2403,Pune,Irrigation,981.4,36.3,21,64.2,5,0,19.6,69.9,470,0.994,74.7,0,2,,
2404,Pune Highway Project #2404,Pune,Highway,519.2,93.8,44,86.6,5,11,19.2,56.5,145,0.161,83.7,0,10,,
2405,Pune Irrigation Project #2405,Pune,Irrigation,59.2,59.8,72,14.3,11,15,47.5,30.4,437,0.024,115.4,1,172,,
2406,Nashik Highway Project #2406,Nashik,Highway,183.0,72.7,58,82.0,1,11,13.0,66.4,798,0.219,73.3,0,10,,
2407,Mumbai Irrigation Project #2407,Mumbai,Irrigation,356.0,63.7,79,45.5,12,4,32.9,52.6,689,0.59,131.8,1,109,,
2408,Mumbai Metro Project #2408,Mumbai,Metro,599.7,21.0,99,24.4,12,9,28.1,72.0,551,0.174,136.0,1,56,,
2409,Pune Railway Project #2409,Pune,Railway,121.3,96.7,97,25.8,3,12,54.0,72.0,331,0.811,92.3,1,161,,
2410,Aurangabad Metro Project #2410,Aurangabad,Metro,946.2,21.1,108,92.7,6,8,11.0,52.6,345,0.409,111.0,0,1,,
2411,Mumbai Highway Project #2411,Mumbai,Highway,396.8,32.9,12,20.0,0,4,70.8,45.2,790,0.611,144.1,0,9,,
2412,Nashik Metro Project #2412,Nashik,Metro,917.0,83.2,82,88.0,0,10,87.0,15.7,522,0.456,91.9,0,14,,
2413,Nagpur Railway Project #2413,Nagpur,Railway,791.5,65.7,11,59.0,10,1,73.6,54.4,180,0.903,146.2,0,13,,
2414,Nagpur Metro Project #2414,Nagpur,Metro,767.7,85.4,35,13.5,11,9,83.6,31.9,138,0.035,117.4,1,167,,
2415,Nagpur Highway Project #2415,Nagpur,Highway,626.4,56.4,9,51.8,10,3,67.9,14.8,689,0.729,128.7,0,9,,
2416,Aurangabad Highway Project #2416,Aurangabad,Highway,645.4,43.9,15,83.6,5,7,55.7,39.7,427,0.652,119.2,0,8,,
2417,Pune Metro Project #2417,Pune,Metro,656.1,93.0,91,75.4,6,6,29.7,17.9,406,0.65,100.6,0,0,,
2418,Nashik Railway Project #2418,Nashik,Railway,647.3,13.3,119,54.0,11,4,35.2,62.2,70,0.414,63.6,0,7,,
2419,Aurangabad Metro Project #2419,Aurangabad,Metro,576.0,87.1,18,87.4,4,3,38.6,55.3,126,0.016,129.4,0,9,,
2420,Nashik Railway Project #2420,Nashik,Railway,987.1,30.8,103,20.8,11,13,13.4,81.3,644,0.689,69.3,1,125,,
2421,Nashik Irrigation Project #2421,Nashik,Irrigation,745.7,86.4,5,91.9,9,15,92.2,34.1,781,0.829,74.2,0,14,,
2422,Pune Railway Project #2422,Pune,Railway,788.1,22.5,3,86.2,7,4,91.0,43.4,482,0.085,90.0,0,6,,
2423,Nagpur Irrigation Project #2423,Nagpur,Irrigation,878.8,62.2,29,73.7,10,6,19.7,72.0,747,0.442,118.6,0,14,,
2424,Pune Metro Project #2424,Pune,Metro,254.9,89.9,102,83.6,3,4,60.1,99.4,406,0.163,92.8,0,9,,
2425,Aurangabad Railway Project #2425,Aurangabad,Railway,129.6,52.6,94,58.9,2,7,52.1,91.4,707,0.611,98.1,0,8,,
2426,Aurangabad Irrigation Project #2426,Aurangabad,Irrigation,508.7,77.2,45,70.8,6,6,71.5,56.9,606,0.786,90.3,0,11,,
2427,Aurangabad Irrigation Project #2427,Aurangabad,Irrigation,538.4,82.4,26,60.5,3,6,64.3,71.0,227,0.667,107.9,0,4,,
2428,Pune Irrigation Project #2428,Pune,Irrigation,837.7,76.3,44,42.0,0,8,21.2,57.9,664,0.318,81.2,0,2,,
2429,Nashik Highway Project #2429,Nashik,Highway,471.6,93.3,84,61.2,10,7,69.4,49.1,486,0.14,75.5,0,0,,
2430,Nashik Metro Project #2430,Nashik,Metro,592.3,50.2,36,33.2,7,12,64.8,64.2,611,0.794,74.3,1,178,,
2431,Mumbai Irrigation Project #2431,Mumbai,Irrigation,550.7,25.6,8,49.6,4,11,57.8,44.8,277,0.324,150.1,1,150,,
2432,Aurangabad Railway Project #2432,Aurangabad,Railway,86.3,14.3,60,35.3,12,7,46.2,35.2,85,0.022,124.8,1,136,,
2433,Nashik Irrigation Project #2433,Nashik,Irrigation,634.5,32.2,34,21.1,7,5,95.9,73.5,78,0.571,69.9,1,63,,
2434,Mumbai Highway Project #2434,Mumbai,Highway,836.6,22.9,105,39.0,7,6,86.4,88.5,454,0.247,135.4,1,84,,
2435,Nashik Metro Project #2435,Nashik,Metro,199.6,60.2,46,86.7,11,7,62.7,35.9,307,0.841,67.8,0,1,,
2436,Aurangabad Highway Project #2436,Aurangabad,Highway,614.6,26.6,115,44.3,4,12,10.6,73.6,483,0.143,121.7,1,173,,
2437,Nagpur Highway Project #2437,Nagpur,Highway,613.9,13.5,20,77.3,7,4,48.9,49.1,169,0.435,101.2,0,14,,
2438,Aurangabad Highway Project #2438,Aurangabad,Highway,206.0,13.2,16,25.8,6,9,73.0,37.2,17,0.253,109.1,1,33,,
2439,Pune Railway Project #2439,Pune,Railway,167.3,84.8,54,48.2,12,1,20.6,65.9,740,0.69,95.8,1,135,,
2440,Nashik Metro Project #2440,Nashik,Metro,981.0,63.2,87,20.3,2,13,46.6,94.5,494,0.549,96.5,0,13,,
2441,Nashik Metro Project #2441,Nashik,Metro,424.0,42.2,94,22.5,3,6,27.3,41.7,97,0.791,82.1,1,115,,
2442,Pune Railway Project #2442,Pune,Railway,266.1,90.5,5,65.6,10,9,40.4,78.4,150,0.459,91.3,0,4,,
2443,Pune Metro Project #2443,Pune,Metro,212.8,16.3,120,64.7,11,2,12.4,38.3,550,0.005,95.2,0,9,,
2444,Nagpur Highway Project #2444,Nagpur,Highway,684.2,98.2,34,29.2,12,9,21.4,82.3,534,0.215,101.0,1,112,,
2445,Nashik Metro Project #2445,Nashik,Metro,629.0,65.5,49,52.7,6,10,50.9,78.4,584,0.999,59.5,1,30,,
2446,Nashik Railway Project #2446,Nashik,Railway,661.4,26.5,36,87.7,3,7,90.8,78.9,352,0.405,76.5,0,4,,
2447,Nagpur Highway Project #2447,Nagpur,Highway,133.6,71.1,12,25.7,5,5,54.2,99.8,696,0.62,121.6,1,149,,
2448,Mumbai Railway Project #2448,Mumbai,Railway,898.9,78.7,24,11.7,11,10,50.8,22.6,225,0.905,152.9,1,91,,
2449,Nagpur Irrigation Project #2449,Nagpur,Irrigation,419.8,48.6,95,68.7,1,15,80.9,45.0,515,0.021,120.3,0,9,,
2450,Aurangabad Highway Project #2450,Aurangabad,Highway,347.7,87.5,0,14.8,11,13,34.1,66.8,756,0.66,109.9,1,106,,
2451,Nashik Highway Project #2451,Nashik,Highway,489.2,23.6,48,98.2,1,3,18.6,63.1,608,0.288,71.0,0,0,,
2452,Pune Metro Project #2452,Pune,Metro,420.6,35.1,34,64.9,2,1,28.9,80.3,83,0.279,79.4,0,8,,
2453,Aurangabad Highway Project #2453,Aurangabad,Highway,870.4,18.4,82,52.3,9,12,81.2,14.2,590,0.225,107.7,0,14,,
2454,Nashik Railway Project #2454,Nashik,Railway,932.8,29.0,52,48.7,6,6,70.9,73.5,78,0.823,57.6,1,25,,
2455,Nagpur Metro Project #2455,Nagpur,Metro,338.3,31.5,51,61.6,2,0,18.2,76.4,232,0.373,113.8,0,14,,
2456,Aurangabad Irrigation Project #2456,Aurangabad,Irrigation,870.7,92.6,53,18.2,11,6,70.0,15.5,395,0.067,122.0,1,65,,
2457,Nashik Railway Project #2457,Nashik,Railway,792.4,17.0,75,93.7,2,12,93.8,58.5,294,0.097,68.2,0,2,,
2458,Mumbai Irrigation Project #2458,Mumbai,Irrigation,934.3,48.5,103,66.3,12,9,14.0,32.0,131,0.149,156.0,0,7,,
2459,Mumbai Irrigation Project #2459,Mumbai,Irrigation,283.5,57.9,103,26.6,3,12,65.5,82.1,784,0.899,151.2,1,45,,
2460,Pune Irrigation Project #2460,Pune,Irrigation,598.1,90.9,46,60.6,9,9,44.1,14.5,742,0.427,86.2,0,2,,
2461,Nashik Highway Project #2461,Nashik,Highway,310.8,99.8,42,22.0,5,6,55.1,23.2,450,0.916,59.9,1,113,,
2462,Mumbai Railway Project #2462,Mumbai,Railway,832.9,77.8,19,11.6,0,9,57.5,19.4,466,0.817,146.0,0,12,,
2463,Nagpur Railway Project #2463,Nagpur,Railway,55.1,97.4,32,66.7,5,12,79.4,15.9,173,0.838,121.8,0,5,,
2464,Nashik Highway Project #2464,Nashik,Highway,586.6,80.8,92,68.4,7,15,60.1,64.0,272,0.287,75.8,0,6,,
2465,Nagpur Metro Project #2465,Nagpur,Metro,372.2,96.7,15,62.5,11,2,63.4,88.2,101,0.271,121.2,0,9,,
2466,Nagpur Irrigation Project #2466,Nagpur,Irrigation,356.5,73.7,77,26.5,7,3,40.0,56.0,787,0.56,126.5,1,96,,
2467,Mumbai Railway Project #2467,Mumbai,Railway,662.7,17.2,6,64.3,5,11,21.3,29.0,345,0.418,134.8,0,4,,
2468,Nashik Highway Project #2468,Nashik,Highway,858.9,46.2,69,15.1,5,3,71.4,40.9,595,0.509,78.7,1,159,,
2469,Aurangabad Irrigation Project #2469,Aurangabad,Irrigation,628.7,68.2,20,64.8,12,3,10.0,42.4,323,0.053,98.7,0,2,,
2470,Mumbai Metro Project #2470,Mumbai,Metro,860.5,41.6,35,59.9,2,15,39.6,50.6,611,0.972,159.8,0,13,,
2471,Mumbai Metro Project #2471,Mumbai,Metro,301.4,34.6,85,69.0,1,8,29.6,47.8,475,0.058,155.0,0,1,,
2472,Nashik Irrigation Project #2472,Nashik,Irrigation,543.5,62.0,103,90.6,6,5,45.0,70.4,650,0.179,51.3,0,2,,
2473,Nashik Metro Project #2473,Nashik,Metro,478.0,94.0,53,86.5,7,9,38.0,40.6,410,0.678,77.4,0,11,,
2474,Nagpur Railway Project #2474,Nagpur,Railway,61.1,13.1,18,98.3,9,15,73.4,69.7,570,0.156,130.0,0,2,,
2475,Nashik Railway Project #2475,Nashik,Railway,579.0,79.2,24,97.9,12,8,33.4,59.2,607,0.107,82.6,0,12,,
2476,Nagpur Railway Project #2476,Nagpur,Railway,678.4,75.0,66,79.5,5,11,60.5,14.4,494,0.154,112.3,0,1,,
2477,Mumbai Metro Project #2477,Mumbai,Metro,612.3,96.8,99,96.1,4,3,51.0,92.8,665,0.062,151.8,0,0,,
2478,Pune Railway Project #2478,Pune,Railway,749.5,93.8,108,88.1,3,6,82.1,26.0,656,0.251,96.9,0,10,,
2479,Aurangabad Highway Project #2479,Aurangabad,Highway,592.8,78.6,52,75.5,0,12,48.5,50.6,636,0.271,117.4,0,2,,
2480,Mumbai Railway Project #2480,Mumbai,Railway,113.4,56.8,97,16.8,8,11,87.7,95.3,286,0.499,154.1,1,75,,
2481,Nashik Railway Project #2481,Nashik,Railway,160.6,28.4,74,14.4,10,9,10.0,32.3,75,0.439,65.7,1,172,,
2482,Aurangabad Metro Project #2482,Aurangabad,Metro,616.7,59.1,47,85.4,9,14,64.4,12.0,708,0.474,119.9,0,4,,
2483,Pune Railway Project #2483,Pune,Railway,311.2,78.9,41,54.1,3,11,10.9,54.1,210,0.616,99.9,0,11,,
2484,Pune Irrigation Project #2484,Pune,Irrigation,125.7,90.6,46,83.3,1,11,74.3,30.2,477,0.231,88.5,0,5,,
2485,Nagpur Highway Project #2485,Nagpur,Highway,458.1,81.1,90,38.2,3,15,31.1,62.4,443,0.135,112.2,1,109,,
2486,Aurangabad Metro Project #2486,Aurangabad,Metro,576.6,27.6,41,45.8,12,8,44.2,83.5,147,0.879,102.7,1,16,,
2487,Nagpur Highway Project #2487,Nagpur,Highway,362.3,64.0,1,73.0,10,15,44.2,56.0,61,0.634,133.6,0,9,,
2488,Mumbai Irrigation Project #2488,Mumbai,Irrigation,734.4,39.9,5,92.4,4,9,86.2,68.1,734,0.061,159.5,0,6,,
2489,Aurangabad Metro Project #2489,Aurangabad,Metro,661.6,10.8,45,17.9,1,2,19.2,70.0,461,0.961,109.8,0,6,,
2490,Mumbai Metro Project #2490,Mumbai,Metro,366.2,28.0,65,87.5,6,12,70.0,83.8,167,0.693,148.0,0,3,,
2491,Nagpur Railway Project #2491,Nagpur,Railway,767.1,20.2,105,81.4,2,2,98.3,71.9,215,0.152,102.3,0,5,,
2492,Aurangabad Highway Project #2492,Aurangabad,Highway,666.3,85.8,80,38.4,7,5,12.0,97.9,351,0.969,109.2,1,112,,
2493,Nagpur Irrigation Project #2493,Nagpur,Irrigation,655.6,33.3,39,42.0,3,7,96.9,51.1,325,0.365,108.1,1,141,,
2494,Aurangabad Irrigation Project #2494,Aurangabad,Irrigation,575.8,35.6,57,14.2,11,0,11.7,14.5,145,0.985,111.6,1,114,,
2495,Nagpur Metro Project #2495,Nagpur,Metro,60.8,96.4,111,11.4,10,3,85.7,45.5,84,0.103,131.9,1,85,,
2496,Pune Railway Project #2496,Pune,Railway,711.7,44.1,77,52.9,4,12,96.5,85.6,458,0.16,80.2,0,12,,
2497,Nagpur Metro Project #2497,Nagpur,Metro,407.2,10.9,73,18.6,2,7,99.4,22.0,78,0.657,122.4,0,13,,
2498,Pune Metro Project #2498,Pune,Metro,945.5,35.5,108,27.5,12,5,51.3,76.2,570,0.022,100.0,1,47,,
2499,Nagpur Metro Project #2499,Nagpur,Metro,827.1,20.7,32,86.2,10,13,88.0,58.2,211,0.019,122.2,0,13,,
2500,Aurangabad Metro Project #2500,Aurangabad,Metro,608.3,19.3,105,61.4,4,15,21.0,91.1,583,0.792,104.8,1,111,,
2501,Aurangabad Irrigation Project #2501,Aurangabad,Irrigation,289.6,17.0,61,67.0,8,1,48.3,75.8,176,0.168,110.1,0,9,,
2502,Aurangabad Irrigation Project #2502,Aurangabad,Irrigation,243.5,63.4,117,26.9,10,7,37.7,69.4,726,0.919,119.6,1,140,,
2503,Nashik Metro Project #2503,Nashik,Metro,373.4,27.0,11,84.6,12,12,45.6,89.8,670,0.426,72.6,0,13,,
2504,Mumbai Metro Project #2504,Mumbai,Metro,502.7,42.5,95,88.1,1,13,73.2,91.7,130,0.874,150.0,0,10,,
2505,Aurangabad Railway Project #2505,Aurangabad,Railway,331.3,87.6,48,57.1,6,0,17.9,44.6,106,0.418,121.6,0,7,,
2506,Pune Metro Project #2506,Pune,Metro,539.2,48.2,87,92.1,9,11,99.8,93.5,386,0.53,95.1,0,7,,
2507,Aurangabad Irrigation Project #2507,Aurangabad,Irrigation,207.1,92.4,77,86.0,7,0,67.2,14.9,500,0.317,98.0,0,11,,
2508,Nashik Highway Project #2508,Nashik,Highway,978.8,54.8,4,75.8,2,6,88.6,78.6,62,0.658,76.3,0,1,,
2509,Pune Irrigation Project #2509,Pune,Irrigation,152.5,45.9,50,76.1,10,15,84.7,40.3,18,0.318,99.5,0,8,,
2510,Nashik Railway Project #2510,Nashik,Railway,935.3,77.5,68,19.5,3,13,78.9,53.9,340,0.223,57.6,1,83,,
2511,Pune Irrigation Project #2511,Pune,Irrigation,917.9,16.6,110,34.4,12,9,13.5,85.2,260,0.081,67.3,1,141,,
2512,Nagpur Highway Project #2512,Nagpur,Highway,549.1,18.1,31,16.0,10,2,56.5,67.3,369,0.058,109.6,1,139,,
2513,Mumbai Metro Project #2513,Mumbai,Metro,738.7,68.7,108,10.8,9,11,39.5,51.2,358,0.306,149.0,1,116,,
2514,Mumbai Highway Project #2514,Mumbai,Highway,464.2,53.8,48,24.2,1,11,20.2,24.8,133,0.736,160.1,0,10,,
2515,Nashik Metro Project #2515,Nashik,Metro,648.5,81.1,96,89.2,9,7,40.9,94.5,643,0.206,61.1,0,3,,
2516,Mumbai Metro Project #2516,Mumbai,Metro,373.5,92.5,59,31.6,12,15,68.0,39.9,208,0.299,155.6,1,164,,
2517,Nashik Irrigation Project #2517,Nashik,Irrigation,336.1,45.0,45,97.3,8,8,30.8,19.1,420,0.905,41.1,0,4,,
2518,Nashik Irrigation Project #2518,Nashik,Irrigation,599.3,63.7,67,63.8,2,7,50.0,60.8,389,0.639,71.8,0,2,,
2519,Nashik Irrigation Project #2519,Nashik,Irrigation,523.2,55.1,120,31.4,8,0,46.4,46.6,514,0.92,65.9,1,154,,
2520,Mumbai Railway Project #2520,Mumbai,Railway,600.6,98.3,93,54.7,12,0,14.7,63.1,104,0.911,171.0,0,9,,
2521,Nashik Irrigation Project #2521,Nashik,Irrigation,322.3,84.8,40,29.7,6,5,66.5,31.0,39,0.063,51.1,1,129,,
2522,Mumbai Railway Project #2522,Mumbai,Railway,398.6,92.1,80,98.6,5,11,65.7,44.1,101,0.955,149.9,0,9,,
2523,Nashik Irrigation Project #2523,Nashik,Irrigation,129.7,32.9,66,86.3,10,0,97.0,97.5,605,0.051,51.0,0,11,,
2524,Aurangabad Metro Project #2524,Aurangabad,Metro,99.7,79.5,12,12.4,11,7,36.8,94.3,24,0.926,104.5,1,137,,
2525,Nashik Railway Project #2525,Nashik,Railway,290.8,33.9,107,95.3,10,14,47.7,87.8,664,0.547,53.0,0,7,,
2526,Pune Highway Project #2526,Pune,Highway,120.5,28.8,111,74.9,2,12,46.3,80.1,469,0.533,113.0,0,6,,
2527,Nashik Railway Project #2527,Nashik,Railway,148.6,95.0,99,17.4,10,13,92.8,24.1,730,0.713,66.4,1,96,,
2528,Nagpur Railway Project #2528,Nagpur,Railway,822.3,11.7,17,70.4,6,15,46.8,52.0,32,0.879,117.9,0,1,,
2529,Nashik Highway Project #2529,Nashik,Highway,86.9,96.9,86,68.2,10,5,49.8,75.5,335,0.617,69.6,0,9,,
2530,Pune Railway Project #2530,Pune,Railway,676.0,23.4,98,29.7,2,4,32.7,33.6,665,0.425,78.7,0,11,,
2531,Pune Metro Project #2531,Pune,Metro,308.9,83.7,112,78.3,12,12,10.1,13.0,96,0.112,100.6,0,5,,
2532,Mumbai Irrigation Project #2532,Mumbai,Irrigation,878.0,34.8,96,17.8,10,5,19.9,47.6,202,0.789,156.4,1,23,,
2533,Aurangabad Highway Project #2533,Aurangabad,Highway,510.7,41.6,50,54.1,5,3,73.4,48.3,694,0.128,119.2,0,10,,
2534,Nashik Irrigation Project #2534,Nashik,Irrigation,340.3,29.5,117,10.9,7,0,71.4,15.9,272,0.726,57.8,1,83,,
2535,Mumbai Metro Project #2535,Mumbai,Metro,541.8,62.7,35,97.2,4,6,39.0,38.9,438,0.528,161.4,0,4,,
2536,Aurangabad Highway Project #2536,Aurangabad,Highway,412.9,41.3,80,77.6,10,9,52.6,92.6,369,0.386,120.2,0,5,,
2537,Nashik Irrigation Project #2537,Nashik,Irrigation,586.1,69.2,102,24.3,10,8,36.8,32.5,571,0.613,67.7,1,132,,
2538,Nagpur Irrigation Project #2538,Nagpur,Irrigation,158.8,11.4,33,40.8,12,3,75.8,61.2,442,0.772,129.0,1,165,,
2539,Nashik Metro Project #2539,Nashik,Metro,997.1,15.8,11,24.5,2,12,85.8,53.9,569,0.941,72.7,0,1,,
2540,Pune Irrigation Project #2540,Pune,Irrigation,454.3,19.0,4,79.0,5,3,90.9,87.6,517,0.265,74.1,0,14,,
2541,Pune Metro Project #2541,Pune,Metro,380.8,47.7,47,15.3,7,15,25.6,68.8,58,0.947,88.2,1,53,,
2542,Nagpur Railway Project #2542,Nagpur,Railway,724.7,83.3,103,85.6,9,8,72.6,24.3,177,0.961,115.2,1,17,,
2543,Mumbai Metro Project #2543,Mumbai,Metro,395.7,89.9,118,94.8,2,14,96.7,22.9,688,0.814,150.9,1,40,,
2544,Aurangabad Railway Project #2544,Aurangabad,Railway,841.6,32.0,90,70.9,11,3,68.6,60.2,450,0.881,120.2,0,8,,
2545,Nashik Highway Project #2545,Nashik,Highway,481.6,61.7,39,29.2,12,9,41.6,14.2,603,0.692,53.6,1,66,,
2546,Pune Irrigation Project #2546,Pune,Irrigation,733.6,79.2,12,42.4,10,3,67.2,45.4,584,0.039,85.6,1,148,,
2547,Mumbai Metro Project #2547,Mumbai,Metro,152.1,36.0,25,53.0,10,7,72.0,45.9,237,0.575,141.8,0,11,,
2548,Nagpur Metro Project #2548,Nagpur,Metro,853.8,46.8,13,64.4,4,10,45.7,27.7,223,0.747,112.2,0,8,,
2549,Pune Irrigation Project #2549,Pune,Irrigation,748.9,57.2,95,70.2,8,3,19.4,37.1,651,0.942,81.8,1,135,,
2550,Nagpur Irrigation Project #2550,Nagpur,Irrigation,251.1,22.1,10,59.9,9,8,64.6,39.7,163,0.57,120.7,0,10,,
2551,Nashik Highway Project #2551,Nashik,Highway,188.0,12.3,37,41.6,9,10,82.2,11.1,763,0.794,75.2,1,70,,
2552,Aurangabad Highway Project #2552,Aurangabad,Highway,350.5,23.8,79,90.2,2,7,99.8,82.5,617,0.705,113.5,0,12,,
2553,Pune Metro Project #2553,Pune,Metro,977.3,66.4,118,17.3,12,4,30.1,96.2,416,0.281,91.9,1,41,,
2554,Pune Highway Project #2554,Pune,Highway,294.0,16.6,56,52.0,11,8,73.0,36.0,753,0.155,96.2,0,5,,
2555,Nashik Railway Project #2555,Nashik,Railway,483.3,27.1,21,79.8,10,7,12.5,20.1,759,0.751,93.8,0,5,,
2556,Mumbai Highway Project #2556,Mumbai,Highway,78.5,40.4,120,15.5,1,13,97.3,95.8,27,0.234,151.4,0,4,,
2557,Aurangabad Highway Project #2557,Aurangabad,Highway,427.4,17.0,110,73.5,10,9,11.1,76.6,476,0.245,120.2,0,13,,
2558,Pune Metro Project #2558,Pune,Metro,592.8,27.3,15,83.8,12,3,42.3,90.2,353,0.644,99.6,0,1,,
2559,Aurangabad Railway Project #2559,Aurangabad,Railway,955.5,92.0,76,69.5,7,3,16.9,42.5,333,0.789,127.8,0,10,,
2560,Pune Highway Project #2560,Pune,Highway,540.9,11.7,75,11.2,6,0,65.9,53.6,255,0.582,95.6,1,42,,
2561,Aurangabad Railway Project #2561,Aurangabad,Railway,828.2,68.8,81,26.2,11,3,40.6,93.7,69,0.885,101.6,1,108,,
2562,Nagpur Railway Project #2562,Nagpur,Railway,569.8,44.6,28,40.8,8,11,76.0,51.4,503,0.211,123.0,1,112,,
2563,Pune Railway Project #2563,Pune,Railway,88.7,70.5,81,31.0,3,12,53.8,70.5,651,0.252,92.5,1,123,,
2564,Aurangabad Irrigation Project #2564,Aurangabad,Irrigation,349.3,63.0,109,96.6,2,7,47.7,73.4,58,0.637,118.2,0,14,,
2565,Mumbai Irrigation Project #2565,Mumbai,Irrigation,596.8,30.1,1,68.6,9,11,41.4,85.3,687,0.829,141.3,0,9,,
2566,Nagpur Irrigation Project #2566,Nagpur,Irrigation,953.1,86.2,53,36.7,4,11,17.8,97.8,689,0.539,132.7,1,178,,
2567,Nagpur Irrigation Project #2567,Nagpur,Irrigation,866.2,54.3,1,93.7,10,4,28.4,40.1,262,0.01,120.1,0,7,,
2568,Mumbai Metro Project #2568,Mumbai,Metro,266.9,84.0,2,76.7,0,15,67.5,32.3,392,0.677,158.4,0,7,,
2569,Aurangabad Highway Project #2569,Aurangabad,Highway,259.1,46.5,92,35.6,4,5,54.7,17.0,318,0.814,113.1,1,165,,
2570,Nashik Irrigation Project #2570,Nashik,Irrigation,241.1,98.6,55,44.1,12,3,16.3,87.1,585,0.277,71.2,1,28,,
2571,Mumbai Metro Project #2571,Mumbai,Metro,926.4,79.3,71,27.9,12,13,59.0,36.3,554,0.054,152.3,1,70,,
2572,Aurangabad Highway Project #2572,Aurangabad,Highway,860.0,96.9,10,97.4,2,15,14.9,14.5,67,0.518,116.7,0,12,,
2573,Mumbai Irrigation Project #2573,Mumbai,Irrigation,786.1,56.3,75,56.6,0,4,56.1,87.9,73,0.042,169.6,0,11,,
2574,Mumbai Highway Project #2574,Mumbai,Highway,423.1,52.6,31,90.6,2,9,96.8,55.9,134,0.416,129.8,0,10,,
2575,Pune Irrigation Project #2575,Pune,Irrigation,529.2,78.0,3,41.2,4,15,37.7,85.4,70,0.018,95.4,1,160,,
2576,Aurangabad Metro Project #2576,Aurangabad,Metro,491.1,89.2,8,87.5,4,7,75.1,59.9,389,0.225,110.4,0,13,,
2577,Nashik Railway Project #2577,Nashik,Railway,290.7,96.8,87,14.8,9,11,77.1,38.2,770,0.389,68.2,1,159,,
2578,Pune Railway Project #2578,Pune,Railway,529.8,39.2,112,98.4,11,15,46.4,21.7,147,0.112,66.4,0,4,,
2579,Mumbai Highway Project #2579,Mumbai,Highway,79.0,81.9,55,92.1,7,8,63.4,49.3,75,0.114,155.8,0,14,,
2580,Mumbai Metro Project #2580,Mumbai,Metro,175.2,29.0,15,42.7,10,2,52.5,12.4,188,0.827,148.8,1,174,,
2581,Mumbai Railway Project #2581,Mumbai,Railway,892.3,59.1,80,79.7,0,9,35.5,64.2,180,0.041,141.7,0,7,,
2582,Aurangabad Irrigation Project #2582,Aurangabad,Irrigation,764.1,26.2,110,77.7,6,3,77.9,48.5,764,0.689,110.4,0,12,,
2583,Aurangabad Railway Project #2583,Aurangabad,Railway,451.7,41.3,115,91.1,4,0,73.3,22.7,641,0.814,107.1,0,2,,
2584,Pune Highway Project #2584,Pune,Highway,541.3,93.8,85,37.7,2,10,91.0,57.7,353,0.131,72.6,0,0,,
2585,Nashik Highway Project #2585,Nashik,Highway,401.5,23.1,70,51.9,3,4,65.6,82.1,713,0.195,70.9,0,11,,
2586,Pune Metro Project #2586,Pune,Metro,753.7,66.9,9,87.8,2,3,45.0,97.7,196,0.641,95.8,0,13,,
2587,Nagpur Highway Project #2587,Nagpur,Highway,795.0,63.4,92,80.1,7,14,74.3,57.5,236,0.316,114.5,0,14,,
2588,Mumbai Railway Project #2588,Mumbai,Railway,775.1,20.9,35,45.4,3,5,65.7,21.7,275,0.476,152.6,1,157,,
2589,Mumbai Railway Project #2589,Mumbai,Railway,736.5,39.3,23,86.1,2,5,65.5,83.0,201,0.836,151.1,0,13,,
2590,Mumbai Railway Project #2590,Mumbai,Railway,244.3,60.7,63,14.2,1,12,86.5,72.6,761,0.138,160.5,0,0,,
2591,Pune Railway Project #2591,Pune,Railway,371.1,26.8,55,80.4,2,9,91.9,95.9,615,0.62,89.0,0,6,,
2592,Pune Metro Project #2592,Pune,Metro,496.4,82.1,109,28.6,6,5,26.2,58.2,135,0.942,98.0,1,170,,
2593,Mumbai Irrigation Project #2593,Mumbai,Irrigation,364.3,97.5,77,35.8,5,2,38.3,42.1,483,0.057,146.9,1,27,,
2594,Pune Irrigation Project #2594,Pune,Irrigation,767.2,29.3,77,54.4,9,13,68.5,96.7,108,0.06,109.7,0,7,,
2595,Aurangabad Metro Project #2595,Aurangabad,Metro,362.9,26.8,88,50.5,11,14,60.1,58.5,353,0.555,105.6,0,7,,
2596,Aurangabad Highway Project #2596,Aurangabad,Highway,181.3,50.9,109,56.9,12,6,68.7,11.4,252,0.96,103.2,1,64,,
2597,Pune Irrigation Project #2597,Pune,Irrigation,429.1,77.3,21,59.0,4,2,49.0,52.6,29,0.22,89.0,0,0,,
2598,Mumbai Highway Project #2598,Mumbai,Highway,980.9,35.3,51,39.8,7,5,47.1,10.2,638,0.331,142.7,1,19,,
2599,Pune Irrigation Project #2599,Pune,Irrigation,264.6,11.8,49,25.8,10,12,20.6,76.4,368,0.099,77.5,1,21,,
2600,Pune Highway Project #2600,Pune,Highway,631.6,58.7,46,79.2,0,12,66.1,60.9,442,0.362,97.3,0,10,,
2601,Pune Metro Project #2601,Pune,Metro,461.3,96.1,22,46.0,2,13,25.8,19.9,620,0.044,59.4,0,1,,
2602,Nagpur Railway Project #2602,Nagpur,Railway,117.5,45.2,95,55.5,1,14,70.4,83.2,496,0.389,112.8,0,12,,
2603,Aurangabad Highway Project #2603,Aurangabad,Highway,513.5,47.8,89,68.0,1,9,97.0,58.3,339,0.555,96.6,0,3,,
2604,Nashik Railway Project #2604,Nashik,Railway,717.1,97.2,114,91.9,11,15,33.1,20.3,676,0.975,71.4,1,117,,
2605,Nashik Highway Project #2605,Nashik,Highway,537.6,72.5,90,73.7,10,0,22.8,24.4,316,0.818,48.1,0,1,,
2606,Nagpur Highway Project #2606,Nagpur,Highway,878.5,74.7,108,14.1,11,14,12.2,84.0,194,0.822,125.5,1,41,,
2607,Pune Highway Project #2607,Pune,Highway,324.5,60.6,75,85.5,0,13,44.1,42.0,344,0.228,96.6,0,9,,
2608,Nagpur Highway Project #2608,Nagpur,Highway,131.9,97.7,82,99.0,4,14,29.3,83.9,515,0.087,103.7,0,8,,
2609,Nagpur Highway Project #2609,Nagpur,Highway,939.7,72.0,18,52.5,4,7,54.3,16.3,472,0.603,121.9,0,11,,
2610,Mumbai Railway Project #2610,Mumbai,Railway,409.3,90.6,51,97.3,2,6,57.2,31.9,12,0.521,155.2,0,0,,
2611,Aurangabad Highway Project #2611,Aurangabad,Highway,597.6,72.9,33,59.3,11,11,41.4,78.8,678,0.517,119.4,0,6,,
2612,Nashik Railway Project #2612,Nashik,Railway,802.4,76.2,95,51.4,11,8,77.5,67.8,184,0.109,55.3,0,3,,
2613,Pune Metro Project #2613,Pune,Metro,358.1,36.1,28,39.8,8,14,91.4,37.6,590,0.494,73.9,1,151,,
2614,Nashik Irrigation Project #2614,Nashik,Irrigation,730.4,37.3,60,69.2,11,13,29.0,94.2,542,0.15,85.0,0,14,,
2615,Nashik Highway Project #2615,Nashik,Highway,178.6,80.5,84,30.7,5,14,85.3,29.0,307,0.422,61.8,1,109,,
2616,Aurangabad Irrigation Project #2616,Aurangabad,Irrigation,326.7,36.7,34,19.4,9,2,21.8,86.5,127,0.062,104.7,1,60,,
2617,Nashik Railway Project #2617,Nashik,Railway,187.5,60.6,105,12.5,5,11,30.6,72.6,798,0.857,76.3,1,152,,
2618,Nashik Metro Project #2618,Nashik,Metro,820.7,32.4,4,36.3,9,7,60.5,20.9,651,0.013,58.3,1,50,,
2619,Nagpur Metro Project #2619,Nagpur,Metro,261.5,83.5,75,45.6,5,1,37.6,60.0,215,0.939,117.3,1,24,,
2620,Aurangabad Metro Project #2620,Aurangabad,Metro,731.5,19.9,6,59.7,1,8,13.8,93.7,718,0.863,118.9,0,9,,
2621,Mumbai Irrigation Project #2621,Mumbai,Irrigation,946.1,84.7,40,36.3,10,0,36.5,65.7,144,0.753,135.8,1,41,,
2622,Pune Railway Project #2622,Pune,Railway,551.4,64.2,1,98.6,9,11,91.4,57.6,212,0.983,85.0,0,2,,
2623,Nashik Highway Project #2623,Nashik,Highway,563.0,26.8,88,36.3,9,9,25.7,43.0,44,0.054,58.7,1,161,,
2624,Pune Highway Project #2624,Pune,Highway,488.0,58.8,9,49.7,7,6,78.7,81.0,39,0.642,82.3,1,153,,
2625,Mumbai Railway Project #2625,Mumbai,Railway,359.6,35.4,101,19.3,5,13,75.0,92.2,437,0.849,161.9,1,46,,
2626,Pune Irrigation Project #2626,Pune,Irrigation,501.9,39.1,43,33.5,12,9,19.6,77.8,266,0.127,104.1,1,162,,
2627,Mumbai Highway Project #2627,Mumbai,Highway,622.7,41.6,69,14.3,2,13,39.6,75.3,390,0.585,152.6,0,14,,
2628,Nagpur Railway Project #2628,Nagpur,Railway,986.7,15.7,90,60.4,9,0,27.0,27.3,191,0.394,125.3,0,14,,
2629,Nashik Highway Project #2629,Nashik,Highway,940.9,98.7,34,77.6,8,14,12.1,85.1,217,0.436,75.0,0,4,,
2630,Mumbai Metro Project #2630,Mumbai,Metro,869.0,12.8,61,27.6,1,5,25.6,13.7,650,0.913,143.3,0,12,,
2631,Pune Highway Project #2631,Pune,Highway,894.7,69.6,73,43.1,6,0,28.1,78.2,584,0.539,92.4,1,79,,
2632,Nashik Irrigation Project #2632,Nashik,Irrigation,494.5,43.4,72,11.5,2,12,24.9,29.0,448,0.093,57.0,0,10,,
2633,Nagpur Railway Project #2633,Nagpur,Railway,674.6,68.1,19,85.6,11,3,18.2,53.9,351,0.937,110.4,0,8,,
2634,Nashik Irrigation Project #2634,Nashik,Irrigation,900.3,42.1,100,80.2,5,6,57.4,72.6,598,0.185,69.1,0,3,,
2635,Mumbai Railway Project #2635,Mumbai,Railway,423.3,70.6,34,15.7,4,1,39.0,78.3,387,0.893,139.4,1,69,,
2636,Nagpur Metro Project #2636,Nagpur,Metro,963.7,75.6,36,42.8,12,2,91.7,89.9,420,0.971,107.3,1,120,,
2637,Pune Railway Project #2637,Pune,Railway,445.0,72.1,103,96.0,5,3,26.8,35.4,536,0.878,82.9,1,18,,
2638,Nagpur Highway Project #2638,Nagpur,Highway,621.0,20.3,71,45.3,7,15,64.3,30.2,392,0.677,131.5,1,33,,
2639,Nagpur Highway Project #2639,Nagpur,Highway,724.3,69.1,109,57.4,2,5,91.1,99.7,474,0.744,135.6,0,13,,
2640,Aurangabad Metro Project #2640,Aurangabad,Metro,953.1,35.2,119,42.0,1,12,14.2,28.7,402,0.7,109.7,0,13,,
2641,Nagpur Railway Project #2641,Nagpur,Railway,282.4,12.6,53,63.7,7,11,56.5,69.9,580,0.461,125.8,0,8,,
2642,Nagpur Metro Project #2642,Nagpur,Metro,758.8,47.3,94,98.0,0,8,50.6,95.7,160,0.274,114.4,0,4,,
2643,Nashik Highway Project #2643,Nashik,Highway,544.8,49.0,112,99.8,1,3,93.6,90.7,629,0.285,49.3,0,1,,
2644,Pune Irrigation Project #2644,Pune,Irrigation,305.1,52.0,106,79.7,9,14,69.7,49.9,378,0.731,81.1,0,0,,
2645,Nashik Metro Project #2645,Nashik,Metro,787.8,73.4,79,46.4,0,5,41.4,67.4,116,0.626,66.9,0,4,,
2646,Nashik Irrigation Project #2646,Nashik,Irrigation,574.6,37.8,27,54.5,4,11,74.0,57.6,148,0.585,71.4,0,14,,
2647,Mumbai Irrigation Project #2647,Mumbai,Irrigation,677.9,38.4,69,42.1,7,6,62.4,41.2,289,0.653,149.0,1,41,,
2648,Nashik Railway Project #2648,Nashik,Railway,356.8,15.4,31,98.7,1,3,41.2,23.0,81,0.775,67.2,0,14,,
2649,Aurangabad Metro Project #2649,Aurangabad,Metro,507.2,71.8,91,73.7,3,5,80.7,82.3,632,0.748,104.3,0,10,,
2650,Aurangabad Irrigation Project #2650,Aurangabad,Irrigation,636.5,61.1,10,50.4,3,2,70.1,18.1,514,0.105,113.4,0,10,,
2651,Mumbai Irrigation Project #2651,Mumbai,Irrigation,434.7,41.4,41,11.1,10,4,10.5,64.9,747,0.363,136.4,1,96,,
2652,Pune Railway Project #2652,Pune,Railway,238.5,73.5,22,56.8,10,11,87.9,63.5,115,0.264,98.0,0,12,,
2653,Pune Railway Project #2653,Pune,Railway,963.6,58.4,29,98.6,6,11,45.7,40.1,510,0.538,84.1,0,5,,
2654,Nashik Highway Project #2654,Nashik,Highway,535.9,52.2,8,57.1,0,10,68.1,22.2,168,0.061,90.7,0,10,,
2655,Nashik Irrigation Project #2655,Nashik,Irrigation,747.2,56.0,91,26.4,8,9,45.7,82.0,159,0.762,66.8,1,55,,
2656,Nashik Highway Project #2656,Nashik,Highway,440.5,67.3,87,12.0,2,3,89.3,51.6,23,0.107,65.2,0,6,,
2657,Pune Irrigation Project #2657,Pune,Irrigation,387.4,69.4,58,41.9,5,6,68.6,75.3,14,0.271,84.4,1,62,,
2658,Nagpur Highway Project #2658,Nagpur,Highway,436.8,36.0,27,92.6,9,5,62.1,11.5,648,0.783,115.3,0,3,,
2659,Aurangabad Railway Project #2659,Aurangabad,Railway,438.7,22.7,87,99.7,4,15,98.2,16.7,282,0.052,116.1,0,4,,
2660,Nagpur Metro Project #2660,Nagpur,Metro,567.0,24.1,78,95.1,3,6,35.3,25.8,347,0.66,119.6,0,8,,
2661,Nagpur Railway Project #2661,Nagpur,Railway,566.3,67.5,102,75.6,8,5,15.9,20.2,220,0.924,129.9,1,47,,
2662,Pune Highway Project #2662,Pune,Highway,522.3,88.6,113,60.2,10,15,56.4,27.3,336,0.618,94.6,0,0,,
2663,Nagpur Highway Project #2663,Nagpur,Highway,178.0,46.9,32,63.2,11,11,48.2,71.8,738,0.713,120.3,0,7,,
2664,Mumbai Metro Project #2664,Mumbai,Metro,521.3,25.3,46,58.5,8,1,50.9,14.2,475,0.792,153.7,0,8,,
2665,Nashik Irrigation Project #2665,Nashik,Irrigation,210.6,78.1,97,73.6,0,13,65.8,13.4,88,0.222,82.0,0,10,,
2666,Mumbai Highway Project #2666,Mumbai,Highway,169.8,84.9,21,47.7,6,6,65.4,12.8,614,0.581,156.6,1,64,,
2667,Aurangabad Highway Project #2667,Aurangabad,Highway,936.0,89.3,28,70.2,9,15,45.3,72.8,759,0.309,112.8,0,9,,
2668,Nashik Highway Project #2668,Nashik,Highway,624.7,64.6,33,20.9,8,7,87.7,58.3,755,0.249,74.2,1,139,,
2669,Nagpur Metro Project #2669,Nagpur,Metro,676.5,87.5,41,33.9,4,6,68.6,43.3,186,0.192,108.5,1,155,,
2670,Aurangabad Railway Project #2670,Aurangabad,Railway,431.7,11.4,51,85.2,0,3,90.1,70.8,776,0.585,135.7,0,13,,
2671,Nashik Highway Project #2671,Nashik,Highway,913.5,19.7,46,91.3,7,3,92.2,59.8,141,0.795,75.3,0,14,,
2672,Nagpur Metro Project #2672,Nagpur,Metro,656.0,18.3,73,58.5,4,11,25.1,10.7,786,0.876,126.3,1,179,,
2673,Mumbai Highway Project #2673,Mumbai,Highway,780.7,74.1,50,12.8,5,4,71.3,85.5,301,0.429,149.7,1,123,,
2674,Nashik Irrigation Project #2674,Nashik,Irrigation,400.1,16.3,117,93.4,6,13,38.6,41.5,700,0.373,47.0,0,12,,
2675,Nagpur Metro Project #2675,Nagpur,Metro,962.0,54.7,44,73.2,9,8,85.3,46.0,387,0.687,117.3,0,11,,
2676,Mumbai Highway Project #2676,Mumbai,Highway,829.4,52.5,93,47.3,6,4,76.0,80.4,425,0.78,150.8,1,53,,
2677,Aurangabad Metro Project #2677,Aurangabad,Metro,861.3,38.0,119,63.9,12,1,27.9,26.8,353,0.253,101.8,0,6,,
2678,Aurangabad Highway Project #2678,Aurangabad,Highway,213.6,88.3,74,48.7,11,4,94.5,10.9,386,0.297,101.7,1,105,,
2679,Aurangabad Railway Project #2679,Aurangabad,Railway,307.4,25.3,117,51.9,6,14,71.5,91.8,494,0.533,106.6,0,7,,
2680,Aurangabad Highway Project #2680,Aurangabad,Highway,321.3,41.7,33,89.8,0,12,95.4,55.5,155,0.444,117.7,0,5,,
2681,Pune Metro Project #2681,Pune,Metro,307.4,79.7,20,24.5,6,2,28.2,41.5,664,0.706,102.6,1,36,,
2682,Nashik Irrigation Project #2682,Nashik,Irrigation,862.6,12.7,12,19.3,10,9,88.3,83.7,541,0.504,71.7,1,89,,
2683,Nashik Irrigation Project #2683,Nashik,Irrigation,80.3,70.6,53,10.2,2,7,70.1,12.4,579,0.112,64.3,0,14,,
2684,Pune Irrigation Project #2684,Pune,Irrigation,122.3,83.5,24,38.3,4,9,59.7,28.2,305,0.166,86.4,1,164,,
2685,Nagpur Highway Project #2685,Nagpur,Highway,310.2,93.9,117,23.3,9,9,83.8,24.0,587,0.902,121.0,1,28,,
2686,Nagpur Railway Project #2686,Nagpur,Railway,239.9,88.9,20,29.8,4,12,67.0,76.4,354,0.227,122.2,1,93,,
2687,Aurangabad Highway Project #2687,Aurangabad,Highway,270.3,38.7,0,11.0,7,1,70.3,38.1,406,0.05,114.3,1,147,,
2688,Mumbai Irrigation Project #2688,Mumbai,Irrigation,808.0,62.8,57,30.4,6,13,32.8,79.6,484,0.731,145.6,1,122,,
2689,Nagpur Metro Project #2689,Nagpur,Metro,585.0,17.0,68,39.9,6,10,83.5,13.7,534,0.684,125.3,1,108,,
2690,Mumbai Irrigation Project #2690,Mumbai,Irrigation,55.5,33.2,116,12.8,5,3,68.5,64.7,583,0.6,154.5,1,159,,
2691,Nashik Metro Project #2691,Nashik,Metro,457.9,18.5,85,64.7,6,4,86.0,38.6,55,0.502,66.0,0,4,,
2692,Mumbai Railway Project #2692,Mumbai,Railway,437.5,38.4,70,61.2,6,11,41.6,26.8,614,0.97,132.8,1,156,,
2693,Nashik Metro Project #2693,Nashik,Metro,158.2,88.8,12,18.7,4,3,39.9,83.5,437,0.12,61.2,0,14,,
2694,Pune Highway Project #2694,Pune,Highway,692.3,41.2,108,63.6,4,15,12.2,47.1,232,0.51,105.7,0,3,,
2695,Pune Highway Project #2695,Pune,Highway,717.0,60.6,51,99.9,3,12,79.2,61.4,32,0.564,73.1,0,0,,
2696,Aurangabad Highway Project #2696,Aurangabad,Highway,734.8,49.0,22,95.0,3,13,39.7,13.0,76,0.022,123.2,0,0,,
2697,Nagpur Metro Project #2697,Nagpur,Metro,742.0,51.3,20,10.2,4,15,39.4,81.2,635,0.412,102.7,1,113,,
2698,Aurangabad Highway Project #2698,Aurangabad,Highway,50.1,97.3,5,81.6,9,4,72.0,35.8,492,0.783,102.3,0,7,,
2699,Nashik Highway Project #2699,Nashik,Highway,956.2,36.7,19,41.8,8,9,32.8,72.4,215,0.471,66.3,1,26,,
2700,Aurangabad Highway Project #2700,Aurangabad,Highway,823.5,66.5,75,15.7,10,15,91.8,78.4,587,0.875,127.8,1,136,,
2701,Mumbai Railway Project #2701,Mumbai,Railway,908.8,47.8,39,36.6,11,10,58.4,20.5,571,0.645,150.3,1,123,,
2702,Nashik Metro Project #2702,Nashik,Metro,64.9,15.5,8,39.0,5,12,97.3,36.6,662,0.766,67.9,1,80,,
2703,Pune Metro Project #2703,Pune,Metro,937.2,54.0,49,57.1,7,3,16.9,75.1,267,0.804,80.6,0,0,,
2704,Nagpur Irrigation Project #2704,Nagpur,Irrigation,819.3,83.2,27,69.5,8,12,40.3,30.9,555,0.69,125.2,0,4,,
2705,Nashik Metro Project #2705,Nashik,Metro,845.4,18.9,10,77.4,11,2,44.3,86.3,262,0.749,64.9,0,1,,
2706,Nashik Railway Project #2706,Nashik,Railway,138.6,16.3,115,32.1,3,0,75.7,38.1,590,0.695,67.7,1,67,,
2707,Mumbai Metro Project #2707,Mumbai,Metro,751.8,23.8,95,39.0,11,13,29.2,46.2,198,0.55,146.4,1,138,,
2708,Nagpur Railway Project #2708,Nagpur,Railway,961.9,78.8,74,37.8,12,3,43.8,19.0,162,0.567,127.2,1,92,,
2709,Pune Railway Project #2709,Pune,Railway,694.6,75.2,87,42.6,6,8,92.0,23.3,724,0.19,97.6,1,18,,
2710,Nashik Metro Project #2710,Nashik,Metro,592.0,60.9,55,100.0,4,0,20.3,34.8,86,0.827,61.1,0,2,,
2711,Nashik Irrigation Project #2711,Nashik,Irrigation,948.3,52.1,78,80.0,3,15,77.1,14.4,712,0.312,63.7,0,8,,
2712,Mumbai Highway Project #2712,Mumbai,Highway,470.8,89.9,104,97.7,11,6,73.2,27.4,549,0.536,142.7,0,0,,
2713,Aurangabad Highway Project #2713,Aurangabad,Highway,619.3,79.0,34,72.4,6,2,21.7,46.8,734,0.25,111.8,0,1,,
2714,Pune Metro Project #2714,Pune,Metro,502.5,83.1,80,46.6,2,15,72.0,44.2,378,0.696,99.1,1,164,,
2715,Nagpur Metro Project #2715,Nagpur,Metro,936.2,83.2,24,45.1,0,7,61.3,27.9,577,0.975,122.0,0,8,,
2716,Nashik Railway Project #2716,Nashik,Railway,122.3,67.8,112,54.0,6,5,35.9,17.2,633,0.802,48.1,0,6,,
2717,Nashik Metro Project #2717,Nashik,Metro,526.1,51.2,98,47.5,8,12,38.0,38.6,764,0.619,77.6,1,36,,
2718,Pune Railway Project #2718,Pune,Railway,702.6,87.8,18,84.5,1,0,85.0,77.1,163,0.568,76.5,0,10,,
2719,Aurangabad Irrigation Project #2719,Aurangabad,Irrigation,802.3,93.3,104,51.9,6,14,30.8,55.9,164,0.49,102.8,1,164,,
2720,Nashik Metro Project #2720,Nashik,Metro,603.9,12.1,30,36.6,9,9,56.2,95.2,280,0.205,72.0,1,118,,
2721,Pune Highway Project #2721,Pune,Highway,913.5,14.6,80,79.7,1,4,71.3,22.6,571,0.348,89.2,0,14,,
2722,Mumbai Highway Project #2722,Mumbai,Highway,944.9,96.3,118,86.9,12,13,21.7,28.7,518,0.406,158.7,1,23,,
2723,Aurangabad Metro Project #2723,Aurangabad,Metro,111.1,34.9,49,47.8,12,11,93.9,35.2,399,0.945,103.9,1,74,,
2724,Nagpur Railway Project #2724,Nagpur,Railway,432.3,88.6,86,70.1,2,12,33.5,11.2,77,0.426,110.3,1,34,,
2725,Nashik Highway Project #2725,Nashik,Highway,72.3,45.0,62,15.3,12,7,38.7,94.9,141,0.586,66.9,1,100,,
2726,Pune Railway Project #2726,Pune,Railway,362.9,20.7,46,57.7,9,10,70.0,50.1,679,0.922,99.8,0,3,,
2727,Mumbai Metro Project #2727,Mumbai,Metro,560.0,17.2,0,14.0,11,14,17.0,53.3,274,0.518,156.3,1,48,,
2728,Nagpur Metro Project #2728,Nagpur,Metro,915.3,24.1,57,12.6,9,15,66.5,24.2,691,0.251,120.9,1,178,,
2729,Pune Highway Project #2729,Pune,Highway,854.2,32.5,9,65.2,2,2,92.4,88.5,791,0.381,103.3,0,6,,
2730,Pune Metro Project #2730,Pune,Metro,171.1,54.0,7,37.3,11,11,32.4,72.3,229,0.376,101.4,1,139,,
2731,Nagpur Irrigation Project #2731,Nagpur,Irrigation,138.4,73.1,105,76.8,12,11,42.6,48.8,561,0.715,127.9,1,141,,
2732,Mumbai Irrigation Project #2732,Mumbai,Irrigation,609.8,98.8,25,90.6,3,3,30.9,89.0,298,0.296,138.2,0,12,,
2733,Mumbai Highway Project #2733,Mumbai,Highway,555.5,49.7,33,22.5,5,6,83.7,91.5,88,0.73,157.8,1,46,,
2734,Aurangabad Irrigation Project #2734,Aurangabad,Irrigation,303.1,56.6,18,75.2,2,14,25.1,14.5,760,0.889,108.0,1,123,,
2735,Nashik Railway Project #2735,Nashik,Railway,904.5,57.0,77,56.3,12,10,41.2,20.7,581,0.336,66.1,0,6,,
2736,Nagpur Highway Project #2736,Nagpur,Highway,931.0,58.5,71,20.1,8,15,64.1,12.5,329,0.135,113.2,1,39,,
2737,Nagpur Highway Project #2737,Nagpur,Highway,432.5,56.6,114,68.6,1,5,46.4,62.4,327,0.639,118.3,0,0,,
2738,Nagpur Railway Project #2738,Nagpur,Railway,895.8,10.8,0,64.9,6,14,15.9,29.6,496,0.361,113.7,0,10,,
2739,Mumbai Irrigation Project #2739,Mumbai,Irrigation,414.8,10.2,47,56.4,5,13,95.3,86.0,400,0.534,151.7,0,8,,
2740,Nashik Irrigation Project #2740,Nashik,Irrigation,750.0,18.8,24,93.4,1,6,40.4,51.9,758,0.634,68.3,0,14,,
2741,Aurangabad Irrigation Project #2741,Aurangabad,Irrigation,502.1,19.1,23,56.9,10,12,50.1,85.4,597,0.408,112.2,0,2,,
2742,Pune Highway Project #2742,Pune,Highway,166.5,73.4,46,99.1,2,8,25.1,60.0,48,0.925,95.5,1,43,,
2743,Pune Highway Project #2743,Pune,Highway,931.5,28.4,83,55.8,5,8,87.9,81.7,208,0.4,87.1,0,0,,
2744,Nagpur Irrigation Project #2744,Nagpur,Irrigation,481.4,90.5,119,20.4,9,1,36.2,43.5,114,0.307,112.6,1,40,,
2745,Nashik Metro Project #2745,Nashik,Metro,747.8,93.6,93,52.3,3,2,11.8,95.1,591,0.886,49.9,0,12,,
2746,Mumbai Irrigation Project #2746,Mumbai,Irrigation,398.8,97.8,68,26.4,0,3,38.5,70.0,516,0.136,157.7,0,1,,
2747,Nashik Railway Project #2747,Nashik,Railway,67.9,94.5,66,63.7,0,5,98.6,63.6,579,0.124,70.8,0,9,,
2748,Nashik Highway Project #2748,Nashik,Highway,145.5,34.5,31,72.4,2,14,23.2,41.7,338,0.936,68.2,0,5,,
2749,Mumbai Railway Project #2749,Mumbai,Railway,521.4,55.9,16,52.2,7,4,12.8,94.3,700,0.209,161.7,0,2,,
2750,Nagpur Railway Project #2750,Nagpur,Railway,705.5,25.8,60,18.8,10,5,62.0,40.4,317,0.148,107.1,1,123,,
2751,Nashik Highway Project #2751,Nashik,Highway,368.0,82.6,105,52.2,3,10,43.4,85.2,231,0.535,70.6,0,7,,
2752,Pune Metro Project #2752,Pune,Metro,710.7,90.0,68,17.3,10,7,81.5,46.4,665,0.047,80.4,1,112,,
2753,Mumbai Irrigation Project #2753,Mumbai,Irrigation,713.7,86.6,10,71.4,0,1,75.9,79.0,36,0.62,156.6,0,0,,
2754,Aurangabad Railway Project #2754,Aurangabad,Railway,718.7,49.0,37,81.1,7,15,26.7,92.1,682,0.453,87.7,0,7,,
2755,Nagpur Highway Project #2755,Nagpur,Highway,517.9,78.3,67,96.6,9,5,60.8,51.9,160,0.64,128.0,0,10,,
2756,Mumbai Railway Project #2756,Mumbai,Railway,919.1,18.8,102,23.4,5,8,12.9,57.4,182,0.284,157.6,1,123,,
2757,Aurangabad Irrigation Project #2757,Aurangabad,Irrigation,514.7,13.6,18,57.9,0,4,49.6,39.7,732,0.905,100.8,0,14,,
2758,Aurangabad Metro Project #2758,Aurangabad,Metro,477.8,77.8,102,61.1,11,0,74.3,14.9,31,0.271,110.7,0,13,,
2759,Nashik Metro Project #2759,Nashik,Metro,239.4,48.3,109,93.0,9,15,47.3,68.7,554,0.638,61.0,1,133,,
2760,Nashik Metro Project #2760,Nashik,Metro,342.3,99.6,112,66.5,9,12,20.6,20.8,630,0.945,74.3,1,80,,
2761,Nashik Highway Project #2761,Nashik,Highway,90.2,18.8,86,23.1,5,7,15.5,41.9,403,0.401,78.2,1,26,,
2762,Mumbai Highway Project #2762,Mumbai,Highway,651.9,87.0,16,49.3,0,3,86.8,41.5,56,0.161,140.0,0,12,,
2763,Mumbai Metro Project #2763,Mumbai,Metro,286.1,53.2,12,68.9,9,7,90.2,23.6,617,0.068,137.0,0,12,,
2764,Nagpur Irrigation Project #2764,Nagpur,Irrigation,338.9,84.4,90,73.0,9,12,40.9,70.0,134,0.963,131.0,0,5,,
2765,Nashik Irrigation Project #2765,Nashik,Irrigation,782.3,83.5,0,87.7,2,14,24.8,25.7,344,0.764,89.4,0,0,,
2766,Aurangabad Highway Project #2766,Aurangabad,Highway,360.9,92.4,1,26.2,1,3,98.1,80.1,304,0.919,114.9,0,3,,
2767,Pune Metro Project #2767,Pune,Metro,280.1,36.8,81,95.6,3,10,59.1,32.4,546,0.699,95.7,0,12,,
2768,Nagpur Irrigation Project #2768,Nagpur,Irrigation,210.6,95.5,99,15.3,1,7,52.9,35.9,603,0.342,116.7,0,4,,
2769,Mumbai Irrigation Project #2769,Mumbai,Irrigation,786.1,23.7,108,98.5,10,8,76.7,40.9,579,0.123,151.8,0,12,,
2770,Nagpur Irrigation Project #2770,Nagpur,Irrigation,173.2,17.4,96,87.2,12,4,25.2,23.7,547,0.929,123.5,0,0,,
2771,Nagpur Highway Project #2771,Nagpur,Highway,481.1,48.8,99,69.4,4,4,62.2,49.1,306,0.49,118.2,0,1,,
2772,Nagpur Metro Project #2772,Nagpur,Metro,531.6,84.5,65,76.1,3,1,90.1,17.2,53,0.397,133.5,0,1,,
2773,Nagpur Railway Project #2773,Nagpur,Railway,703.0,52.6,67,16.5,5,8,12.1,48.4,606,0.578,121.8,1,173,,
2774,Pune Metro Project #2774,Pune,Metro,651.6,84.6,15,13.7,6,10,70.6,40.6,31,0.107,93.1,0,1,,
2775,Nashik Metro Project #2775,Nashik,Metro,820.2,75.7,3,19.2,11,3,59.6,40.4,235,0.309,68.4,1,178,,
2776,Aurangabad Highway Project #2776,Aurangabad,Highway,92.5,28.8,56,17.9,1,2,95.6,69.5,558,0.638,109.4,0,8,,
2777,Nagpur Irrigation Project #2777,Nagpur,Irrigation,331.6,95.4,72,59.3,1,1,33.3,79.2,383,0.1,132.2,0,14,,
2778,Nagpur Irrigation Project #2778,Nagpur,Irrigation,316.1,15.5,112,29.4,7,2,87.3,42.0,622,0.135,121.5,1,59,,
2779,Nagpur Highway Project #2779,Nagpur,Highway,188.7,90.8,84,87.4,12,15,37.8,33.6,663,0.511,121.7,1,112,,
2780,Nashik Highway Project #2780,Nashik,Highway,324.7,37.4,22,50.1,12,3,48.7,54.5,13,0.623,71.8,0,13,,
2781,Mumbai Highway Project #2781,Mumbai,Highway,344.3,55.0,115,72.6,8,8,29.2,80.9,33,0.187,146.4,0,10,,
2782,Mumbai Highway Project #2782,Mumbai,Highway,545.8,48.0,116,68.8,4,5,87.7,68.0,712,0.033,135.9,0,0,,
2783,Pune Highway Project #2783,Pune,Highway,680.5,25.5,1,38.8,6,9,27.6,13.4,331,0.958,105.7,1,84,,
2784,Mumbai Railway Project #2784,Mumbai,Railway,412.0,42.2,66,31.9,12,14,87.3,53.2,790,0.027,160.7,1,67,,
2785,Nagpur Metro Project #2785,Nagpur,Metro,733.5,27.4,86,40.8,11,4,51.0,99.2,548,0.002,132.5,1,123,,
2786,Nagpur Metro Project #2786,Nagpur,Metro,369.4,28.3,25,81.7,8,12,85.2,41.8,381,0.323,109.3,0,3,,
2787,Nagpur Metro Project #2787,Nagpur,Metro,325.8,26.8,110,62.8,0,8,33.8,49.7,602,0.222,134.4,0,14,,
2788,Pune Irrigation Project #2788,Pune,Irrigation,564.1,54.0,6,32.8,7,7,21.9,35.9,642,0.574,109.7,1,88,,
2789,Nagpur Railway Project #2789,Nagpur,Railway,72.5,81.8,99,83.6,9,5,59.9,54.8,374,0.894,130.4,0,8,,
2790,Mumbai Metro Project #2790,Mumbai,Metro,125.8,61.2,43,14.9,9,2,55.8,24.5,78,0.481,166.5,1,43,,
2791,Nashik Irrigation Project #2791,Nashik,Irrigation,447.1,90.4,32,72.9,8,6,42.1,32.2,481,0.773,78.0,0,13,,
2792,Nashik Railway Project #2792,Nashik,Railway,945.8,67.3,112,49.5,8,14,69.7,74.1,514,0.909,61.5,1,49,,
2793,Aurangabad Railway Project #2793,Aurangabad,Railway,735.4,72.0,63,75.8,9,12,18.6,22.4,322,0.189,115.1,0,9,,
2794,Mumbai Irrigation Project #2794,Mumbai,Irrigation,133.7,70.1,35,93.5,6,9,66.0,93.4,81,0.488,139.8,0,5,,
2795,Nagpur Railway Project #2795,Nagpur,Railway,854.0,50.5,3,77.5,11,5,29.1,37.7,255,0.642,114.0,0,12,,
2796,Nashik Irrigation Project #2796,Nashik,Irrigation,745.7,72.0,117,49.8,11,15,21.6,61.8,767,0.332,73.2,1,60,,
2797,Mumbai Metro Project #2797,Mumbai,Metro,630.4,16.3,22,23.6,11,11,91.9,39.0,774,0.74,151.8,1,50,,
2798,Nashik Irrigation Project #2798,Nashik,Irrigation,829.3,87.4,24,82.6,11,15,51.4,53.0,82,0.705,74.6,0,7,,
2799,Nagpur Railway Project #2799,Nagpur,Railway,433.9,80.0,104,51.5,9,14,78.7,91.3,795,0.421,102.1,0,1,,
2800,Nashik Metro Project #2800,Nashik,Metro,260.4,32.1,89,16.8,2,10,18.0,16.2,537,0.088,68.5,0,11,,
2801,Aurangabad Metro Project #2801,Aurangabad,Metro,536.4,79.1,91,74.7,12,13,15.2,87.1,700,0.012,115.5,0,3,,
2802,Aurangabad Highway Project #2802,Aurangabad,Highway,571.4,11.1,91,36.3,12,15,54.5,60.2,49,0.369,117.5,1,111,,
2803,Nashik Highway Project #2803,Nashik,Highway,561.4,29.6,84,14.4,4,14,38.4,69.9,48,0.082,78.1,1,40,,
2804,Mumbai Railway Project #2804,Mumbai,Railway,586.8,15.9,73,91.2,12,7,10.4,15.0,65,0.782,152.5,1,27,,
2805,Mumbai Irrigation Project #2805,Mumbai,Irrigation,951.3,80.2,26,53.5,1,11,26.5,78.5,754,0.334,146.2,0,0,,
2806,Mumbai Irrigation Project #2806,Mumbai,Irrigation,907.1,78.0,50,35.3,10,5,29.7,21.5,575,0.666,155.0,1,139,,
2807,Nashik Railway Project #2807,Nashik,Railway,881.9,83.2,114,74.5,9,13,36.0,96.8,181,0.346,67.0,0,7,,
2808,Mumbai Metro Project #2808,Mumbai,Metro,811.3,10.4,78,89.7,2,10,89.0,81.9,311,0.796,159.0,0,0,,
2809,Nagpur Railway Project #2809,Nagpur,Railway,946.3,55.1,117,10.0,9,9,47.9,54.4,499,0.888,124.3,1,44,,
2810,Aurangabad Railway Project #2810,Aurangabad,Railway,143.6,73.4,80,71.9,6,3,71.1,93.2,441,0.838,109.4,0,5,,
2811,Nagpur Metro Project #2811,Nagpur,Metro,301.9,24.0,102,79.0,0,9,11.7,25.2,710,0.484,112.3,1,175,,
2812,Mumbai Irrigation Project #2812,Mumbai,Irrigation,520.3,68.5,98,28.9,2,15,83.3,99.2,564,0.084,161.2,0,4,,
2813,Nagpur Railway Project #2813,Nagpur,Railway,854.2,17.6,68,54.1,4,11,31.6,74.5,13,0.372,125.6,0,13,,
2814,Mumbai Irrigation Project #2814,Mumbai,Irrigation,529.9,26.3,79,18.0,10,6,37.8,18.9,270,0.424,171.0,1,87,,
2815,Nashik Railway Project #2815,Nashik,Railway,760.6,52.8,22,77.2,3,6,14.1,58.3,579,0.96,75.3,0,8,,
2816,Nagpur Metro Project #2816,Nagpur,Metro,182.0,68.8,102,86.3,2,10,46.9,74.0,558,0.565,126.1,0,3,,
2817,Nashik Metro Project #2817,Nashik,Metro,289.8,23.1,111,19.7,5,7,86.7,65.2,419,0.641,55.3,1,84,,
2818,Nashik Highway Project #2818,Nashik,Highway,745.2,26.7,8,83.5,11,1,44.1,48.2,756,0.782,73.1,0,1,,
2819,Pune Metro Project #2819,Pune,Metro,206.5,28.4,32,79.4,5,14,91.8,32.3,274,0.568,86.8,0,8,,
2820,Mumbai Highway Project #2820,Mumbai,Highway,383.8,31.5,34,41.2,3,10,88.1,31.4,24,0.598,158.3,1,31,,
2821,Aurangabad Railway Project #2821,Aurangabad,Railway,301.6,30.4,120,72.1,8,5,15.6,93.4,97,0.245,113.3,0,1,,
2822,Mumbai Irrigation Project #2822,Mumbai,Irrigation,382.4,45.6,103,10.0,10,13,37.5,31.1,108,0.059,159.9,1,149,,
2823,Aurangabad Metro Project #2823,Aurangabad,Metro,722.9,68.8,49,93.9,5,2,91.9,96.6,626,0.721,131.3,0,5,,
2824,Mumbai Metro Project #2824,Mumbai,Metro,399.5,49.4,23,59.5,8,7,12.7,28.9,226,0.849,142.0,0,8,,
2825,Nashik Metro Project #2825,Nashik,Metro,577.5,79.8,87,65.8,12,3,78.9,44.6,419,0.412,79.5,0,4,,
2826,Nagpur Railway Project #2826,Nagpur,Railway,144.9,74.7,113,69.8,10,14,91.6,11.1,200,0.549,126.8,0,9,,
2827,Nagpur Highway Project #2827,Nagpur,Highway,814.8,21.4,23,60.5,9,13,79.3,91.3,224,0.307,139.8,0,1,,
2828,Pune Railway Project #2828,Pune,Railway,401.4,14.4,18,87.1,9,3,76.9,19.4,719,0.45,97.1,0,11,,
2829,Aurangabad Irrigation Project #2829,Aurangabad,Irrigation,666.1,89.0,38,64.9,1,1,85.9,42.2,626,0.209,116.0,0,5,,
2830,Aurangabad Railway Project #2830,Aurangabad,Railway,739.1,17.2,60,91.7,5,12,69.9,85.8,36,0.76,118.5,0,0,,
2831,Aurangabad Irrigation Project #2831,Aurangabad,Irrigation,249.2,23.4,24,62.4,3,5,48.1,81.3,191,0.492,119.2,0,13,,
2832,Nashik Metro Project #2832,Nashik,Metro,890.4,12.0,115,25.4,1,5,15.6,85.7,604,0.547,84.5,0,9,,
2833,Aurangabad Irrigation Project #2833,Aurangabad,Irrigation,635.4,66.6,94,92.2,4,0,80.9,92.3,168,0.037,101.8,0,9,,
2834,Nagpur Irrigation Project #2834,Nagpur,Irrigation,457.3,62.4,101,71.3,2,15,91.5,92.0,239,0.622,116.1,0,2,,
2835,Nashik Highway Project #2835,Nashik,Highway,223.2,98.8,24,72.9,5,11,56.0,79.3,244,0.203,87.4,0,2,,
2836,Mumbai Irrigation Project #2836,Mumbai,Irrigation,945.2,89.8,26,98.7,10,7,57.9,62.4,395,0.383,130.4,0,9,,
2837,Aurangabad Irrigation Project #2837,Aurangabad,Irrigation,767.3,47.0,31,16.8,7,2,46.3,60.5,539,0.413,109.2,1,176,,
2838,Aurangabad Railway Project #2838,Aurangabad,Railway,247.6,43.4,10,48.6,3,0,87.1,11.2,293,0.449,111.5,1,142,,
2839,Mumbai Metro Project #2839,Mumbai,Metro,370.8,36.7,68,31.5,11,9,11.3,75.0,80,0.227,148.2,1,41,,
2840,Aurangabad Railway Project #2840,Aurangabad,Railway,819.2,23.7,107,66.7,3,0,66.2,30.4,513,0.85,125.8,0,13,,
2841,Mumbai Railway Project #2841,Mumbai,Railway,710.9,22.4,32,82.6,4,0,91.7,84.6,224,0.428,154.8,0,3,,
2842,Nashik Metro Project #2842,Nashik,Metro,777.5,21.9,18,97.0,5,4,19.3,59.8,126,0.612,66.1,0,12,,
2843,Nagpur Metro Project #2843,Nagpur,Metro,469.1,20.3,106,50.9,10,4,96.3,98.9,109,0.614,113.7,0,10,,
2844,Mumbai Irrigation Project #2844,Mumbai,Irrigation,730.7,31.6,110,80.8,6,0,97.1,28.9,609,0.607,152.8,0,10,,
2845,Pune Irrigation Project #2845,Pune,Irrigation,417.2,37.6,120,92.5,5,4,93.7,75.1,674,0.559,101.7,0,7,,
2846,Mumbai Highway Project #2846,Mumbai,Highway,250.7,96.5,15,71.5,6,6,51.6,59.3,304,0.823,151.4,0,6,,
2847,Aurangabad Railway Project #2847,Aurangabad,Railway,651.0,62.1,98,31.8,8,4,44.5,93.9,186,0.813,108.7,1,118,,
2848,Nashik Metro Project #2848,Nashik,Metro,977.2,98.9,10,64.7,3,8,73.5,33.9,141,0.417,63.0,0,4,,
2849,Nashik Irrigation Project #2849,Nashik,Irrigation,345.1,43.5,74,97.3,9,3,38.7,15.3,643,0.636,73.7,0,10,,
2850,Mumbai Metro Project #2850,Mumbai,Metro,487.9,51.2,73,98.9,0,12,16.2,58.9,732,0.103,153.2,0,4,,
2851,Nagpur Irrigation Project #2851,Nagpur,Irrigation,690.3,39.2,97,67.8,8,8,91.1,56.9,589,0.091,112.8,0,4,,
2852,Pune Highway Project #2852,Pune,Highway,564.4,26.5,115,89.8,6,15,67.1,38.1,66,0.48,100.3,0,8,,
2853,Nashik Highway Project #2853,Nashik,Highway,851.3,22.9,68,28.0,3,11,28.6,98.8,22,0.9,87.1,1,27,,
2854,Aurangabad Metro Project #2854,Aurangabad,Metro,773.7,95.1,86,32.1,9,7,11.7,16.3,202,0.65,110.5,1,40,,
2855,Aurangabad Highway Project #2855,Aurangabad,Highway,105.4,98.8,54,95.8,7,13,75.1,61.3,584,0.669,113.0,0,9,,
2856,Nagpur Metro Project #2856,Nagpur,Metro,998.5,14.0,24,22.2,11,12,86.8,33.4,519,0.158,109.0,1,104,,
2857,Nashik Irrigation Project #2857,Nashik,Irrigation,764.8,23.5,92,27.2,6,0,46.5,10.2,162,0.453,77.4,1,70,,
2858,Mumbai Railway Project #2858,Mumbai,Railway,870.7,48.1,103,47.8,11,12,17.3,98.9,32,0.401,154.6,1,99,,
2859,Aurangabad Highway Project #2859,Aurangabad,Highway,668.6,26.8,76,63.1,1,3,68.4,53.3,39,0.783,106.7,0,10,,
2860,Nagpur Irrigation Project #2860,Nagpur,Irrigation,863.5,42.7,110,64.3,0,6,36.7,87.1,378,0.138,112.6,0,10,,
2861,Nashik Railway Project #2861,Nashik,Railway,156.8,21.6,95,36.3,8,0,23.0,85.6,710,0.539,88.5,1,144,,
2862,Nashik Railway Project #2862,Nashik,Railway,380.4,51.1,33,92.9,6,11,55.9,83.1,400,0.911,73.8,0,9,,
2863,Nashik Railway Project #2863,Nashik,Railway,882.6,34.5,11,92.4,9,7,53.4,51.3,319,0.892,60.8,0,8,,
2864,Nashik Irrigation Project #2864,Nashik,Irrigation,241.6,41.7,87,45.3,0,15,56.5,90.6,630,0.852,78.6,0,4,,
2865,Nashik Irrigation Project #2865,Nashik,Irrigation,124.3,18.5,103,49.1,12,13,84.2,43.1,410,0.375,72.3,1,36,,
2866,Aurangabad Metro Project #2866,Aurangabad,Metro,798.7,48.5,20,73.2,3,15,53.6,46.8,362,0.941,110.6,1,109,,
2867,Nagpur Railway Project #2867,Nagpur,Railway,843.7,98.5,28,69.7,4,10,91.0,33.0,581,0.805,129.8,0,10,,
2868,Nashik Railway Project #2868,Nashik,Railway,204.5,39.6,50,44.4,4,1,85.8,50.3,75,0.851,43.9,1,76,,
2869,Pune Railway Project #2869,Pune,Railway,861.6,88.9,120,47.3,4,7,68.6,98.8,175,0.932,71.9,1,83,,
2870,Pune Metro Project #2870,Pune,Metro,702.4,85.9,22,41.3,10,14,15.1,61.6,501,0.937,103.8,1,100,,
2871,Nagpur Railway Project #2871,Nagpur,Railway,544.1,95.7,32,31.2,2,10,87.8,84.8,662,0.24,118.7,0,12,,
2872,Mumbai Irrigation Project #2872,Mumbai,Irrigation,838.7,81.1,7,51.2,4,12,91.5,33.7,573,0.128,145.7,0,2,,
2873,Mumbai Railway Project #2873,Mumbai,Railway,448.3,69.4,41,71.8,3,3,43.8,96.0,189,0.691,136.6,0,7,,
2874,Mumbai Highway Project #2874,Mumbai,Highway,234.3,87.1,76,76.8,4,7,57.4,11.2,553,0.563,151.9,0,6,,
2875,Pune Irrigation Project #2875,Pune,Irrigation,320.6,16.8,68,80.1,6,0,35.3,93.7,735,0.327,93.2,0,3,,
2876,Mumbai Metro Project #2876,Mumbai,Metro,529.9,51.7,117,43.7,4,14,11.3,90.8,786,0.684,164.4,1,107,,
2877,Aurangabad Railway Project #2877,Aurangabad,Railway,554.8,99.0,40,78.8,7,11,53.2,16.1,26,0.062,113.7,0,8,,
2878,Nashik Highway Project #2878,Nashik,Highway,815.3,79.3,73,10.6,7,4,21.6,64.4,135,0.047,67.0,1,175,,
2879,Pune Metro Project #2879,Pune,Metro,801.8,96.6,62,52.9,2,8,26.5,80.7,91,0.354,94.1,0,6,,
2880,Nagpur Metro Project #2880,Nagpur,Metro,602.3,80.2,13,81.5,4,6,53.3,46.3,49,0.194,131.1,0,7,,
2881,Nagpur Irrigation Project #2881,Nagpur,Irrigation,791.7,88.7,87,66.7,11,2,88.0,18.3,625,0.719,128.9,0,10,,
2882,Nashik Metro Project #2882,Nashik,Metro,232.2,73.6,61,52.7,3,15,86.0,84.6,228,0.948,76.2,0,7,,
2883,Pune Metro Project #2883,Pune,Metro,97.6,78.4,74,68.0,4,3,96.9,52.0,191,0.662,92.7,0,2,,
2884,Mumbai Metro Project #2884,Mumbai,Metro,880.0,57.1,45,91.6,7,9,53.4,33.7,447,0.655,144.2,0,6,,
2885,Mumbai Metro Project #2885,Mumbai,Metro,121.8,93.2,66,61.0,3,6,59.7,16.4,677,0.007,139.7,0,7,,
2886,Aurangabad Railway Project #2886,Aurangabad,Railway,284.4,84.3,92,82.0,4,13,84.0,67.6,699,0.512,98.1,0,2,,
2887,Aurangabad Railway Project #2887,Aurangabad,Railway,710.6,85.9,52,98.3,6,5,73.0,13.8,539,0.817,113.9,0,8,,
2888,Mumbai Railway Project #2888,Mumbai,Railway,439.0,70.6,111,73.5,2,12,26.5,81.2,662,0.654,155.0,0,12,,
2889,Nagpur Railway Project #2889,Nagpur,Railway,882.5,37.4,51,61.6,12,12,45.8,79.4,170,0.228,130.9,0,9,,
2890,Nagpur Highway Project #2890,Nagpur,Highway,333.1,13.2,93,13.4,5,3,93.6,39.1,735,0.848,125.6,1,68,,
2891,Aurangabad Railway Project #2891,Aurangabad,Railway,61.3,94.2,112,43.7,8,2,23.2,52.5,743,0.964,120.5,1,145,,
2892,Nashik Metro Project #2892,Nashik,Metro,335.6,62.8,100,60.9,10,10,28.8,70.2,783,0.279,68.7,0,9,,
2893,Mumbai Railway Project #2893,Mumbai,Railway,599.2,36.8,6,81.7,3,1,46.1,96.3,566,0.207,157.7,0,14,,
2894,Aurangabad Railway Project #2894,Aurangabad,Railway,407.1,23.4,80,49.4,3,9,94.6,56.8,196,0.339,100.0,1,43,,
2895,Aurangabad Irrigation Project #2895,Aurangabad,Irrigation,558.1,84.7,83,96.4,5,11,20.2,99.7,363,0.063,109.4,0,7,,
2896,Mumbai Metro Project #2896,Mumbai,Metro,882.8,85.3,53,34.5,5,8,70.6,39.3,384,0.873,131.7,1,87,,
2897,Mumbai Railway Project #2897,Mumbai,Railway,916.9,83.3,10,77.0,2,2,21.9,57.4,476,0.929,150.3,0,7,,
2898,Nagpur Railway Project #2898,Nagpur,Railway,302.7,68.1,107,47.7,0,14,57.2,20.4,250,0.633,132.2,1,164,,
2899,Nashik Railway Project #2899,Nashik,Railway,489.0,42.9,24,53.7,2,6,58.3,60.1,746,0.764,70.7,0,6,,
2900,Nashik Highway Project #2900,Nashik,Highway,571.7,37.4,58,82.2,7,14,13.8,58.3,343,0.669,77.2,1,59,,
2901,Mumbai Railway Project #2901,Mumbai,Railway,951.7,10.8,87,36.7,7,0,95.9,86.4,57,0.377,152.7,1,95,,
2902,Pune Irrigation Project #2902,Pune,Irrigation,998.7,85.0,65,18.7,5,7,82.6,99.7,120,0.632,84.3,1,44,,
2903,Aurangabad Metro Project #2903,Aurangabad,Metro,273.6,17.9,26,56.8,6,15,37.3,98.8,604,0.836,108.1,0,12,,
2904,Aurangabad Metro Project #2904,Aurangabad,Metro,740.6,66.8,82,57.6,1,0,21.8,31.3,113,0.81,121.8,0,10,,
2905,Mumbai Railway Project #2905,Mumbai,Railway,409.1,55.4,57,81.7,8,11,41.1,40.5,472,0.081,157.2,0,12,,
2906,Pune Railway Project #2906,Pune,Railway,57.7,57.4,92,97.1,2,15,90.5,34.7,83,0.463,83.8,0,1,,
2907,Nagpur Railway Project #2907,Nagpur,Railway,58.8,93.4,100,15.0,1,1,21.9,28.0,576,0.397,106.1,0,9,,
2908,Mumbai Metro Project #2908,Mumbai,Metro,487.5,12.8,10,63.3,4,0,41.4,23.5,326,0.752,152.1,0,3,,
2909,Mumbai Metro Project #2909,Mumbai,Metro,513.9,79.6,54,71.3,0,3,54.5,56.1,11,0.501,144.2,0,14,,
2910,Aurangabad Highway Project #2910,Aurangabad,Highway,71.4,14.7,18,98.7,4,1,13.0,88.5,763,0.35,108.2,0,5,,
2911,Mumbai Irrigation Project #2911,Mumbai,Irrigation,702.6,13.4,91,94.8,9,0,34.1,63.1,381,0.706,135.5,0,8,,
2912,Mumbai Highway Project #2912,Mumbai,Highway,329.3,48.7,38,74.1,3,0,63.6,88.5,779,0.474,160.4,0,1,,
2913,Mumbai Irrigation Project #2913,Mumbai,Irrigation,581.9,15.7,84,57.0,11,14,39.2,96.4,478,0.257,149.0,0,6,,
2914,Aurangabad Highway Project #2914,Aurangabad,Highway,335.9,81.0,89,24.5,5,1,88.3,44.5,19,0.89,110.5,1,47,,
2915,Nagpur Metro Project #2915,Nagpur,Metro,208.8,57.7,85,44.6,11,5,94.3,85.2,597,0.113,111.7,1,27,,
2916,Nagpur Highway Project #2916,Nagpur,Highway,436.8,12.6,69,62.7,4,1,49.7,14.7,432,0.018,117.2,0,1,,
2917,Mumbai Irrigation Project #2917,Mumbai,Irrigation,270.7,13.6,10,75.3,8,12,57.9,53.3,267,0.144,151.2,0,0,,
2918,Aurangabad Railway Project #2918,Aurangabad,Railway,558.1,65.1,13,67.2,4,14,66.8,43.1,642,0.164,103.9,0,8,,
2919,Nagpur Irrigation Project #2919,Nagpur,Irrigation,238.9,82.6,59,74.3,12,12,69.8,28.4,736,0.538,117.8,0,5,,
2920,Nagpur Railway Project #2920,Nagpur,Railway,533.0,49.4,35,48.6,7,11,15.7,49.5,485,0.625,133.9,1,72,,
2921,Nagpur Metro Project #2921,Nagpur,Metro,199.5,59.9,103,75.5,11,11,14.8,49.9,254,0.449,102.5,1,23,,
2922,Aurangabad Irrigation Project #2922,Aurangabad,Irrigation,687.4,82.0,40,22.9,12,15,87.9,82.8,346,0.204,111.8,1,146,,
2923,Aurangabad Highway Project #2923,Aurangabad,Highway,766.2,64.9,1,24.6,1,10,29.8,88.2,701,0.132,102.1,0,9,,
2924,Mumbai Irrigation Project #2924,Mumbai,Irrigation,154.9,30.2,56,24.7,2,12,62.6,69.1,497,0.492,163.4,0,3,,
2925,Nashik Railway Project #2925,Nashik,Railway,494.4,65.2,106,90.2,2,1,66.2,67.0,82,0.565,68.2,0,3,,
2926,Nagpur Metro Project #2926,Nagpur,Metro,117.3,66.5,59,16.8,2,7,24.8,19.9,730,0.304,109.5,0,11,,
2927,Nashik Highway Project #2927,Nashik,Highway,618.3,76.1,19,82.1,5,15,78.5,61.8,762,0.22,67.8,0,6,,
2928,Aurangabad Irrigation Project #2928,Aurangabad,Irrigation,301.2,65.9,21,31.0,6,4,87.9,34.7,694,0.081,113.5,1,178,,
2929,Aurangabad Railway Project #2929,Aurangabad,Railway,551.2,97.2,102,52.2,6,13,35.7,36.5,14,0.026,137.8,0,3,,
2930,Aurangabad Highway Project #2930,Aurangabad,Highway,541.6,27.8,3,92.4,11,14,89.0,18.5,471,0.106,88.9,0,4,,
2931,Nashik Metro Project #2931,Nashik,Metro,928.1,95.6,55,62.7,6,7,17.3,67.2,375,0.742,58.0,0,10,,
2932,Aurangabad Highway Project #2932,Aurangabad,Highway,571.6,58.5,92,28.9,11,15,82.0,62.5,504,0.344,123.1,1,168,,
2933,Mumbai Metro Project #2933,Mumbai,Metro,603.8,70.5,109,35.6,2,11,67.6,29.8,226,0.027,134.9,0,11,,
2934,Aurangabad Highway Project #2934,Aurangabad,Highway,431.6,19.0,57,92.8,0,13,62.5,33.7,223,0.508,110.1,0,8,,
2935,Pune Irrigation Project #2935,Pune,Irrigation,951.6,44.3,87,48.4,5,11,30.7,79.6,334,0.536,85.2,1,120,,
2936,Nashik Railway Project #2936,Nashik,Railway,788.3,79.2,64,62.8,2,13,42.6,81.4,319,0.429,63.6,0,14,,
2937,Pune Irrigation Project #2937,Pune,Irrigation,321.1,73.6,87,51.4,12,7,91.9,54.4,47,0.111,88.3,0,1,,
2938,Aurangabad Irrigation Project #2938,Aurangabad,Irrigation,852.0,13.6,57,44.1,2,11,51.9,23.4,70,0.755,106.7,0,12,,
2939,Mumbai Metro Project #2939,Mumbai,Metro,460.8,59.2,29,30.1,2,1,63.5,15.0,104,0.689,160.6,0,1,,
2940,Nagpur Metro Project #2940,Nagpur,Metro,837.2,17.9,75,71.8,8,13,94.2,34.4,242,0.395,133.3,0,2,,
2941,Aurangabad Metro Project #2941,Aurangabad,Metro,831.7,99.6,18,74.6,11,6,52.0,75.8,798,0.381,114.3,0,12,,
2942,Mumbai Irrigation Project #2942,Mumbai,Irrigation,229.4,90.8,100,34.7,3,8,44.9,64.1,557,0.156,147.6,1,81,,
2943,Nashik Highway Project #2943,Nashik,Highway,716.1,11.9,61,81.0,4,11,90.4,74.6,522,0.754,72.6,0,14,,
2944,Pune Highway Project #2944,Pune,Highway,326.1,87.3,103,86.9,2,7,92.0,52.5,159,0.6,98.1,0,14,,
2945,Pune Irrigation Project #2945,Pune,Irrigation,332.6,92.7,106,92.9,9,12,41.9,77.9,480,0.086,100.0,0,6,,
2946,Pune Irrigation Project #2946,Pune,Irrigation,331.5,41.8,117,24.5,12,8,63.3,53.3,224,0.378,93.7,1,16,,
2947,Nashik Railway Project #2947,Nashik,Railway,739.3,74.8,67,37.4,11,12,96.7,17.6,408,0.904,85.3,1,89,,
2948,Mumbai Metro Project #2948,Mumbai,Metro,268.3,49.8,78,87.4,0,7,15.0,17.2,567,0.452,143.8,0,3,,
2949,Nashik Metro Project #2949,Nashik,Metro,50.9,69.0,83,27.9,11,3,13.6,84.8,586,0.325,81.4,1,73,,
2950,Pune Irrigation Project #2950,Pune,Irrigation,729.5,40.6,43,10.3,3,15,56.5,66.7,15,0.644,97.0,1,61,,
2951,Aurangabad Irrigation Project #2951,Aurangabad,Irrigation,212.6,39.0,83,88.4,0,9,36.2,35.1,90,0.203,103.9,0,9,,
2952,Nagpur Highway Project #2952,Nagpur,Highway,149.3,48.2,117,39.4,10,6,62.4,78.1,198,0.524,122.3,1,176,,
2953,Nashik Irrigation Project #2953,Nashik,Irrigation,275.6,23.1,118,47.3,10,14,75.2,22.2,672,0.67,73.0,1,141,,
2954,Nashik Highway Project #2954,Nashik,Highway,410.9,84.8,60,50.2,6,8,16.2,68.1,669,0.855,68.6,1,142,,
2955,Mumbai Irrigation Project #2955,Mumbai,Irrigation,502.1,41.4,20,86.3,6,8,89.4,99.1,37,0.693,148.5,0,6,,
2956,Mumbai Railway Project #2956,Mumbai,Railway,92.3,46.0,9,40.4,3,3,34.9,23.5,686,0.384,134.8,1,47,,
2957,Nashik Railway Project #2957,Nashik,Railway,972.0,90.5,29,90.3,4,14,44.3,22.8,144,0.768,63.1,0,6,,
2958,Pune Highway Project #2958,Pune,Highway,730.3,54.7,23,65.5,9,6,40.3,52.1,775,0.898,87.6,0,12,,
2959,Nagpur Metro Project #2959,Nagpur,Metro,357.0,59.0,47,57.5,6,5,85.6,67.8,314,0.478,114.3,0,10,,
2960,Mumbai Railway Project #2960,Mumbai,Railway,352.8,96.1,54,39.3,12,11,25.4,12.4,504,0.005,141.4,1,115,,
2961,Pune Highway Project #2961,Pune,Highway,476.1,89.8,103,31.9,5,11,12.6,55.0,733,0.881,100.6,1,19,,
2962,Aurangabad Irrigation Project #2962,Aurangabad,Irrigation,644.9,25.3,51,66.2,12,14,97.5,17.5,289,0.165,109.0,0,10,,
2963,Mumbai Irrigation Project #2963,Mumbai,Irrigation,189.1,52.6,103,50.2,3,2,98.3,31.7,89,0.126,171.7,0,7,,
2964,Pune Highway Project #2964,Pune,Highway,229.5,97.4,37,91.9,3,9,33.2,74.1,790,0.308,92.2,0,5,,
2965,Pune Metro Project #2965,Pune,Metro,866.5,43.5,66,54.2,1,5,10.8,76.5,400,0.38,100.4,0,14,,
2966,Nagpur Highway Project #2966,Nagpur,Highway,293.4,43.4,92,56.1,9,7,68.1,75.7,24,0.799,117.9,0,5,,
2967,Nagpur Highway Project #2967,Nagpur,Highway,411.2,27.6,7,47.5,1,1,68.4,15.9,608,0.389,113.4,0,14,,
2968,Aurangabad Railway Project #2968,Aurangabad,Railway,877.7,20.3,28,81.0,11,14,94.6,80.8,232,0.049,112.6,0,9,,
2969,Pune Highway Project #2969,Pune,Highway,680.0,76.6,118,48.2,3,11,36.9,48.9,612,0.636,103.0,1,151,,
2970,Pune Highway Project #2970,Pune,Highway,374.6,79.3,9,34.2,4,2,27.1,52.8,275,0.671,89.1,1,123,,
2971,Nagpur Irrigation Project #2971,Nagpur,Irrigation,699.5,97.2,68,87.6,3,7,65.5,47.8,329,0.814,124.5,0,8,,
2972,Mumbai Railway Project #2972,Mumbai,Railway,68.7,79.6,74,63.7,2,15,60.7,87.1,115,0.399,152.6,0,12,,
2973,Mumbai Irrigation Project #2973,Mumbai,Irrigation,748.9,31.9,67,63.2,10,14,74.6,71.2,262,0.086,149.0,0,14,,
2974,Nashik Irrigation Project #2974,Nashik,Irrigation,512.7,13.6,48,65.0,1,3,89.7,55.0,208,0.553,69.5,0,14,,
2975,Nagpur Metro Project #2975,Nagpur,Metro,822.5,98.7,57,74.7,3,3,60.4,85.1,65,0.121,110.0,0,9,,
2976,Nashik Metro Project #2976,Nashik,Metro,956.9,40.6,34,38.2,10,1,23.5,82.5,416,0.017,69.9,1,46,,
2977,Nagpur Railway Project #2977,Nagpur,Railway,929.5,38.1,49,13.0,4,14,63.8,10.5,447,0.779,126.5,1,122,,
2978,Aurangabad Railway Project #2978,Aurangabad,Railway,913.8,91.5,39,83.0,0,10,43.7,53.1,760,0.403,113.0,0,13,,
2979,Pune Metro Project #2979,Pune,Metro,536.6,62.7,119,21.6,12,9,50.7,13.8,466,0.525,91.8,1,107,,
2980,Aurangabad Metro Project #2980,Aurangabad,Metro,392.1,29.3,11,75.0,0,11,96.4,37.6,486,0.663,117.3,0,8,,
2981,Nagpur Metro Project #2981,Nagpur,Metro,491.8,90.0,84,17.4,5,12,59.9,82.3,356,0.401,121.9,1,25,,
2982,Pune Metro Project #2982,Pune,Metro,705.4,99.4,15,43.8,4,0,23.5,95.0,495,0.051,90.1,1,42,,
2983,Mumbai Metro Project #2983,Mumbai,Metro,889.8,17.8,77,15.7,10,6,49.9,31.8,372,0.253,157.4,1,102,,
2984,Mumbai Irrigation Project #2984,Mumbai,Irrigation,246.6,87.6,84,57.0,3,13,30.6,11.9,739,0.194,151.4,0,10,,
2985,Nashik Railway Project #2985,Nashik,Railway,922.3,45.1,47,68.8,0,3,22.2,46.2,221,0.977,67.6,0,8,,
2986,Nagpur Irrigation Project #2986,Nagpur,Irrigation,824.4,57.2,90,25.4,11,5,74.1,40.2,710,0.74,124.7,1,54,,
2987,Nagpur Irrigation Project #2987,Nagpur,Irrigation,979.9,92.3,99,43.4,6,7,66.6,70.9,623,0.452,119.6,1,130,,
2988,Mumbai Highway Project #2988,Mumbai,Highway,886.2,97.6,0,93.7,3,10,54.8,54.6,446,0.063,147.2,0,8,,
2989,Aurangabad Irrigation Project #2989,Aurangabad,Irrigation,315.9,33.6,64,49.8,2,6,48.1,45.9,152,0.116,111.6,0,4,,
2990,Pune Metro Project #2990,Pune,Metro,150.7,29.2,21,82.2,6,12,39.0,30.7,294,0.813,91.7,0,5,,
2991,Aurangabad Metro Project #2991,Aurangabad,Metro,156.6,17.2,14,93.4,1,13,17.9,84.6,79,0.945,99.0,0,5,,
2992,Aurangabad Highway Project #2992,Aurangabad,Highway,326.7,60.6,115,97.7,9,6,36.9,32.4,586,0.031,113.3,0,4,,
2993,Mumbai Highway Project #2993,Mumbai,Highway,633.5,11.2,83,90.8,0,5,85.5,14.9,719,0.91,168.5,0,9,,
2994,Mumbai Highway Project #2994,Mumbai,Highway,814.1,47.1,66,38.6,10,10,80.5,60.8,537,0.381,140.2,1,93,,
2995,Mumbai Highway Project #2995,Mumbai,Highway,904.3,16.6,13,96.6,3,3,97.5,38.6,319,0.214,145.0,0,4,,
2996,Nashik Highway Project #2996,Nashik,Highway,642.6,46.5,72,83.1,12,3,69.0,74.1,272,0.102,97.8,0,2,,
2997,Aurangabad Irrigation Project #2997,Aurangabad,Irrigation,55.3,13.6,18,85.3,7,8,59.8,17.3,69,0.772,101.8,0,5,,
2998,Nagpur Highway Project #2998,Nagpur,Highway,227.0,85.2,39,11.4,12,10,36.6,97.0,531,0.469,132.9,1,144,,
2999,Pune Irrigation Project #2999,Pune,Irrigation,144.7,28.9,97,95.9,5,4,16.9,26.8,318,0.832,87.7,1,108,,
3000,Nashik Railway Project #3000,Nashik,Railway,395.2,39.5,3,80.0,8,8,65.6,42.1,529,0.226,70.6,0,10,,
3001,Nagpur Highway Project #3001,Nagpur,Highway,526.3,88.3,32,79.1,0,14,53.9,53.3,391,0.679,118.7,0,3,,
3002,Aurangabad Highway Project #3002,Aurangabad,Highway,91.2,77.2,42,17.3,0,10,78.3,90.1,350,0.118,114.3,0,9,,
3003,Mumbai Irrigation Project #3003,Mumbai,Irrigation,381.1,29.7,36,30.9,10,11,47.1,75.0,611,0.09,134.2,1,39,,
3004,Aurangabad Railway Project #3004,Aurangabad,Railway,220.2,16.5,65,96.6,4,8,98.7,23.0,558,0.133,111.9,0,9,,
3005,Pune Irrigation Project #3005,Pune,Irrigation,664.7,74.4,26,55.1,5,3,45.8,49.5,93,0.809,86.0,0,0,,
3006,Nashik Irrigation Project #3006,Nashik,Irrigation,491.1,45.2,44,45.8,7,1,40.0,58.9,243,0.656,51.4,1,83,,
3007,Nashik Highway Project #3007,Nashik,Highway,520.6,78.9,80,85.6,2,1,88.4,73.2,771,0.166,81.2,0,1,,
3008,Pune Metro Project #3008,Pune,Metro,456.3,50.1,112,17.9,5,8,45.6,61.5,249,0.385,68.9,1,20,,
3009,Nagpur Metro Project #3009,Nagpur,Metro,958.2,41.1,49,47.5,2,8,88.4,51.2,113,0.764,141.5,0,2,,
3010,Nagpur Irrigation Project #3010,Nagpur,Irrigation,254.0,50.6,116,43.8,7,2,12.5,78.9,732,0.286,126.2,1,32,,
3011,Nashik Highway Project #3011,Nashik,Highway,540.8,77.4,94,41.5,11,14,72.3,44.0,234,0.921,56.4,1,130,,
3012,Nashik Railway Project #3012,Nashik,Railway,749.2,91.2,62,37.7,10,4,16.5,98.8,288,0.915,83.4,1,116,,
3013,Mumbai Metro Project #3013,Mumbai,Metro,579.0,14.5,104,28.9,10,4,23.3,95.3,402,0.553,142.5,1,50,,
3014,Nagpur Railway Project #3014,Nagpur,Railway,932.6,57.2,5,25.6,3,1,73.0,73.7,687,0.632,113.0,1,90,,
3015,Pune Metro Project #3015,Pune,Metro,409.1,13.0,115,67.6,1,15,36.1,89.4,438,0.653,72.0,1,102,,
3016,Nagpur Highway Project #3016,Nagpur,Highway,490.5,52.2,94,92.7,11,1,28.9,45.4,411,0.258,111.4,0,8,,
3017,Mumbai Irrigation Project #3017,Mumbai,Irrigation,134.1,89.7,66,55.8,8,9,82.1,62.3,55,0.365,142.5,0,4,,
3018,Nashik Railway Project #3018,Nashik,Railway,628.5,42.5,103,36.8,9,11,95.2,34.5,523,0.136,78.2,1,53,,
3019,Nashik Railway Project #3019,Nashik,Railway,323.8,93.9,66,24.3,12,12,30.9,89.7,185,0.925,81.7,1,144,,
3020,Mumbai Irrigation Project #3020,Mumbai,Irrigation,202.3,66.8,96,84.7,7,0,38.5,52.4,794,0.724,137.6,0,9,,
3021,Pune Railway Project #3021,Pune,Railway,567.3,94.1,115,97.4,5,1,74.3,58.3,639,0.046,92.7,0,11,,
3022,Nashik Metro Project #3022,Nashik,Metro,555.7,78.1,58,41.4,2,13,83.4,87.8,793,0.549,51.6,0,9,,
3023,Aurangabad Irrigation Project #3023,Aurangabad,Irrigation,122.1,19.3,12,36.2,1,15,99.9,81.8,375,0.343,112.7,0,9,,
3024,Nashik Metro Project #3024,Nashik,Metro,713.3,30.8,20,64.1,12,10,34.6,39.0,182,0.815,91.6,0,14,,
3025,Aurangabad Metro Project #3025,Aurangabad,Metro,642.6,45.5,63,79.8,3,6,60.1,17.9,313,0.344,92.2,0,9,,
3026,Mumbai Highway Project #3026,Mumbai,Highway,229.6,25.3,36,51.0,3,0,22.1,24.6,161,0.644,139.9,0,11,,
3027,Mumbai Metro Project #3027,Mumbai,Metro,496.0,54.5,79,66.7,0,14,39.8,40.5,360,0.166,157.3,0,8,,
3028,Nashik Highway Project #3028,Nashik,Highway,734.3,52.4,84,74.5,8,0,14.0,37.5,714,0.559,78.5,0,13,,
3029,Nagpur Railway Project #3029,Nagpur,Railway,553.0,96.1,119,96.5,9,8,29.0,13.4,101,0.294,110.6,0,2,,
3030,Aurangabad Railway Project #3030,Aurangabad,Railway,425.7,49.0,47,24.9,7,12,55.6,48.9,170,0.165,124.7,1,150,,
3031,Pune Highway Project #3031,Pune,Highway,356.2,80.7,55,99.8,6,15,24.7,19.5,115,0.619,81.8,1,57,,
3032,Nashik Metro Project #3032,Nashik,Metro,629.9,94.8,43,45.3,5,1,90.0,29.9,750,0.639,86.7,1,77,,
3033,Pune Irrigation Project #3033,Pune,Irrigation,942.2,88.9,12,75.1,2,10,73.9,80.9,112,0.983,94.7,0,0,,
3034,Nashik Irrigation Project #3034,Nashik,Irrigation,688.2,28.8,3,61.5,3,15,12.5,54.5,141,0.669,82.7,0,0,,
3035,Nagpur Highway Project #3035,Nagpur,Highway,121.0,54.6,94,53.8,1,14,88.9,43.6,778,0.516,123.7,0,12,,
3036,Nagpur Railway Project #3036,Nagpur,Railway,487.7,41.3,72,72.8,6,3,98.0,26.7,298,0.913,126.6,0,14,,
3037,Nagpur Railway Project #3037,Nagpur,Railway,896.3,46.0,111,45.6,1,10,55.2,88.0,467,0.828,127.1,0,10,,
3038,Nagpur Irrigation Project #3038,Nagpur,Irrigation,139.7,42.5,32,21.3,9,2,38.3,91.3,110,0.549,131.4,1,98,,
3039,Mumbai Highway Project #3039,Mumbai,Highway,989.4,84.4,36,54.0,0,13,33.7,56.7,30,0.511,149.7,0,4,,
3040,Mumbai Irrigation Project #3040,Mumbai,Irrigation,951.6,50.7,52,57.0,5,10,17.9,92.9,258,0.942,141.0,1,101,,
3041,Aurangabad Metro Project #3041,Aurangabad,Metro,124.4,57.1,100,28.2,3,3,54.2,51.8,201,0.617,109.2,1,146,,
3042,Pune Metro Project #3042,Pune,Metro,936.7,98.4,23,94.2,7,10,14.5,19.7,594,0.714,83.3,1,76,,
3043,Nashik Highway Project #3043,Nashik,Highway,395.0,15.4,88,30.5,0,13,55.3,11.5,322,0.087,64.0,0,5,,
3044,Nashik Highway Project #3044,Nashik,Highway,852.5,53.9,50,46.8,8,10,32.7,21.6,177,0.718,86.5,1,152,,
3045,Mumbai Metro Project #3045,Mumbai,Metro,447.5,79.7,40,23.9,5,15,52.9,66.0,583,0.265,156.2,1,147,,
3046,Nashik Railway Project #3046,Nashik,Railway,468.8,23.6,28,58.2,1,6,47.7,38.9,180,0.116,75.8,0,11,,
3047,Mumbai Highway Project #3047,Mumbai,Highway,652.5,65.0,58,37.7,7,9,37.5,68.3,642,0.85,160.7,1,160,,
3048,Aurangabad Metro Project #3048,Aurangabad,Metro,785.8,31.6,39,54.0,4,13,50.4,55.7,225,0.691,116.2,0,12,,
3049,Pune Metro Project #3049,Pune,Metro,82.1,88.1,50,30.2,4,1,52.7,40.0,518,0.408,108.7,1,77,,
3050,Aurangabad Railway Project #3050,Aurangabad,Railway,613.5,39.4,49,14.8,4,1,85.0,29.7,183,0.431,89.1,1,103,,
3051,Nagpur Railway Project #3051,Nagpur,Railway,227.4,39.6,110,80.1,6,8,69.9,17.3,545,0.197,110.0,0,11,,
3052,Nagpur Railway Project #3052,Nagpur,Railway,378.7,63.8,35,67.7,6,5,49.0,80.4,417,0.01,113.0,0,4,,
3053,Nagpur Railway Project #3053,Nagpur,Railway,380.6,26.5,78,40.7,9,10,91.5,83.7,510,0.349,106.2,1,35,,
3054,Aurangabad Irrigation Project #3054,Aurangabad,Irrigation,495.6,35.6,108,14.3,10,14,78.0,58.7,147,0.148,111.1,1,114,,
3055,Nashik Railway Project #3055,Nashik,Railway,367.4,47.5,59,87.9,6,14,16.8,24.1,108,0.422,71.6,1,33,,
3056,Pune Irrigation Project #3056,Pune,Irrigation,152.0,41.8,17,25.3,11,6,23.8,33.7,66,0.834,109.8,1,165,,
3057,Nagpur Highway Project #3057,Nagpur,Highway,188.3,57.2,19,93.8,9,4,17.4,96.0,256,0.115,129.0,0,2,,
3058,Nagpur Metro Project #3058,Nagpur,Metro,81.8,64.0,4,53.1,1,12,38.7,30.3,693,0.092,114.9,0,14,,
3059,Nagpur Irrigation Project #3059,Nagpur,Irrigation,496.7,61.0,17,40.6,7,4,49.2,15.1,722,0.902,124.9,1,146,,
3060,Pune Highway Project #3060,Pune,Highway,956.7,68.9,39,76.8,0,14,55.4,59.5,116,0.745,71.7,0,3,,
3061,Nagpur Highway Project #3061,Nagpur,Highway,159.9,37.7,0,88.9,12,3,86.6,33.6,57,0.053,121.4,0,11,,
3062,Pune Irrigation Project #3062,Pune,Irrigation,949.0,21.4,18,43.4,1,7,11.6,96.2,295,0.08,90.9,0,13,,
3063,Nagpur Highway Project #3063,Nagpur,Highway,746.7,78.5,86,46.7,10,6,48.5,61.7,55,0.685,111.0,1,141,,
3064,Aurangabad Highway Project #3064,Aurangabad,Highway,655.6,86.6,25,49.0,6,9,47.0,96.9,405,0.37,108.0,1,115,,
3065,Aurangabad Irrigation Project #3065,Aurangabad,Irrigation,663.0,33.1,112,93.0,3,1,95.3,80.7,129,0.724,103.1,0,2,,
3066,Pune Highway Project #3066,Pune,Highway,835.4,46.6,28,72.3,10,14,31.7,75.1,69,0.404,80.7,0,1,,
3067,Aurangabad Railway Project #3067,Aurangabad,Railway,151.6,54.9,58,32.3,9,1,21.0,84.7,156,0.968,116.7,1,55,,
3068,Pune Railway Project #3068,Pune,Railway,529.5,58.0,62,26.6,9,5,22.8,64.4,625,0.694,100.3,1,91,,
3069,Aurangabad Metro Project #3069,Aurangabad,Metro,712.2,69.4,97,30.7,8,11,56.8,11.0,589,0.047,115.1,1,119,,
3070,Aurangabad Highway Project #3070,Aurangabad,Highway,607.5,13.7,82,33.7,10,10,45.2,45.3,506,0.331,105.6,1,63,,
3071,Pune Metro Project #3071,Pune,Metro,841.1,74.9,61,30.7,8,0,77.9,29.7,683,0.564,83.4,1,85,,
3072,Nashik Railway Project #3072,Nashik,Railway,118.7,15.6,47,69.3,2,15,39.1,49.1,736,0.142,65.9,0,14,,
3073,Aurangabad Railway Project #3073,Aurangabad,Railway,706.2,52.1,61,20.4,12,6,21.5,52.3,127,0.003,107.8,1,78,,
3074,Nagpur Railway Project #3074,Nagpur,Railway,557.3,84.5,17,44.9,12,14,44.8,21.5,246,0.079,111.3,1,169,,
3075,Nashik Highway Project #3075,Nashik,Highway,410.2,50.6,65,66.3,2,7,89.5,12.1,227,0.524,80.5,0,9,,
3076,Pune Highway Project #3076,Pune,Highway,373.3,23.4,26,36.2,8,13,46.5,22.4,133,0.632,88.0,1,116,,
3077,Nashik Railway Project #3077,Nashik,Railway,639.8,98.7,5,15.9,12,9,85.0,87.2,638,0.093,77.6,0,13,,
3078,Mumbai Metro Project #3078,Mumbai,Metro,896.4,90.0,102,17.4,9,7,43.4,78.0,272,0.665,136.0,1,169,,
3079,Mumbai Metro Project #3079,Mumbai,Metro,521.4,79.4,69,21.3,11,2,35.3,81.9,179,0.617,143.1,1,21,,
3080,Aurangabad Irrigation Project #3080,Aurangabad,Irrigation,833.5,47.0,58,85.2,7,12,79.7,34.9,717,0.94,118.6,0,6,,
3081,Aurangabad Railway Project #3081,Aurangabad,Railway,432.0,26.5,5,69.2,0,6,28.8,31.2,401,0.841,118.7,0,14,,
3082,Nagpur Metro Project #3082,Nagpur,Metro,147.3,94.7,30,15.8,5,0,30.9,13.4,159,0.943,108.0,1,141,,
3083,Nashik Railway Project #3083,Nashik,Railway,108.4,57.9,104,45.2,6,12,14.5,52.5,255,0.966,73.0,1,144,,
3084,Mumbai Metro Project #3084,Mumbai,Metro,98.8,86.7,103,35.1,10,14,26.9,44.4,510,0.441,153.3,1,178,,
3085,Aurangabad Irrigation Project #3085,Aurangabad,Irrigation,411.1,40.8,93,62.0,7,10,44.1,85.2,200,0.488,102.9,1,72,,
3086,Nashik Irrigation Project #3086,Nashik,Irrigation,370.4,40.2,55,57.1,11,2,46.0,71.4,183,0.282,73.6,0,6,,
3087,Aurangabad Railway Project #3087,Aurangabad,Railway,732.0,98.7,53,53.3,11,12,47.9,23.0,602,0.508,94.2,0,14,,
3088,Aurangabad Metro Project #3088,Aurangabad,Metro,755.7,57.0,84,38.3,1,5,53.2,98.8,181,0.151,100.7,0,14,,
3089,Mumbai Highway Project #3089,Mumbai,Highway,98.3,22.7,40,22.4,0,8,61.5,79.4,685,0.671,156.0,0,0,,
3090,Mumbai Irrigation Project #3090,Mumbai,Irrigation,260.1,29.8,107,76.8,3,4,27.0,74.8,632,0.025,150.3,0,8,,
3091,Aurangabad Railway Project #3091,Aurangabad,Railway,310.5,53.4,17,89.2,0,12,65.3,29.5,728,0.236,110.8,0,7,,
3092,Pune Railway Project #3092,Pune,Railway,570.2,13.8,86,95.0,1,15,40.3,91.5,347,0.208,88.2,0,10,,
3093,Aurangabad Metro Project #3093,Aurangabad,Metro,187.3,51.6,101,15.3,2,13,76.1,52.7,420,0.938,115.4,0,12,,
3094,Aurangabad Railway Project #3094,Aurangabad,Railway,177.2,47.7,22,76.6,3,4,60.1,36.8,79,0.145,115.9,0,3,,
3095,Nagpur Irrigation Project #3095,Nagpur,Irrigation,946.6,80.1,91,75.4,11,8,59.9,68.9,107,0.891,127.9,0,0,,
3096,Nagpur Railway Project #3096,Nagpur,Railway,814.0,41.9,35,95.2,11,11,71.7,29.1,526,0.124,121.3,0,11,,
3097,Nagpur Railway Project #3097,Nagpur,Railway,221.6,98.4,24,32.8,5,8,40.0,91.7,194,0.651,116.1,1,51,,
3098,Pune Highway Project #3098,Pune,Highway,436.2,26.3,6,76.8,7,5,48.6,86.9,725,0.32,84.4,0,0,,
3099,Pune Highway Project #3099,Pune,Highway,387.8,63.2,81,14.9,8,4,62.5,51.8,422,0.316,79.4,1,169,,
3100,Aurangabad Irrigation Project #3100,Aurangabad,Irrigation,801.5,18.1,19,66.8,3,9,47.9,27.2,387,0.998,106.0,0,7,,
3101,Nagpur Metro Project #3101,Nagpur,Metro,534.7,76.0,4,41.6,0,1,50.0,54.7,21,0.226,113.9,0,10,,
3102,Pune Highway Project #3102,Pune,Highway,171.5,99.5,17,79.2,4,10,34.5,23.4,418,0.203,106.0,0,4,,
3103,Mumbai Metro Project #3103,Mumbai,Metro,752.0,83.7,105,87.7,4,7,35.9,34.3,760,0.589,139.5,1,142,,
3104,Aurangabad Irrigation Project #3104,Aurangabad,Irrigation,427.0,60.0,103,42.8,8,11,72.9,53.4,427,0.741,120.4,1,109,,
3105,Nashik Highway Project #3105,Nashik,Highway,299.8,53.6,32,57.3,5,7,10.4,11.9,340,0.983,67.3,1,133,,
3106,Aurangabad Metro Project #3106,Aurangabad,Metro,406.7,85.2,78,20.6,4,14,18.6,78.9,289,0.701,107.9,1,23,,
3107,Nashik Highway Project #3107,Nashik,Highway,522.9,94.2,34,47.5,9,6,95.4,27.7,124,0.562,74.0,1,132,,
3108,Nagpur Irrigation Project #3108,Nagpur,Irrigation,376.0,99.0,110,42.5,9,13,26.8,88.0,219,0.409,105.8,1,43,,
3109,Nashik Irrigation Project #3109,Nashik,Irrigation,279.8,45.7,109,26.5,4,7,47.6,12.0,456,0.595,62.0,1,131,,
3110,Nagpur Highway Project #3110,Nagpur,Highway,428.6,99.2,64,90.5,7,2,86.5,57.9,403,0.601,107.6,0,13,,
3111,Mumbai Metro Project #3111,Mumbai,Metro,68.2,24.0,62,23.3,10,14,10.0,79.9,654,0.218,146.2,1,167,,
3112,Nashik Railway Project #3112,Nashik,Railway,783.9,32.8,84,67.2,0,2,93.3,31.4,744,0.671,60.9,0,5,,
3113,Aurangabad Railway Project #3113,Aurangabad,Railway,212.4,18.0,71,90.1,4,1,14.8,73.7,190,0.204,123.2,0,14,,
3114,Nagpur Highway Project #3114,Nagpur,Highway,91.7,34.5,70,92.1,0,0,25.4,74.9,474,0.49,114.2,0,5,,
3115,Aurangabad Metro Project #3115,Aurangabad,Metro,671.0,79.1,40,81.4,6,2,12.6,67.4,37,0.26,86.2,0,12,,
3116,Pune Railway Project #3116,Pune,Railway,785.2,86.8,49,25.9,6,2,56.8,42.8,202,0.313,86.7,1,145,,
3117,Nagpur Irrigation Project #3117,Nagpur,Irrigation,823.1,80.1,107,83.6,12,6,94.9,80.7,265,0.614,128.1,0,0,,
3118,Nashik Metro Project #3118,Nashik,Metro,518.8,66.8,103,34.9,9,15,85.5,66.6,632,0.064,86.3,1,160,,
3119,Nagpur Railway Project #3119,Nagpur,Railway,245.1,56.3,103,93.0,7,11,67.6,63.1,433,0.012,117.7,0,11,,
3120,Aurangabad Metro Project #3120,Aurangabad,Metro,750.4,73.8,29,73.8,6,14,26.7,83.7,715,0.131,104.8,0,13,,
3121,Mumbai Highway Project #3121,Mumbai,Highway,714.7,45.2,37,80.7,10,9,88.3,32.0,645,0.169,149.9,0,14,,
3122,Nagpur Metro Project #3122,Nagpur,Metro,284.0,85.7,34,17.7,8,8,77.9,30.9,100,0.198,124.2,1,17,,
3123,Nashik Railway Project #3123,Nashik,Railway,908.2,70.9,65,62.4,7,11,34.0,44.8,657,0.774,58.7,0,1,,
3124,Pune Highway Project #3124,Pune,Highway,149.2,72.8,45,83.9,7,0,82.5,16.6,750,0.447,87.6,0,6,,
3125,Mumbai Metro Project #3125,Mumbai,Metro,983.6,58.2,7,87.5,2,14,88.9,40.4,154,0.47,149.5,0,5,,
3126,Pune Irrigation Project #3126,Pune,Irrigation,867.2,89.7,101,12.6,9,7,72.8,46.6,461,0.644,90.5,1,34,,
3127,Nagpur Railway Project #3127,Nagpur,Railway,703.5,32.7,67,94.5,3,0,19.0,54.6,437,0.729,118.6,0,7,,
3128,Aurangabad Highway Project #3128,Aurangabad,Highway,941.8,44.3,36,13.9,3,2,98.6,32.9,251,0.004,100.6,1,36,,
3129,Aurangabad Metro Project #3129,Aurangabad,Metro,736.2,80.0,84,65.3,0,3,16.8,91.6,495,0.857,113.4,0,10,,
3130,Nashik Irrigation Project #3130,Nashik,Irrigation,230.9,54.3,12,72.4,5,10,68.9,35.7,40,0.988,69.6,0,14,,
3131,Aurangabad Railway Project #3131,Aurangabad,Railway,470.0,90.0,72,19.7,1,7,19.9,86.6,782,0.122,109.5,0,11,,
3132,Mumbai Irrigation Project #3132,Mumbai,Irrigation,117.9,41.2,44,14.3,8,12,91.5,50.0,69,0.651,139.2,1,114,,
3133,Aurangabad Metro Project #3133,Aurangabad,Metro,420.2,43.2,28,80.6,0,0,41.5,74.6,610,0.002,116.4,0,13,,
3134,Nashik Metro Project #3134,Nashik,Metro,754.5,90.0,40,44.6,0,11,56.0,20.0,485,0.049,60.5,0,9,,
3135,Nagpur Highway Project #3135,Nagpur,Highway,417.1,51.8,55,19.6,10,1,26.1,59.0,110,0.285,136.2,1,154,,
3136,Nagpur Irrigation Project #3136,Nagpur,Irrigation,363.8,56.5,87,78.6,12,10,59.2,96.5,800,0.846,108.2,0,13,,
3137,Aurangabad Highway Project #3137,Aurangabad,Highway,615.6,39.9,15,86.4,9,4,94.5,70.0,642,0.653,117.6,0,10,,
3138,Pune Railway Project #3138,Pune,Railway,878.6,34.9,11,62.9,10,5,91.1,83.8,764,0.446,70.9,0,11,,
3139,Nagpur Highway Project #3139,Nagpur,Highway,95.2,69.0,65,24.5,5,15,15.8,33.5,598,0.439,97.4,1,173,,
3140,Aurangabad Railway Project #3140,Aurangabad,Railway,416.2,20.8,61,11.4,12,4,44.0,82.0,282,0.466,104.5,1,19,,
3141,Nashik Metro Project #3141,Nashik,Metro,200.3,89.1,18,73.1,0,12,34.1,41.6,487,0.311,47.4,0,0,,
3142,Aurangabad Metro Project #3142,Aurangabad,Metro,710.6,80.1,29,59.5,11,2,53.3,53.7,67,0.878,117.3,0,9,,
3143,Nagpur Irrigation Project #3143,Nagpur,Irrigation,150.4,27.2,15,68.6,2,9,85.0,26.9,768,0.568,119.8,0,1,,
3144,Nashik Railway Project #3144,Nashik,Railway,681.6,72.5,87,83.2,9,6,76.5,53.7,514,0.484,84.0,0,14,,
3145,Aurangabad Metro Project #3145,Aurangabad,Metro,321.9,64.2,12,49.1,1,11,41.0,56.4,396,0.465,108.3,0,6,,
3146,Mumbai Irrigation Project #3146,Mumbai,Irrigation,239.0,26.6,68,21.2,12,0,44.4,66.0,470,0.936,152.4,1,177,,
3147,Nashik Irrigation Project #3147,Nashik,Irrigation,939.5,34.6,22,94.6,10,1,68.9,88.2,617,0.724,67.3,0,10,,
3148,Mumbai Highway Project #3148,Mumbai,Highway,67.6,46.8,61,59.1,8,10,27.5,37.4,54,0.145,141.3,0,4,,
3149,Pune Irrigation Project #3149,Pune,Irrigation,465.9,72.9,119,65.4,4,13,19.2,98.6,300,0.437,85.9,0,10,,
3150,Nashik Metro Project #3150,Nashik,Metro,70.5,67.5,101,94.0,5,11,31.8,86.3,267,0.288,58.0,0,2,,
3151,Mumbai Highway Project #3151,Mumbai,Highway,509.4,57.9,30,93.8,1,8,21.2,46.3,780,0.987,153.9,0,6,,
3152,Nagpur Railway Project #3152,Nagpur,Railway,526.0,79.2,52,61.5,7,13,41.7,30.4,255,0.415,116.9,0,11,,
3153,Nagpur Railway Project #3153,Nagpur,Railway,355.6,78.2,119,36.8,5,3,94.4,16.4,249,0.068,119.0,1,157,,
3154,Pune Metro Project #3154,Pune,Metro,175.6,65.6,16,99.7,10,7,20.8,31.1,422,0.411,118.2,0,7,,
3155,Nashik Metro Project #3155,Nashik,Metro,407.6,80.8,48,71.3,11,8,83.6,89.6,137,0.321,66.0,0,9,,
3156,Nashik Highway Project #3156,Nashik,Highway,688.6,40.1,48,46.8,7,6,58.1,36.3,723,0.6,73.1,1,121,,
3157,Nashik Highway Project #3157,Nashik,Highway,793.3,89.3,66,60.4,7,0,67.0,22.4,285,0.226,69.5,0,3,,
3158,Pune Metro Project #3158,Pune,Metro,554.2,65.3,25,47.4,0,4,25.3,12.0,427,0.036,101.6,0,11,,
3159,Nashik Metro Project #3159,Nashik,Metro,610.3,84.0,12,89.9,6,5,23.6,36.8,216,0.096,72.4,0,1,,
3160,Nagpur Railway Project #3160,Nagpur,Railway,240.6,59.2,107,53.4,1,13,24.6,29.5,561,0.283,117.3,0,6,,
3161,Mumbai Railway Project #3161,Mumbai,Railway,323.0,29.7,37,84.1,10,10,70.0,19.2,374,0.348,172.9,0,13,,
3162,Nagpur Railway Project #3162,Nagpur,Railway,203.8,58.8,21,85.6,7,7,77.3,95.6,355,0.834,111.4,0,0,,
3163,Nagpur Metro Project #3163,Nagpur,Metro,286.8,43.4,84,84.2,11,9,92.8,34.1,577,0.27,118.1,0,12,,
3164,Mumbai Irrigation Project #3164,Mumbai,Irrigation,263.6,72.8,28,75.0,1,14,45.8,10.6,169,0.031,159.2,0,11,,
3165,Nagpur Metro Project #3165,Nagpur,Metro,543.5,52.8,44,86.9,3,12,51.6,95.0,105,0.781,111.8,0,8,,
3166,Pune Metro Project #3166,Pune,Metro,584.6,85.3,45,44.9,1,7,52.3,62.1,434,0.869,97.7,0,4,,
3167,Mumbai Railway Project #3167,Mumbai,Railway,947.7,71.0,38,20.3,12,12,34.3,17.5,125,0.492,145.2,1,167,,
3168,Nagpur Metro Project #3168,Nagpur,Metro,235.8,71.6,68,85.8,6,11,39.5,12.8,221,0.285,130.0,0,3,,
3169,Aurangabad Highway Project #3169,Aurangabad,Highway,659.6,29.5,77,54.8,4,13,86.2,19.7,608,0.772,119.8,1,123,,
3170,Nagpur Metro Project #3170,Nagpur,Metro,826.4,98.6,81,21.5,12,8,40.9,63.2,316,0.009,119.1,1,101,,
3171,Pune Metro Project #3171,Pune,Metro,582.2,85.8,67,20.4,10,8,88.2,15.6,277,0.924,80.0,1,26,,
3172,Nashik Metro Project #3172,Nashik,Metro,292.3,81.0,96,24.3,12,15,37.5,61.1,53,0.866,66.1,1,23,,
3173,Nagpur Metro Project #3173,Nagpur,Metro,299.4,39.7,38,77.6,10,14,40.6,68.7,604,0.545,119.9,0,11,,
3174,Nashik Irrigation Project #3174,Nashik,Irrigation,87.3,58.2,19,74.0,8,3,60.4,23.3,467,0.278,78.9,0,8,,
3175,Aurangabad Metro Project #3175,Aurangabad,Metro,340.2,22.3,76,28.3,4,5,19.3,54.0,732,0.033,113.2,1,31,,
3176,Nagpur Highway Project #3176,Nagpur,Highway,757.4,58.5,99,86.2,10,2,93.0,96.7,481,1.0,125.4,0,3,,
3177,Mumbai Highway Project #3177,Mumbai,Highway,95.1,23.1,108,35.3,7,0,83.8,85.3,18,0.762,153.5,1,127,,
3178,Nashik Metro Project #3178,Nashik,Metro,258.3,59.8,67,81.4,1,12,70.3,75.1,678,0.339,78.5,0,12,,
3179,Aurangabad Railway Project #3179,Aurangabad,Railway,720.9,68.4,34,54.0,2,12,98.9,56.6,198,0.019,108.0,0,7,,
3180,Mumbai Irrigation Project #3180,Mumbai,Irrigation,793.5,45.1,7,75.8,5,5,11.4,45.5,390,0.639,151.6,0,1,,
3181,Mumbai Metro Project #3181,Mumbai,Metro,482.6,54.9,51,44.3,10,0,47.0,50.6,652,0.987,150.3,1,18,,
3182,Mumbai Metro Project #3182,Mumbai,Metro,713.2,88.8,39,41.2,6,8,87.3,78.8,736,0.707,145.6,1,145,,
3183,Mumbai Metro Project #3183,Mumbai,Metro,418.6,19.8,120,85.7,9,10,49.0,59.9,124,0.084,160.1,1,151,,
3184,Nagpur Railway Project #3184,Nagpur,Railway,201.9,81.3,112,13.2,7,5,10.5,78.8,511,0.402,129.9,1,25,,
3185,Nagpur Railway Project #3185,Nagpur,Railway,428.2,25.4,110,97.7,2,0,24.2,97.3,644,0.109,132.1,0,7,,
3186,Nagpur Railway Project #3186,Nagpur,Railway,601.0,13.3,35,68.3,6,10,49.1,67.6,397,0.912,112.4,0,13,,
3187,Aurangabad Irrigation Project #3187,Aurangabad,Irrigation,950.7,26.7,5,48.9,7,12,70.1,64.3,448,0.33,113.5,1,126,,
3188,Aurangabad Highway Project #3188,Aurangabad,Highway,115.3,78.9,119,66.5,9,2,24.6,46.6,328,0.733,120.9,0,4,,
3189,Aurangabad Irrigation Project #3189,Aurangabad,Irrigation,532.0,46.5,85,21.0,5,0,50.3,27.7,713,0.085,125.0,1,35,,
3190,Pune Railway Project #3190,Pune,Railway,362.5,88.5,69,56.3,3,1,11.2,43.7,453,0.128,74.9,0,11,,
3191,Aurangabad Highway Project #3191,Aurangabad,Highway,532.9,57.2,105,98.7,12,15,53.0,56.8,669,0.679,110.0,0,10,,
3192,Nagpur Highway Project #3192,Nagpur,Highway,72.8,12.0,99,31.2,5,5,90.6,13.1,37,0.843,118.1,1,98,,
3193,Nagpur Railway Project #3193,Nagpur,Railway,347.4,74.5,72,75.0,8,6,63.7,52.8,645,0.201,135.9,0,5,,
3194,Pune Railway Project #3194,Pune,Railway,828.9,19.9,15,49.1,2,0,49.7,87.6,407,0.418,67.9,0,0,,
3195,Pune Irrigation Project #3195,Pune,Irrigation,576.2,81.0,102,68.7,1,9,24.6,97.9,86,0.619,79.5,0,10,,
3196,Aurangabad Railway Project #3196,Aurangabad,Railway,478.1,25.1,45,28.4,4,4,28.2,87.0,596,0.796,124.3,1,150,,
3197,Nashik Highway Project #3197,Nashik,Highway,321.2,41.1,58,52.3,6,5,16.9,25.5,367,0.628,65.3,0,8,,
3198,Pune Metro Project #3198,Pune,Metro,333.1,78.5,37,98.2,2,14,76.8,24.0,195,0.095,77.0,0,14,,
3199,Mumbai Railway Project #3199,Mumbai,Railway,413.9,95.9,96,27.6,4,3,16.9,45.4,560,0.543,165.1,1,72,,
3200,Nagpur Railway Project #3200,Nagpur,Railway,843.8,43.4,17,67.3,3,5,44.6,30.3,243,0.885,105.7,0,4,,
3201,Mumbai Irrigation Project #3201,Mumbai,Irrigation,968.9,84.6,11,61.8,10,4,77.5,70.8,257,0.868,160.2,0,6,,
3202,Nagpur Irrigation Project #3202,Nagpur,Irrigation,466.7,27.2,53,60.9,6,12,74.2,17.6,408,0.585,104.4,0,8,,
3203,Nagpur Railway Project #3203,Nagpur,Railway,423.7,82.6,90,65.4,1,12,62.0,49.9,338,0.996,105.6,1,61,,
3204,Pune Highway Project #3204,Pune,Highway,854.2,69.2,46,55.2,11,10,61.4,35.2,652,0.105,92.0,0,4,,
3205,Pune Highway Project #3205,Pune,Highway,455.6,27.3,0,11.5,10,6,18.1,63.6,14,0.479,81.5,1,42,,
3206,Mumbai Metro Project #3206,Mumbai,Metro,574.4,37.2,14,91.0,12,15,25.7,81.7,357,0.775,152.7,0,0,,
3207,Nagpur Railway Project #3207,Nagpur,Railway,269.4,21.9,110,84.4,6,12,58.1,93.1,408,0.141,138.0,0,9,,
3208,Mumbai Irrigation Project #3208,Mumbai,Irrigation,756.3,44.5,90,25.7,11,3,41.3,96.7,268,0.973,148.4,1,38,,
3209,Nashik Highway Project #3209,Nashik,Highway,555.4,28.3,79,47.2,1,0,11.7,41.6,766,0.354,86.3,0,14,,
3210,Mumbai Metro Project #3210,Mumbai,Metro,818.6,68.0,20,79.3,2,1,81.8,87.0,428,0.35,153.2,0,11,,
3211,Aurangabad Railway Project #3211,Aurangabad,Railway,791.7,99.5,0,98.2,4,5,68.8,63.3,400,0.213,119.6,0,4,,
3212,Mumbai Highway Project #3212,Mumbai,Highway,254.3,11.1,92,95.6,6,13,39.3,72.3,599,0.288,126.5,0,13,,
3213,Aurangabad Railway Project #3213,Aurangabad,Railway,729.9,58.7,66,90.9,12,12,18.8,86.6,124,0.578,116.4,0,9,,
3214,Aurangabad Railway Project #3214,Aurangabad,Railway,810.1,61.6,11,24.3,5,9,63.2,21.7,13,0.429,114.8,1,18,,
3215,Aurangabad Highway Project #3215,Aurangabad,Highway,378.8,92.3,27,92.3,11,12,41.4,95.3,652,0.193,106.4,0,0,,
3216,Nashik Highway Project #3216,Nashik,Highway,214.0,55.5,38,89.1,6,15,33.0,59.3,748,0.809,89.0,1,141,,
3217,Mumbai Highway Project #3217,Mumbai,Highway,52.5,58.9,36,43.9,10,10,74.9,40.2,137,0.062,145.1,1,27,,
3218,Mumbai Railway Project #3218,Mumbai,Railway,478.4,52.4,94,45.5,5,1,39.5,40.5,18,0.835,133.9,1,169,,
3219,Nashik Railway Project #3219,Nashik,Railway,384.8,34.2,59,51.4,12,12,22.2,77.6,333,0.275,77.8,0,8,,
3220,Nagpur Metro Project #3220,Nagpur,Metro,577.2,15.0,30,69.1,11,4,53.3,71.1,127,0.496,105.8,0,0,,
3221,Pune Irrigation Project #3221,Pune,Irrigation,228.6,46.8,57,33.5,0,11,84.6,75.7,476,0.381,90.8,0,5,,
3222,Mumbai Railway Project #3222,Mumbai,Railway,866.7,14.7,96,12.1,4,3,86.5,32.8,709,0.571,163.4,1,136,,
3223,Pune Irrigation Project #3223,Pune,Irrigation,294.9,59.5,96,22.7,11,6,86.4,25.3,660,0.796,95.0,1,76,,
3224,Nashik Highway Project #3224,Nashik,Highway,265.1,37.7,110,49.6,0,3,47.9,75.0,472,0.989,67.5,0,10,,
3225,Nagpur Railway Project #3225,Nagpur,Railway,506.7,58.0,103,35.4,6,6,81.2,36.9,134,0.306,116.5,1,101,,
3226,Nagpur Metro Project #3226,Nagpur,Metro,523.9,22.1,10,78.8,3,10,86.5,30.0,232,0.554,132.7,0,1,,
3227,Nagpur Metro Project #3227,Nagpur,Metro,254.3,93.9,109,19.6,4,7,51.4,29.3,337,0.466,107.8,1,157,,
3228,Nashik Irrigation Project #3228,Nashik,Irrigation,308.3,90.5,28,92.6,0,6,38.7,23.4,268,0.999,77.8,0,4,,
3229,Aurangabad Highway Project #3229,Aurangabad,Highway,211.2,27.1,88,90.6,7,1,73.2,48.4,76,0.809,131.9,0,10,,
3230,Aurangabad Irrigation Project #3230,Aurangabad,Irrigation,732.5,40.9,118,91.8,3,10,91.4,33.5,606,0.397,115.4,0,2,,
3231,Pune Highway Project #3231,Pune,Highway,781.6,65.2,12,76.6,2,0,97.5,90.4,71,0.477,87.6,0,5,,
3232,Aurangabad Metro Project #3232,Aurangabad,Metro,489.2,18.6,50,19.6,0,4,36.1,72.0,535,0.246,108.4,0,8,,
3233,Aurangabad Irrigation Project #3233,Aurangabad,Irrigation,728.4,41.9,107,49.4,3,12,96.1,76.9,643,0.755,105.2,1,49,,
3234,Nagpur Metro Project #3234,Nagpur,Metro,749.1,32.6,53,21.8,2,15,54.9,46.3,288,0.845,113.5,0,10,,
3235,Nagpur Metro Project #3235,Nagpur,Metro,181.4,92.4,18,98.9,7,12,37.5,64.0,132,0.965,121.2,0,0,,
3236,Pune Highway Project #3236,Pune,Highway,967.9,86.7,57,40.0,8,11,99.0,55.1,598,0.566,96.8,1,69,,
3237,Mumbai Irrigation Project #3237,Mumbai,Irrigation,830.0,62.2,35,62.7,11,12,89.0,25.1,281,0.671,166.1,0,14,,
3238,Pune Irrigation Project #3238,Pune,Irrigation,244.3,56.8,27,80.1,4,6,72.3,14.3,511,0.446,70.4,0,3,,
3239,Pune Metro Project #3239,Pune,Metro,226.9,93.8,67,92.9,8,11,90.5,71.5,667,0.609,65.6,0,3,,
3240,Nashik Metro Project #3240,Nashik,Metro,169.4,93.9,2,78.0,0,0,71.3,20.9,278,0.349,86.3,0,11,,
3241,Nashik Highway Project #3241,Nashik,Highway,181.5,97.2,101,70.7,6,10,49.6,15.2,577,0.738,70.6,0,6,,
3242,Pune Railway Project #3242,Pune,Railway,760.8,21.3,100,51.9,10,7,95.3,49.8,227,0.023,91.1,0,1,,
3243,Pune Railway Project #3243,Pune,Railway,496.2,24.5,106,64.5,6,2,96.7,76.4,694,0.028,95.0,0,7,,
3244,Pune Metro Project #3244,Pune,Metro,793.8,70.9,88,18.5,5,6,38.3,79.2,561,0.716,88.1,1,161,,
3245,Aurangabad Railway Project #3245,Aurangabad,Railway,758.9,58.7,40,89.6,3,2,41.9,88.6,168,0.931,129.8,0,5,,
3246,Nashik Railway Project #3246,Nashik,Railway,624.4,11.7,34,58.9,12,3,44.4,27.9,369,0.632,74.9,0,3,,
3247,Pune Railway Project #3247,Pune,Railway,702.0,15.6,92,13.6,10,7,84.0,98.7,474,0.727,85.5,1,25,,
3248,Nagpur Railway Project #3248,Nagpur,Railway,67.4,89.9,104,92.8,8,13,81.2,78.7,553,0.824,116.4,0,2,,
3249,Nagpur Metro Project #3249,Nagpur,Metro,346.2,88.2,92,54.0,2,13,98.5,24.1,257,0.362,118.6,0,9,,
3250,Aurangabad Railway Project #3250,Aurangabad,Railway,655.9,42.2,75,88.2,10,1,51.9,85.7,650,0.108,102.2,0,11,,
3251,Aurangabad Railway Project #3251,Aurangabad,Railway,58.9,90.2,98,87.1,10,5,76.3,54.9,300,0.933,126.9,0,6,,
3252,Mumbai Highway Project #3252,Mumbai,Highway,81.3,63.4,83,83.4,0,15,87.1,16.0,45,0.939,151.2,0,8,,
3253,Mumbai Metro Project #3253,Mumbai,Metro,859.3,82.5,80,15.5,1,9,29.9,21.9,75,0.442,138.3,1,54,,
3254,Mumbai Irrigation Project #3254,Mumbai,Irrigation,699.8,48.5,116,32.2,2,8,65.8,49.1,436,0.217,154.1,0,1,,
3255,Aurangabad Irrigation Project #3255,Aurangabad,Irrigation,302.1,20.2,75,88.8,1,9,59.3,57.7,166,0.892,124.4,0,7,,
3256,Aurangabad Highway Project #3256,Aurangabad,Highway,703.6,49.0,120,90.9,5,8,76.9,95.3,564,0.708,120.6,0,1,,
3257,Aurangabad Highway Project #3257,Aurangabad,Highway,802.8,51.2,49,51.2,12,4,72.6,29.4,796,0.008,102.4,0,10,,
3258,Nagpur Metro Project #3258,Nagpur,Metro,341.5,59.6,99,49.6,6,14,83.2,52.7,130,0.108,108.9,1,169,,
3259,Aurangabad Irrigation Project #3259,Aurangabad,Irrigation,84.2,19.5,73,25.8,4,2,38.0,30.3,201,0.983,124.3,1,111,,
3260,Nagpur Railway Project #3260,Nagpur,Railway,936.1,99.2,81,97.2,4,14,29.5,60.3,485,0.038,103.8,0,13,,
3261,Mumbai Highway Project #3261,Mumbai,Highway,377.9,32.0,29,29.2,6,5,82.5,91.8,363,0.283,153.7,1,87,,
3262,Mumbai Irrigation Project #3262,Mumbai,Irrigation,151.2,27.9,71,27.2,5,11,42.5,61.1,552,0.548,144.3,1,58,,
3263,Mumbai Metro Project #3263,Mumbai,Metro,517.3,57.4,104,69.5,11,8,35.9,55.9,366,0.184,163.1,0,6,,
3264,Pune Railway Project #3264,Pune,Railway,780.0,58.3,114,31.9,7,15,40.3,77.5,540,0.232,79.5,1,76,,
3265,Pune Metro Project #3265,Pune,Metro,260.6,49.6,76,94.5,8,15,16.0,23.3,489,0.353,82.0,0,5,,
3266,Nashik Highway Project #3266,Nashik,Highway,306.0,79.5,94,11.0,1,5,79.6,91.5,82,0.27,76.2,0,5,,
3267,Nashik Irrigation Project #3267,Nashik,Irrigation,280.6,56.5,120,10.5,11,3,74.4,62.0,400,0.803,78.0,1,117,,
3268,Nashik Irrigation Project #3268,Nashik,Irrigation,992.1,64.9,69,55.4,1,11,59.7,71.8,85,0.5,83.6,0,14,,
3269,Pune Irrigation Project #3269,Pune,Irrigation,237.5,75.1,53,53.9,0,10,74.4,83.7,197,0.279,94.7,0,1,,
3270,Pune Irrigation Project #3270,Pune,Irrigation,596.7,12.3,70,24.7,6,14,43.6,67.2,700,0.313,93.5,1,68,,
3271,Nashik Railway Project #3271,Nashik,Railway,929.0,61.4,84,54.5,10,12,36.6,67.7,347,0.04,80.5,0,13,,
3272,Nashik Railway Project #3272,Nashik,Railway,189.6,89.6,101,47.0,3,4,87.6,75.7,485,0.049,56.3,1,22,,
3273,Aurangabad Metro Project #3273,Aurangabad,Metro,972.3,11.6,106,90.1,8,6,48.0,14.7,315,0.718,101.2,1,156,,
3274,Nashik Railway Project #3274,Nashik,Railway,950.1,46.5,112,10.8,5,9,27.6,44.4,658,0.113,57.1,1,27,,
3275,Aurangabad Highway Project #3275,Aurangabad,Highway,890.3,93.4,50,97.9,11,13,77.4,96.7,171,0.476,83.1,0,4,,
3276,Nagpur Highway Project #3276,Nagpur,Highway,253.8,41.8,27,66.2,6,12,40.2,33.2,56,0.842,128.4,1,116,,
3277,Pune Irrigation Project #3277,Pune,Irrigation,652.4,51.3,63,23.7,12,2,29.1,58.8,33,0.368,104.3,1,57,,
3278,Nashik Highway Project #3278,Nashik,Highway,772.8,98.3,120,14.2,6,13,12.4,25.8,345,0.346,75.6,1,160,,
3279,Pune Metro Project #3279,Pune,Metro,986.7,27.9,107,58.4,7,11,97.4,39.1,293,0.873,93.8,0,5,,
3280,Pune Railway Project #3280,Pune,Railway,221.4,15.9,84,31.1,3,8,52.1,74.5,183,0.865,90.8,1,173,,
3281,Pune Railway Project #3281,Pune,Railway,777.7,87.3,20,37.1,2,0,24.6,67.9,316,0.88,90.6,0,5,,
3282,Nagpur Railway Project #3282,Nagpur,Railway,371.9,88.2,87,32.1,2,15,78.2,47.3,783,0.572,137.0,0,0,,
3283,Mumbai Highway Project #3283,Mumbai,Highway,216.8,52.5,26,68.5,9,7,89.9,94.4,239,0.952,165.5,0,4,,
3284,Nashik Railway Project #3284,Nashik,Railway,450.3,56.3,26,59.8,7,4,57.5,79.8,712,0.819,64.1,0,1,,
3285,Mumbai Irrigation Project #3285,Mumbai,Irrigation,804.1,85.2,76,17.0,11,15,12.6,34.1,127,0.416,161.1,1,33,,
3286,Mumbai Irrigation Project #3286,Mumbai,Irrigation,491.6,76.5,49,57.4,12,9,42.9,51.9,62,0.63,162.3,0,6,,
3287,Mumbai Irrigation Project #3287,Mumbai,Irrigation,560.6,33.9,28,81.2,2,8,31.9,89.0,201,0.122,156.5,0,6,,
3288,Pune Highway Project #3288,Pune,Highway,995.4,11.5,38,17.3,7,1,67.3,12.0,581,0.551,93.9,1,110,,
3289,Aurangabad Railway Project #3289,Aurangabad,Railway,429.2,53.2,56,90.1,1,0,56.7,62.3,532,0.263,113.5,0,3,,
3290,Pune Highway Project #3290,Pune,Highway,634.6,87.3,118,62.0,4,9,42.0,30.9,781,0.284,75.2,0,13,,
3291,Pune Railway Project #3291,Pune,Railway,397.0,90.6,91,95.6,4,6,68.4,15.7,791,0.126,74.3,0,1,,
3292,Mumbai Metro Project #3292,Mumbai,Metro,423.1,96.1,36,23.3,6,9,62.6,92.2,150,0.358,157.8,1,44,,
3293,Pune Metro Project #3293,Pune,Metro,710.9,89.2,92,99.4,4,11,91.6,83.5,664,0.481,79.0,0,14,,
3294,Mumbai Highway Project #3294,Mumbai,Highway,941.0,62.2,63,68.0,8,10,63.7,26.7,122,0.6,136.1,1,107,,
3295,Aurangabad Irrigation Project #3295,Aurangabad,Irrigation,565.2,50.0,47,61.1,2,8,55.7,85.3,273,0.305,89.2,0,9,,
3296,Nashik Highway Project #3296,Nashik,Highway,780.0,79.7,21,56.4,8,13,84.1,23.2,500,0.792,65.2,0,3,,
3297,Mumbai Irrigation Project #3297,Mumbai,Irrigation,134.7,76.6,99,12.1,0,4,28.2,52.9,353,0.521,153.7,0,2,,
3298,Aurangabad Railway Project #3298,Aurangabad,Railway,250.6,58.4,29,94.6,2,10,31.9,75.3,532,0.638,114.5,0,2,,
3299,Nashik Irrigation Project #3299,Nashik,Irrigation,527.0,17.9,27,68.0,3,3,80.5,58.0,108,0.278,78.5,0,12,,
3300,Nagpur Irrigation Project #3300,Nagpur,Irrigation,69.0,93.3,22,18.2,5,3,49.8,86.6,482,0.814,116.1,1,45,,
3301,Mumbai Railway Project #3301,Mumbai,Railway,290.2,51.0,96,11.9,9,11,46.8,65.5,32,0.624,151.1,1,41,,
3302,Mumbai Metro Project #3302,Mumbai,Metro,541.5,42.7,3,14.6,7,12,89.8,48.9,248,0.862,158.5,1,49,,
3303,Nagpur Railway Project #3303,Nagpur,Railway,64.2,66.7,2,64.8,6,7,64.9,93.3,630,0.16,124.6,0,0,,
3304,Nagpur Highway Project #3304,Nagpur,Highway,301.3,70.6,60,65.3,7,15,82.3,13.3,272,0.381,114.2,0,7,,
3305,Mumbai Highway Project #3305,Mumbai,Highway,538.3,29.0,95,55.0,5,0,82.9,54.0,334,0.113,153.0,0,7,,
3306,Nagpur Highway Project #3306,Nagpur,Highway,594.5,85.3,3,37.6,5,0,20.8,69.5,681,0.216,100.2,1,157,,
3307,Pune Highway Project #3307,Pune,Highway,929.5,36.1,64,57.9,5,14,68.8,85.2,741,0.395,90.0,0,3,,
3308,Nashik Highway Project #3308,Nashik,Highway,663.1,26.8,11,56.5,2,7,95.7,58.7,693,0.895,63.8,0,1,,
3309,Nashik Metro Project #3309,Nashik,Metro,444.0,46.6,12,11.7,9,14,53.2,89.7,396,0.557,85.2,1,68,,
3310,Nashik Metro Project #3310,Nashik,Metro,933.8,75.8,33,35.4,3,1,75.9,48.4,615,0.33,60.2,1,171,,
3311,Pune Irrigation Project #3311,Pune,Irrigation,795.6,96.9,58,14.8,10,9,61.0,38.5,131,0.747,91.2,1,103,,
3312,Nagpur Highway Project #3312,Nagpur,Highway,240.0,82.8,92,91.0,5,5,28.4,97.6,309,0.02,115.7,0,4,,
3313,Aurangabad Railway Project #3313,Aurangabad,Railway,174.3,94.6,72,75.3,12,1,27.6,70.0,718,0.37,104.4,0,14,,
3314,Nagpur Highway Project #3314,Nagpur,Highway,692.0,22.7,30,99.7,6,4,49.0,48.3,572,0.601,123.8,0,9,,
3315,Mumbai Metro Project #3315,Mumbai,Metro,581.9,16.4,70,37.2,2,2,53.5,89.0,326,0.583,145.8,0,14,,
3316,Nashik Highway Project #3316,Nashik,Highway,800.2,60.2,12,89.1,3,6,55.3,71.5,29,0.608,88.5,0,14,,
3317,Nagpur Metro Project #3317,Nagpur,Metro,751.9,36.1,53,64.3,5,8,96.0,67.4,551,0.212,100.3,0,11,,
3318,Aurangabad Irrigation Project #3318,Aurangabad,Irrigation,644.0,84.5,1,50.8,0,1,19.0,75.6,309,0.337,116.3,0,13,,
3319,Mumbai Irrigation Project #3319,Mumbai,Irrigation,987.1,70.5,32,30.0,10,6,44.2,76.4,479,0.932,149.2,1,155,,
3320,Pune Irrigation Project #3320,Pune,Irrigation,556.9,97.4,49,76.5,6,15,56.3,54.4,95,0.974,89.5,1,18,,
3321,Pune Metro Project #3321,Pune,Metro,157.5,32.9,6,91.4,12,12,96.7,47.7,751,0.312,93.0,0,7,,
3322,Aurangabad Highway Project #3322,Aurangabad,Highway,836.9,53.7,17,31.2,10,12,55.4,91.8,678,0.645,120.0,1,35,,
3323,Mumbai Highway Project #3323,Mumbai,Highway,289.3,55.1,50,25.8,0,7,79.8,54.8,414,0.241,152.7,0,7,,
3324,Nashik Railway Project #3324,Nashik,Railway,788.4,31.5,7,72.7,10,13,77.4,29.4,702,0.369,80.0,0,13,,
3325,Nagpur Metro Project #3325,Nagpur,Metro,959.3,63.1,54,97.9,12,9,61.0,56.9,121,0.792,120.5,0,3,,
3326,Mumbai Railway Project #3326,Mumbai,Railway,712.0,49.9,75,77.5,11,14,21.8,13.1,148,0.501,139.7,1,56,,
3327,Pune Irrigation Project #3327,Pune,Irrigation,616.2,50.2,42,35.6,12,7,29.7,75.1,19,0.85,89.1,1,168,,
3328,Aurangabad Highway Project #3328,Aurangabad,Highway,487.4,42.6,58,47.8,11,6,31.6,21.4,300,0.629,121.5,1,173,,
3329,Aurangabad Metro Project #3329,Aurangabad,Metro,396.2,11.5,29,44.6,12,13,13.5,20.1,388,0.629,105.9,1,141,,
3330,Nagpur Railway Project #3330,Nagpur,Railway,385.4,57.0,58,86.7,9,14,44.1,95.2,247,0.034,109.2,0,4,,
3331,Aurangabad Railway Project #3331,Aurangabad,Railway,654.6,40.2,8,79.4,10,11,64.9,79.5,653,0.75,116.2,0,9,,
3332,Aurangabad Railway Project #3332,Aurangabad,Railway,763.7,10.1,91,63.0,10,3,23.0,47.3,339,0.978,113.4,1,62,,
3333,Mumbai Highway Project #3333,Mumbai,Highway,694.6,37.7,67,34.7,8,3,25.8,31.6,194,0.473,142.3,1,163,,
3334,Nashik Highway Project #3334,Nashik,Highway,238.5,35.1,38,94.4,9,9,73.6,85.9,729,0.159,67.7,0,1,,
3335,Nagpur Highway Project #3335,Nagpur,Highway,519.3,45.4,80,68.8,8,12,25.2,97.2,771,0.977,118.2,1,120,,
3336,Mumbai Metro Project #3336,Mumbai,Metro,802.1,21.9,10,97.3,10,12,22.2,55.8,434,0.29,150.1,0,10,,
3337,Nashik Highway Project #3337,Nashik,Highway,501.9,55.7,1,62.2,8,8,98.0,62.2,332,0.409,76.5,0,9,,
3338,Mumbai Metro Project #3338,Mumbai,Metro,559.8,72.3,22,83.9,3,14,11.3,31.9,491,0.077,145.9,0,1,,
3339,Mumbai Railway Project #3339,Mumbai,Railway,782.6,66.7,62,83.2,1,11,39.3,63.0,610,0.111,157.0,0,1,,
3340,Aurangabad Railway Project #3340,Aurangabad,Railway,678.2,82.3,113,40.4,6,9,13.1,46.1,367,0.217,104.7,1,117,,
3341,Nashik Irrigation Project #3341,Nashik,Irrigation,438.9,50.7,21,96.8,12,8,85.4,86.1,371,0.548,86.7,0,7,,
3342,Nagpur Highway Project #3342,Nagpur,Highway,900.6,56.7,60,12.0,3,4,62.5,43.9,45,0.558,136.9,1,60,,
3343,Nagpur Railway Project #3343,Nagpur,Railway,204.4,82.9,25,79.2,4,6,14.3,68.4,525,0.606,111.4,0,5,,
3344,Nashik Highway Project #3344,Nashik,Highway,995.7,48.5,11,96.9,0,6,65.4,28.3,755,0.584,57.7,0,4,,
3345,Aurangabad Metro Project #3345,Aurangabad,Metro,162.9,73.1,31,40.5,10,8,21.1,18.2,339,0.495,119.8,1,162,,
3346,Pune Railway Project #3346,Pune,Railway,64.2,49.1,8,68.3,11,11,54.6,13.6,278,0.802,92.6,0,6,,
3347,Mumbai Highway Project #3347,Mumbai,Highway,895.5,47.6,106,60.6,9,15,70.2,47.4,79,0.934,155.5,1,40,,
3348,Aurangabad Railway Project #3348,Aurangabad,Railway,282.7,78.4,68,78.5,12,14,23.4,24.7,528,0.27,103.5,0,8,,
3349,Nashik Railway Project #3349,Nashik,Railway,743.2,25.7,89,88.0,5,6,54.7,99.4,677,0.13,68.7,0,10,,
3350,Mumbai Highway Project #3350,Mumbai,Highway,820.5,40.5,70,64.3,11,7,51.2,81.9,387,0.425,146.6,0,1,,
3351,Nagpur Railway Project #3351,Nagpur,Railway,866.0,30.2,92,83.4,6,6,92.4,72.4,302,0.026,123.0,0,7,,
3352,Pune Railway Project #3352,Pune,Railway,992.0,42.3,32,38.1,2,10,99.6,82.3,295,0.883,77.5,0,14,,
3353,Nagpur Railway Project #3353,Nagpur,Railway,329.3,30.7,23,30.6,9,3,68.9,33.6,369,0.24,119.0,1,128,,
3354,Nashik Railway Project #3354,Nashik,Railway,724.7,62.1,88,48.8,1,11,86.9,89.1,595,0.549,57.4,0,0,,
3355,Mumbai Metro Project #3355,Mumbai,Metro,159.6,81.8,94,71.0,12,1,68.2,99.6,533,0.115,144.8,0,13,,
3356,Nashik Railway Project #3356,Nashik,Railway,436.5,80.8,92,26.9,11,2,88.9,36.1,346,0.553,69.0,1,39,,
3357,Mumbai Irrigation Project #3357,Mumbai,Irrigation,855.6,42.8,68,71.2,11,6,49.0,98.6,633,0.039,155.1,0,6,,
3358,Aurangabad Railway Project #3358,Aurangabad,Railway,399.3,99.0,37,45.5,9,13,64.7,38.8,551,0.769,115.9,1,35,,
3359,Pune Highway Project #3359,Pune,Highway,611.5,63.4,108,81.6,6,10,86.1,11.1,45,0.955,97.6,0,14,,
3360,Aurangabad Irrigation Project #3360,Aurangabad,Irrigation,528.6,45.9,10,13.3,0,10,92.6,43.0,497,0.307,95.2,0,6,,
3361,Aurangabad Metro Project #3361,Aurangabad,Metro,663.7,85.2,31,70.1,1,12,12.2,99.8,388,0.258,122.6,0,9,,
3362,Nashik Irrigation Project #3362,Nashik,Irrigation,974.2,75.7,63,68.5,2,8,19.4,67.2,353,0.448,63.6,0,11,,
3363,Pune Irrigation Project #3363,Pune,Irrigation,102.9,77.4,71,94.7,3,12,93.8,72.6,239,0.62,84.3,0,2,,
3364,Mumbai Irrigation Project #3364,Mumbai,Irrigation,595.3,27.7,19,74.2,4,13,61.2,31.5,798,0.189,152.7,0,14,,
3365,Mumbai Highway Project #3365,Mumbai,Highway,869.9,52.1,33,81.7,3,10,99.1,23.1,627,0.803,146.6,0,10,,
3366,Nagpur Highway Project #3366,Nagpur,Highway,507.3,87.6,110,91.4,9,1,81.3,89.7,771,0.199,123.6,0,2,,
3367,Mumbai Highway Project #3367,Mumbai,Highway,124.6,55.4,41,70.8,2,13,83.6,47.2,584,0.005,155.5,0,3,,
3368,Nashik Metro Project #3368,Nashik,Metro,582.5,71.5,7,36.1,0,6,44.8,10.4,406,0.524,62.4,0,4,,
3369,Aurangabad Highway Project #3369,Aurangabad,Highway,365.5,62.9,65,88.3,6,3,33.2,36.5,430,0.115,108.2,0,4,,
3370,Aurangabad Highway Project #3370,Aurangabad,Highway,197.2,85.8,20,77.3,11,15,63.8,27.6,565,0.698,108.5,0,4,,
3371,Aurangabad Irrigation Project #3371,Aurangabad,Irrigation,856.6,35.6,78,48.2,9,6,89.1,64.3,670,0.167,119.6,1,154,,
3372,Pune Highway Project #3372,Pune,Highway,545.5,61.8,69,73.9,5,11,75.3,78.1,411,0.817,85.3,0,5,,
3373,Mumbai Railway Project #3373,Mumbai,Railway,936.6,21.1,4,88.1,1,4,52.5,54.8,497,0.47,144.9,0,0,,
3374,Nashik Highway Project #3374,Nashik,Highway,815.7,72.1,117,97.8,1,6,77.8,26.7,55,0.566,59.8,0,6,,
3375,Pune Metro Project #3375,Pune,Metro,708.3,75.9,117,95.7,2,5,72.1,15.2,696,0.187,80.9,0,11,,
3376,Nagpur Metro Project #3376,Nagpur,Metro,54.8,13.9,66,39.3,7,12,92.2,38.2,163,0.147,106.5,1,150,,
3377,Nashik Railway Project #3377,Nashik,Railway,456.4,70.8,106,48.0,7,1,33.7,82.5,270,0.631,63.0,1,115,,
3378,Nashik Metro Project #3378,Nashik,Metro,237.6,47.3,42,19.9,9,11,20.7,47.8,654,0.255,85.9,1,142,,
3379,Nashik Metro Project #3379,Nashik,Metro,915.3,21.2,15,32.3,9,6,52.3,32.7,296,0.386,76.9,1,122,,
3380,Aurangabad Irrigation Project #3380,Aurangabad,Irrigation,215.9,47.8,98,89.4,9,4,42.5,11.9,677,0.479,122.8,0,12,,
3381,Nashik Railway Project #3381,Nashik,Railway,321.8,27.5,72,42.5,11,14,97.7,54.6,762,0.23,60.5,1,82,,
3382,Mumbai Irrigation Project #3382,Mumbai,Irrigation,541.0,47.4,34,65.8,9,8,10.7,71.6,340,0.795,130.5,0,11,,
3383,Nashik Irrigation Project #3383,Nashik,Irrigation,300.2,44.6,82,69.9,10,12,94.0,27.1,648,0.939,73.2,0,4,,
3384,Aurangabad Highway Project #3384,Aurangabad,Highway,249.4,76.5,42,80.4,11,12,96.0,58.3,714,0.432,128.5,0,10,,
3385,Nashik Railway Project #3385,Nashik,Railway,619.1,79.7,109,26.5,7,10,14.6,47.9,481,0.918,65.1,1,123,,
3386,Nagpur Highway Project #3386,Nagpur,Highway,134.5,64.6,97,37.4,6,0,90.1,73.4,278,0.883,121.0,1,178,,
3387,Nagpur Highway Project #3387,Nagpur,Highway,105.3,12.0,38,50.4,1,0,52.4,87.5,643,0.166,104.3,0,9,,
3388,Aurangabad Irrigation Project #3388,Aurangabad,Irrigation,403.6,93.8,9,42.8,0,14,79.0,37.6,667,0.173,110.3,0,7,,
3389,Mumbai Metro Project #3389,Mumbai,Metro,734.6,71.8,73,98.5,5,1,17.1,91.4,673,0.477,148.8,0,1,,
3390,Mumbai Railway Project #3390,Mumbai,Railway,577.1,13.1,19,85.1,10,7,96.0,73.6,166,0.526,129.1,0,11,,
3391,Pune Metro Project #3391,Pune,Metro,451.7,83.7,0,53.2,7,14,64.7,13.3,677,0.341,79.6,0,8,,
3392,Aurangabad Irrigation Project #3392,Aurangabad,Irrigation,587.5,28.0,5,89.1,0,10,90.9,81.2,623,0.313,98.8,0,5,,
3393,Nashik Irrigation Project #3393,Nashik,Irrigation,397.2,62.1,52,41.3,2,8,70.6,54.5,438,0.431,54.2,0,9,,
3394,Aurangabad Irrigation Project #3394,Aurangabad,Irrigation,939.3,52.0,45,80.7,0,10,58.3,95.1,261,0.69,102.8,0,3,,
3395,Pune Irrigation Project #3395,Pune,Irrigation,102.2,47.8,65,30.1,9,10,25.5,39.1,276,0.084,95.1,1,25,,
3396,Aurangabad Irrigation Project #3396,Aurangabad,Irrigation,689.7,90.1,37,79.5,8,11,26.0,63.2,68,0.711,103.7,0,2,,
3397,Aurangabad Irrigation Project #3397,Aurangabad,Irrigation,896.7,49.4,32,51.1,6,6,52.5,96.1,626,0.926,121.5,0,10,,
3398,Pune Metro Project #3398,Pune,Metro,813.7,16.8,66,19.7,7,0,88.3,34.4,790,0.764,86.4,1,86,,
3399,Mumbai Highway Project #3399,Mumbai,Highway,224.8,95.2,99,34.6,8,11,20.4,52.5,568,0.192,153.3,1,86,,
3400,Nashik Metro Project #3400,Nashik,Metro,331.1,92.8,76,46.2,2,6,99.9,77.7,609,0.087,75.0,0,9,,
3401,Pune Railway Project #3401,Pune,Railway,731.2,71.6,34,77.4,9,12,88.8,72.2,180,0.49,105.3,0,2,,
3402,Nagpur Metro Project #3402,Nagpur,Metro,130.1,52.1,78,16.6,10,7,45.3,85.5,673,0.956,112.8,1,69,,
3403,Mumbai Irrigation Project #3403,Mumbai,Irrigation,821.3,18.4,44,69.4,1,6,32.8,56.8,697,0.819,154.4,0,13,,
3404,Nagpur Metro Project #3404,Nagpur,Metro,733.0,81.2,21,74.4,5,12,93.0,38.7,328,0.563,110.5,0,7,,
3405,Mumbai Highway Project #3405,Mumbai,Highway,743.1,16.8,106,68.9,4,11,21.1,58.2,666,0.143,167.2,0,11,,
3406,Nashik Railway Project #3406,Nashik,Railway,145.2,16.2,67,78.5,3,4,41.3,41.5,743,0.714,59.6,0,5,,
3407,Nashik Metro Project #3407,Nashik,Metro,731.9,58.4,16,26.0,5,11,17.6,25.9,407,0.813,73.8,1,178,,
3408,Aurangabad Highway Project #3408,Aurangabad,Highway,695.8,24.4,4,62.8,5,6,95.8,59.9,24,0.935,125.6,0,10,,
3409,Nagpur Metro Project #3409,Nagpur,Metro,839.4,10.7,84,94.7,11,9,65.6,14.4,471,0.612,108.0,0,2,,
3410,Mumbai Railway Project #3410,Mumbai,Railway,89.5,48.1,56,65.0,2,15,40.3,13.3,147,0.514,156.0,0,2,,
3411,Nashik Metro Project #3411,Nashik,Metro,72.0,22.3,87,65.0,1,10,34.8,15.8,771,0.619,60.1,1,98,,
3412,Pune Irrigation Project #3412,Pune,Irrigation,404.4,24.4,94,76.3,8,15,50.0,70.5,159,0.943,113.3,1,33,,
3413,Nashik Metro Project #3413,Nashik,Metro,191.3,16.9,39,40.0,7,1,18.2,46.6,790,0.628,51.1,1,37,,
3414,Pune Highway Project #3414,Pune,Highway,580.5,28.5,116,73.0,3,8,90.0,54.5,602,0.258,74.8,0,14,,
3415,Mumbai Metro Project #3415,Mumbai,Metro,921.5,74.4,119,92.5,5,1,56.0,40.9,586,0.636,138.8,0,14,,
3416,Nashik Highway Project #3416,Nashik,Highway,421.9,82.8,29,11.0,2,1,75.3,32.8,663,0.88,59.1,0,13,,
3417,Nashik Railway Project #3417,Nashik,Railway,852.7,50.7,41,88.3,10,4,31.0,42.2,309,0.567,75.2,0,10,,
3418,Mumbai Metro Project #3418,Mumbai,Metro,50.2,55.6,6,29.7,7,13,55.3,27.4,432,0.503,168.0,1,26,,
3419,Nashik Railway Project #3419,Nashik,Railway,210.1,12.9,112,51.0,2,14,29.0,71.1,428,0.733,81.6,1,106,,
3420,Pune Railway Project #3420,Pune,Railway,78.9,16.2,70,86.7,1,7,83.4,19.2,768,0.661,92.3,0,2,,
3421,Nashik Metro Project #3421,Nashik,Metro,361.7,33.2,90,84.2,6,5,79.8,56.5,202,0.057,70.1,0,14,,
3422,Nagpur Highway Project #3422,Nagpur,Highway,912.8,59.0,87,90.3,2,15,23.3,52.9,292,0.725,113.9,1,94,,
3423,Aurangabad Railway Project #3423,Aurangabad,Railway,142.1,76.6,18,94.6,12,11,16.7,37.2,263,0.408,113.9,0,0,,
3424,Pune Railway Project #3424,Pune,Railway,626.1,64.5,40,50.2,8,8,84.2,19.2,513,0.941,87.9,0,10,,
3425,Nagpur Metro Project #3425,Nagpur,Metro,478.9,45.3,119,69.1,2,5,19.9,73.3,694,0.971,121.9,1,146,,
3426,Mumbai Metro Project #3426,Mumbai,Metro,941.5,20.6,33,45.1,7,4,59.4,61.3,322,0.449,142.6,1,125,,
3427,Pune Metro Project #3427,Pune,Metro,166.4,80.3,21,41.6,1,0,58.1,82.9,287,0.969,78.0,0,6,,
3428,Aurangabad Metro Project #3428,Aurangabad,Metro,251.4,42.7,51,48.8,8,7,28.3,31.2,319,0.311,110.3,1,20,,
3429,Aurangabad Metro Project #3429,Aurangabad,Metro,78.1,76.2,114,76.9,0,2,63.2,81.2,195,0.683,110.0,0,0,,
3430,Mumbai Irrigation Project #3430,Mumbai,Irrigation,462.2,56.2,90,55.1,11,11,55.2,36.3,233,0.075,144.0,0,12,,
3431,Mumbai Metro Project #3431,Mumbai,Metro,313.9,76.5,5,83.3,2,12,55.8,20.1,583,0.145,142.3,0,14,,
3432,Pune Highway Project #3432,Pune,Highway,876.4,91.7,73,77.1,10,1,42.4,22.1,431,0.865,95.6,0,9,,
3433,Nashik Railway Project #3433,Nashik,Railway,624.7,92.9,108,11.8,1,6,85.5,29.9,605,0.894,74.5,0,14,,
3434,Mumbai Highway Project #3434,Mumbai,Highway,633.4,58.2,94,66.7,12,10,17.6,71.4,36,0.533,168.8,0,11,,
3435,Nashik Highway Project #3435,Nashik,Highway,555.3,56.0,24,49.3,12,1,49.5,32.0,390,0.34,83.8,1,173,,
3436,Nagpur Irrigation Project #3436,Nagpur,Irrigation,137.3,33.9,65,51.1,11,13,33.4,64.3,329,0.451,108.1,0,1,,
3437,Aurangabad Metro Project #3437,Aurangabad,Metro,472.8,94.2,9,83.7,6,14,86.4,33.1,140,0.87,108.1,0,12,,
3438,Nashik Railway Project #3438,Nashik,Railway,999.5,51.2,73,59.3,4,0,30.3,42.9,648,0.211,56.4,0,0,,
3439,Aurangabad Highway Project #3439,Aurangabad,Highway,843.5,21.5,25,89.7,7,10,79.0,90.1,532,0.295,91.6,0,0,,
3440,Nashik Metro Project #3440,Nashik,Metro,898.8,48.9,4,74.2,1,14,65.0,55.0,289,0.785,92.0,0,11,,
3441,Nagpur Metro Project #3441,Nagpur,Metro,832.1,21.4,85,59.8,7,14,88.7,64.0,294,0.935,134.8,0,6,,
3442,Mumbai Irrigation Project #3442,Mumbai,Irrigation,147.9,55.2,67,77.9,6,12,63.4,27.0,206,0.093,143.7,0,5,,
3443,Nagpur Irrigation Project #3443,Nagpur,Irrigation,266.1,60.5,118,13.5,11,1,60.1,21.8,746,0.804,132.4,1,152,,
3444,Mumbai Irrigation Project #3444,Mumbai,Irrigation,53.0,40.4,97,12.4,10,5,82.1,47.2,785,0.645,163.9,1,22,,
3445,Mumbai Railway Project #3445,Mumbai,Railway,338.3,16.4,70,17.5,4,1,60.6,87.0,284,0.231,130.8,1,81,,
3446,Aurangabad Highway Project #3446,Aurangabad,Highway,153.2,94.9,49,49.4,1,0,86.0,31.7,77,0.756,118.5,0,9,,
3447,Nagpur Irrigation Project #3447,Nagpur,Irrigation,499.2,79.6,16,31.2,9,0,14.4,66.0,242,0.728,115.1,1,81,,
3448,Nashik Irrigation Project #3448,Nashik,Irrigation,693.3,85.5,10,98.6,10,13,54.6,88.5,620,0.142,73.8,0,2,,
3449,Nagpur Irrigation Project #3449,Nagpur,Irrigation,880.8,43.0,52,58.8,6,3,83.1,94.1,231,0.502,150.1,0,6,,
3450,Aurangabad Highway Project #3450,Aurangabad,Highway,761.8,78.5,49,69.6,9,7,86.4,99.4,462,0.758,125.9,0,9,,
3451,Mumbai Highway Project #3451,Mumbai,Highway,941.7,53.7,7,35.1,3,5,85.1,78.7,645,0.192,148.7,1,139,,
3452,Aurangabad Irrigation Project #3452,Aurangabad,Irrigation,101.2,28.1,91,39.0,3,15,64.4,16.8,313,0.463,124.2,1,58,,
3453,Pune Irrigation Project #3453,Pune,Irrigation,61.6,21.2,107,40.2,7,3,99.5,88.4,623,0.121,70.8,1,112,,
3454,Pune Metro Project #3454,Pune,Metro,678.3,41.1,119,72.9,5,5,26.3,89.7,409,0.307,95.0,0,7,,
3455,Nashik Irrigation Project #3455,Nashik,Irrigation,324.9,22.4,96,52.6,8,5,25.7,60.2,329,0.218,75.3,0,8,,
3456,Aurangabad Railway Project #3456,Aurangabad,Railway,290.8,99.8,115,56.6,10,8,13.0,16.1,273,0.505,117.1,1,99,,
3457,Nashik Railway Project #3457,Nashik,Railway,364.3,14.4,61,63.3,1,15,99.0,52.9,374,0.141,64.9,0,8,,
3458,Nashik Irrigation Project #3458,Nashik,Irrigation,306.3,49.7,88,79.2,4,3,41.3,29.0,398,0.383,73.8,0,10,,
3459,Pune Highway Project #3459,Pune,Highway,535.9,50.7,84,18.1,5,5,78.6,49.8,751,0.275,98.6,1,54,,
3460,Nashik Metro Project #3460,Nashik,Metro,468.1,37.1,75,79.9,7,14,15.4,75.2,644,0.746,46.8,0,12,,
3461,Pune Highway Project #3461,Pune,Highway,536.8,61.4,89,60.7,3,9,36.9,70.1,236,0.7,86.8,0,3,,
3462,Mumbai Irrigation Project #3462,Mumbai,Irrigation,689.1,23.5,28,70.2,10,0,66.1,80.2,465,0.095,141.0,0,8,,
3463,Aurangabad Railway Project #3463,Aurangabad,Railway,417.8,80.6,101,39.5,6,6,57.2,52.9,749,0.953,116.6,1,71,,
3464,Nashik Metro Project #3464,Nashik,Metro,288.7,39.9,98,46.8,10,6,28.7,56.0,674,0.745,83.8,1,26,,
3465,Pune Highway Project #3465,Pune,Highway,207.9,63.2,100,30.8,6,10,51.5,94.2,314,0.616,83.9,1,37,,
3466,Nagpur Highway Project #3466,Nagpur,Highway,382.0,74.4,109,98.1,3,0,19.8,66.8,514,0.478,109.1,0,8,,
3467,Nashik Irrigation Project #3467,Nashik,Irrigation,754.7,90.0,43,54.7,0,7,58.8,77.3,337,0.178,71.2,0,2,,
3468,Mumbai Metro Project #3468,Mumbai,Metro,768.9,85.2,108,99.6,2,13,18.7,69.8,670,0.962,138.5,1,122,,
3469,Mumbai Railway Project #3469,Mumbai,Railway,683.6,64.7,44,54.1,1,4,67.2,67.6,530,0.008,147.7,0,6,,
3470,Nagpur Irrigation Project #3470,Nagpur,Irrigation,272.3,45.0,28,29.8,12,12,24.0,92.2,329,0.692,116.7,1,56,,
3471,Pune Metro Project #3471,Pune,Metro,608.7,55.3,112,55.7,12,14,59.2,42.1,745,0.507,95.8,0,10,,
3472,Nashik Highway Project #3472,Nashik,Highway,592.2,79.2,87,13.6,11,14,21.6,48.5,501,0.903,73.2,1,105,,
3473,Pune Irrigation Project #3473,Pune,Irrigation,510.1,89.0,58,91.4,2,8,46.1,44.2,470,0.381,91.6,0,11,,
3474,Mumbai Highway Project #3474,Mumbai,Highway,572.5,19.3,14,83.7,4,7,41.7,78.9,544,0.519,166.4,0,2,,
3475,Pune Highway Project #3475,Pune,Highway,517.2,44.6,69,75.3,10,2,78.1,88.2,453,0.742,92.7,0,11,,
3476,Mumbai Irrigation Project #3476,Mumbai,Irrigation,587.2,79.9,95,64.9,11,0,67.7,42.2,452,0.048,145.8,0,10,,
3477,Pune Irrigation Project #3477,Pune,Irrigation,729.7,48.8,43,62.2,0,2,94.3,22.8,713,0.054,87.0,0,12,,
3478,Nagpur Irrigation Project #3478,Nagpur,Irrigation,154.1,39.9,97,99.7,4,13,93.0,54.5,236,0.212,112.4,0,4,,
3479,Aurangabad Irrigation Project #3479,Aurangabad,Irrigation,762.1,47.0,35,35.0,1,1,75.2,98.6,575,0.146,99.8,0,11,,
3480,Nagpur Irrigation Project #3480,Nagpur,Irrigation,179.1,64.3,83,80.2,3,1,79.4,28.3,613,0.006,106.1,0,1,,
3481,Nagpur Highway Project #3481,Nagpur,Highway,113.3,100.0,120,62.3,5,10,66.2,50.7,536,0.623,131.3,0,9,,
3482,Aurangabad Railway Project #3482,Aurangabad,Railway,977.3,54.4,56,97.8,8,14,72.2,34.4,700,0.796,102.8,0,9,,
3483,Aurangabad Railway Project #3483,Aurangabad,Railway,959.1,28.8,116,84.5,9,3,65.6,93.0,525,0.957,113.2,0,2,,
3484,Nashik Irrigation Project #3484,Nashik,Irrigation,107.4,24.7,63,99.9,5,1,38.1,59.6,427,0.441,67.0,0,9,,
3485,Nashik Highway Project #3485,Nashik,Highway,471.1,13.8,75,62.9,9,7,41.6,62.1,110,0.28,69.7,0,3,,
3486,Nagpur Railway Project #3486,Nagpur,Railway,226.9,60.3,98,28.4,12,4,61.7,10.7,417,0.864,131.5,1,67,,
3487,Nagpur Railway Project #3487,Nagpur,Railway,511.1,59.0,112,55.3,10,0,74.8,68.8,414,0.844,121.8,0,11,,
3488,Mumbai Railway Project #3488,Mumbai,Railway,838.7,28.5,37,74.0,11,5,46.6,37.6,139,0.625,140.8,0,11,,
3489,Mumbai Highway Project #3489,Mumbai,Highway,953.1,72.6,119,79.7,1,11,22.8,56.2,528,0.273,144.4,0,5,,
3490,Nashik Irrigation Project #3490,Nashik,Irrigation,652.5,76.7,16,10.0,7,6,51.3,57.8,705,0.909,78.6,1,55,,
3491,Nashik Irrigation Project #3491,Nashik,Irrigation,386.2,33.3,26,55.5,4,15,96.7,63.3,44,0.178,74.8,0,5,,
3492,Mumbai Irrigation Project #3492,Mumbai,Irrigation,623.2,41.0,16,31.2,8,12,29.3,84.1,753,0.044,159.2,1,18,,
3493,Mumbai Metro Project #3493,Mumbai,Metro,346.4,99.1,62,88.7,9,15,68.4,36.9,163,0.797,147.6,0,2,,
3494,Pune Metro Project #3494,Pune,Metro,914.3,43.7,10,23.8,8,0,98.4,33.1,411,0.564,76.0,1,126,,
3495,Pune Metro Project #3495,Pune,Metro,876.9,78.5,63,70.0,3,12,43.9,81.6,73,0.246,95.1,0,8,,
3496,Mumbai Highway Project #3496,Mumbai,Highway,580.3,50.7,118,33.9,12,11,89.9,74.7,768,0.671,152.5,1,109,,
3497,Pune Railway Project #3497,Pune,Railway,358.6,81.4,38,42.1,0,2,87.8,30.3,577,0.767,92.8,0,1,,
3498,Aurangabad Railway Project #3498,Aurangabad,Railway,328.7,79.2,1,94.7,10,8,40.5,10.1,238,0.845,96.2,1,18,,
3499,Nashik Highway Project #3499,Nashik,Highway,81.7,70.1,114,31.6,8,15,18.9,69.9,262,0.282,63.6,1,146,,
3500,Nashik Highway Project #3500,Nashik,Highway,825.0,86.9,65,18.6,8,12,26.1,24.1,497,0.026,60.6,1,17,,
3501,Mumbai Irrigation Project #3501,Mumbai,Irrigation,477.9,94.5,53,16.2,7,13,42.9,96.1,573,0.51,154.0,1,69,,
3502,Nagpur Irrigation Project #3502,Nagpur,Irrigation,358.9,62.2,28,55.4,4,6,96.3,64.4,24,0.856,124.3,0,5,,
3503,Mumbai Metro Project #3503,Mumbai,Metro,497.6,31.4,44,67.8,4,13,34.7,86.5,349,0.208,149.6,0,1,,
3504,Pune Metro Project #3504,Pune,Metro,827.8,45.9,87,39.5,9,12,93.4,82.5,372,0.421,99.7,1,46,,
3505,Nagpur Highway Project #3505,Nagpur,Highway,168.4,78.2,87,72.1,5,14,26.3,60.2,189,0.256,134.9,1,138,,
3506,Pune Metro Project #3506,Pune,Metro,864.8,68.6,79,15.5,0,11,97.3,49.5,598,0.013,93.5,0,12,,
3507,Aurangabad Railway Project #3507,Aurangabad,Railway,902.6,26.0,30,87.2,8,3,36.4,54.7,224,0.899,116.7,0,9,,
3508,Pune Highway Project #3508,Pune,Highway,949.4,14.6,48,83.5,4,14,67.0,82.3,744,0.135,84.6,0,0,,
3509,Aurangabad Highway Project #3509,Aurangabad,Highway,427.6,71.5,106,98.7,6,5,16.3,67.6,163,0.767,102.7,0,6,,
3510,Aurangabad Railway Project #3510,Aurangabad,Railway,256.3,32.6,8,94.3,10,5,37.0,28.5,54,0.347,120.1,0,9,,
3511,Pune Irrigation Project #3511,Pune,Irrigation,405.0,55.0,26,42.1,7,14,29.0,64.8,361,0.278,81.3,1,171,,
3512,Pune Irrigation Project #3512,Pune,Irrigation,366.3,77.2,55,45.9,4,11,10.3,46.4,30,0.941,97.0,1,149,,
3513,Aurangabad Railway Project #3513,Aurangabad,Railway,217.3,60.6,104,77.1,2,2,24.1,15.5,602,0.657,127.2,0,2,,
3514,Nagpur Railway Project #3514,Nagpur,Railway,626.9,17.5,77,22.1,5,1,63.4,44.3,574,0.687,126.5,1,16,,
3515,Aurangabad Metro Project #3515,Aurangabad,Metro,502.8,26.7,44,38.3,6,4,45.1,30.5,678,0.76,109.2,1,24,,
3516,Nashik Highway Project #3516,Nashik,Highway,872.4,29.7,88,20.7,12,7,75.0,85.5,378,0.341,56.6,1,153,,
3517,Aurangabad Metro Project #3517,Aurangabad,Metro,80.5,33.2,42,50.9,3,2,70.4,19.4,668,0.564,111.6,0,13,,
3518,Nagpur Railway Project #3518,Nagpur,Railway,661.7,60.9,107,59.7,8,4,81.9,42.5,703,0.27,130.1,0,11,,
3519,Nashik Metro Project #3519,Nashik,Metro,774.8,55.4,21,29.0,10,13,88.0,72.6,87,0.835,68.2,1,54,,
3520,Mumbai Railway Project #3520,Mumbai,Railway,771.5,28.3,98,12.4,3,15,83.8,90.8,128,0.599,160.2,1,90,,
3521,Mumbai Metro Project #3521,Mumbai,Metro,891.8,16.1,32,74.7,10,2,50.3,40.2,368,0.243,153.7,0,7,,
3522,Nagpur Metro Project #3522,Nagpur,Metro,742.6,25.4,26,11.8,9,13,37.8,64.6,626,0.9,122.9,1,128,,
3523,Aurangabad Irrigation Project #3523,Aurangabad,Irrigation,931.4,98.6,39,97.6,1,6,55.2,43.6,523,0.581,106.8,0,4,,
3524,Pune Railway Project #3524,Pune,Railway,366.0,52.2,25,29.9,8,14,58.2,28.3,636,0.495,75.4,1,169,,
3525,Nagpur Metro Project #3525,Nagpur,Metro,528.0,88.1,82,69.8,3,15,38.2,39.3,512,0.034,115.7,0,6,,
3526,Nashik Highway Project #3526,Nashik,Highway,63.4,86.4,44,49.1,3,5,58.6,67.2,41,0.91,65.7,1,36,,
3527,Nashik Metro Project #3527,Nashik,Metro,56.6,56.0,102,15.4,9,5,19.5,74.5,367,0.952,75.8,1,30,,
3528,Mumbai Metro Project #3528,Mumbai,Metro,278.1,73.6,44,52.5,0,0,30.8,43.4,71,0.563,149.8,0,6,,
3529,Nashik Highway Project #3529,Nashik,Highway,145.8,27.3,25,56.5,1,1,77.1,23.7,106,0.443,80.8,0,3,,
3530,Nagpur Railway Project #3530,Nagpur,Railway,297.2,72.0,69,86.9,11,5,26.5,22.6,387,0.36,122.8,0,10,,
3531,Nashik Irrigation Project #3531,Nashik,Irrigation,218.2,34.5,66,75.9,2,7,22.5,83.1,656,0.268,65.0,0,0,,
3532,Nagpur Irrigation Project #3532,Nagpur,Irrigation,77.1,84.9,5,17.1,6,4,35.9,68.8,505,0.575,111.9,1,31,,
3533,Pune Irrigation Project #3533,Pune,Irrigation,913.8,17.5,27,28.8,11,11,43.4,75.5,619,0.128,84.0,1,89,,
3534,Mumbai Highway Project #3534,Mumbai,Highway,57.8,79.6,66,38.1,8,1,39.6,53.9,461,0.919,151.6,1,58,,
3535,Nashik Metro Project #3535,Nashik,Metro,749.3,19.0,12,20.5,11,4,43.7,51.2,224,0.176,66.3,1,55,,
3536,Nagpur Railway Project #3536,Nagpur,Railway,194.5,89.3,62,51.1,4,15,22.6,29.0,93,0.746,109.2,1,118,,
3537,Aurangabad Metro Project #3537,Aurangabad,Metro,916.6,37.4,12,98.6,3,8,24.9,25.2,415,0.307,120.1,0,10,,
3538,Mumbai Irrigation Project #3538,Mumbai,Irrigation,898.2,68.9,120,56.3,12,5,31.2,23.9,678,0.226,151.5,1,105,,
3539,Pune Metro Project #3539,Pune,Metro,671.2,53.9,76,76.8,1,12,46.2,99.3,116,0.558,92.7,0,7,,
3540,Nagpur Highway Project #3540,Nagpur,Highway,688.6,43.0,0,71.5,12,12,40.2,83.9,498,0.765,111.8,0,6,,
3541,Pune Highway Project #3541,Pune,Highway,55.1,68.1,39,86.5,11,4,81.2,66.4,366,0.727,79.6,0,3,,
3542,Pune Railway Project #3542,Pune,Railway,985.6,95.3,36,29.4,6,9,57.3,29.3,140,0.234,88.4,1,54,,
3543,Nashik Railway Project #3543,Nashik,Railway,883.9,13.7,30,77.8,5,5,61.8,40.4,31,0.331,49.7,0,10,,
3544,Nashik Irrigation Project #3544,Nashik,Irrigation,900.4,92.7,115,89.3,11,12,60.5,41.6,605,0.869,77.8,1,134,,
3545,Nagpur Railway Project #3545,Nagpur,Railway,676.3,64.8,16,25.4,11,11,45.9,53.0,610,0.723,113.0,1,152,,
3546,Aurangabad Metro Project #3546,Aurangabad,Metro,377.5,82.7,8,41.2,6,15,98.2,48.0,235,0.713,107.3,1,58,,
3547,Nagpur Highway Project #3547,Nagpur,Highway,899.0,44.5,108,97.3,7,13,13.4,94.1,115,0.269,124.3,0,7,,
3548,Aurangabad Highway Project #3548,Aurangabad,Highway,326.9,52.5,63,80.3,8,10,29.4,74.9,403,0.792,107.8,0,8,,
3549,Pune Highway Project #3549,Pune,Highway,584.6,88.2,56,35.4,9,11,35.6,17.3,110,0.358,78.3,1,178,,
3550,Mumbai Railway Project #3550,Mumbai,Railway,144.7,47.3,12,60.8,4,8,89.3,42.4,157,0.401,165.1,0,1,,
3551,Nagpur Highway Project #3551,Nagpur,Highway,925.9,58.1,36,46.4,10,6,92.7,22.0,239,0.288,104.7,1,43,,
3552,Nagpur Highway Project #3552,Nagpur,Highway,183.7,11.8,13,54.1,4,9,86.1,35.1,96,0.121,97.6,0,14,,
3553,Aurangabad Highway Project #3553,Aurangabad,Highway,263.7,24.3,74,42.0,3,15,47.5,96.3,532,0.42,118.7,1,44,,
3554,Pune Irrigation Project #3554,Pune,Irrigation,580.2,67.8,24,35.1,10,2,92.3,73.5,657,0.017,75.4,1,61,,
3555,Pune Irrigation Project #3555,Pune,Irrigation,775.9,74.5,94,70.7,2,9,18.9,10.7,102,0.456,102.5,1,176,,
3556,Aurangabad Railway Project #3556,Aurangabad,Railway,638.4,62.4,77,80.1,12,9,68.7,39.6,162,0.725,113.8,0,6,,
3557,Pune Highway Project #3557,Pune,Highway,270.5,22.9,56,88.7,6,4,94.4,49.5,432,0.961,92.8,0,3,,
3558,Nashik Railway Project #3558,Nashik,Railway,50.9,50.1,70,24.0,12,3,77.9,64.2,363,0.079,64.3,1,88,,
3559,Mumbai Highway Project #3559,Mumbai,Highway,769.3,42.0,87,84.1,12,10,35.0,55.0,617,0.281,141.7,0,9,,
3560,Nagpur Highway Project #3560,Nagpur,Highway,985.9,54.6,112,32.9,4,4,74.6,16.3,583,0.494,116.2,1,135,,
3561,Mumbai Highway Project #3561,Mumbai,Highway,819.4,88.3,99,48.5,6,7,36.5,56.4,418,0.17,141.2,1,29,,
3562,Nagpur Railway Project #3562,Nagpur,Railway,487.2,79.8,41,91.1,1,10,20.0,21.7,96,0.117,132.1,0,7,,
3563,Nashik Railway Project #3563,Nashik,Railway,908.6,17.6,41,50.9,8,13,74.5,56.7,220,0.452,62.6,0,4,,
3564,Pune Highway Project #3564,Pune,Highway,439.4,90.1,46,27.7,8,5,26.1,32.1,392,0.581,95.1,1,162,,
3565,Aurangabad Metro Project #3565,Aurangabad,Metro,548.7,52.5,115,24.4,12,3,20.0,23.0,604,0.82,120.1,1,78,,
3566,Nashik Railway Project #3566,Nashik,Railway,503.3,76.9,43,52.6,8,4,59.7,35.9,748,0.998,61.2,0,13,,
3567,Mumbai Irrigation Project #3567,Mumbai,Irrigation,475.2,22.6,40,78.6,12,10,65.9,19.0,533,0.774,153.8,0,8,,
3568,Aurangabad Railway Project #3568,Aurangabad,Railway,786.4,70.4,2,99.7,12,6,14.6,35.6,162,0.221,101.1,0,13,,
3569,Pune Highway Project #3569,Pune,Highway,550.4,31.3,110,80.9,4,13,10.4,88.0,14,0.748,88.3,0,12,,
3570,Nashik Metro Project #3570,Nashik,Metro,350.9,49.5,107,88.9,9,7,89.4,37.6,85,0.537,65.4,0,4,,
3571,Aurangabad Highway Project #3571,Aurangabad,Highway,295.3,11.5,89,77.3,11,4,20.4,52.3,420,0.451,103.0,0,9,,
3572,Nashik Irrigation Project #3572,Nashik,Irrigation,85.9,23.6,110,90.6,8,1,62.6,56.8,13,0.936,71.6,0,1,,
3573,Nashik Railway Project #3573,Nashik,Railway,604.0,18.3,89,16.9,0,5,95.8,26.0,381,0.702,57.9,0,8,,
3574,Pune Railway Project #3574,Pune,Railway,268.5,31.6,0,93.7,1,8,56.1,49.8,92,0.682,99.3,0,9,,
3575,Nagpur Highway Project #3575,Nagpur,Highway,190.7,19.0,78,45.7,9,2,22.6,86.8,440,0.012,109.2,1,23,,
3576,Aurangabad Highway Project #3576,Aurangabad,Highway,671.1,72.3,10,92.9,4,6,45.4,17.2,481,0.865,97.3,0,8,,
3577,Pune Irrigation Project #3577,Pune,Irrigation,697.1,12.6,100,16.8,4,7,66.2,93.1,371,0.793,87.5,1,148,,
3578,Nashik Metro Project #3578,Nashik,Metro,764.5,65.6,6,74.4,5,5,78.7,88.4,421,0.299,66.3,0,6,,
3579,Pune Irrigation Project #3579,Pune,Irrigation,528.4,22.7,11,76.2,7,11,64.6,87.0,44,0.292,93.6,0,7,,
3580,Nagpur Metro Project #3580,Nagpur,Metro,899.4,95.1,115,99.7,11,2,13.1,27.9,251,0.053,120.8,0,11,,
3581,Aurangabad Railway Project #3581,Aurangabad,Railway,939.5,94.0,120,79.2,0,0,22.9,53.6,665,0.051,93.7,0,3,,
3582,Nagpur Metro Project #3582,Nagpur,Metro,817.0,30.3,37,44.4,9,2,43.5,65.5,89,0.669,129.9,1,113,,
3583,Mumbai Metro Project #3583,Mumbai,Metro,653.8,65.3,53,60.2,11,10,73.5,19.0,84,0.186,147.2,0,6,,
3584,Aurangabad Railway Project #3584,Aurangabad,Railway,338.5,12.5,66,43.0,8,5,62.6,60.1,293,0.924,112.4,1,88,,
3585,Nagpur Railway Project #3585,Nagpur,Railway,983.8,93.9,105,27.6,3,10,14.0,85.6,736,0.842,142.0,1,45,,
3586,Nashik Railway Project #3586,Nashik,Railway,310.4,57.1,52,32.4,7,3,81.7,94.3,767,0.349,82.9,1,86,,
3587,Aurangabad Irrigation Project #3587,Aurangabad,Irrigation,242.5,13.9,89,30.0,11,0,64.5,35.0,247,0.38,112.1,1,142,,
3588,Aurangabad Railway Project #3588,Aurangabad,Railway,470.0,40.8,117,59.4,12,5,89.8,36.0,346,0.327,96.3,0,7,,
3589,Pune Highway Project #3589,Pune,Highway,104.0,16.9,93,91.6,11,0,47.6,34.4,540,0.092,76.4,0,3,,
3590,Nashik Railway Project #3590,Nashik,Railway,979.6,45.4,31,92.1,4,11,54.1,23.8,595,0.031,81.6,0,1,,
3591,Mumbai Railway Project #3591,Mumbai,Railway,609.0,70.3,99,14.9,0,7,46.5,48.8,576,0.452,146.0,0,14,,
3592,Nagpur Railway Project #3592,Nagpur,Railway,579.1,52.3,44,17.2,8,2,75.0,80.6,92,0.943,118.3,1,45,,
3593,Pune Metro Project #3593,Pune,Metro,673.0,44.5,50,32.1,7,15,77.7,74.1,685,0.917,78.5,1,27,,
3594,Nagpur Irrigation Project #3594,Nagpur,Irrigation,522.2,20.7,36,33.0,4,2,75.1,91.0,327,0.81,124.5,1,85,,
3595,Mumbai Railway Project #3595,Mumbai,Railway,80.5,32.0,118,18.5,10,13,36.2,42.0,688,0.629,161.4,1,65,,
3596,Mumbai Irrigation Project #3596,Mumbai,Irrigation,631.7,19.0,58,45.0,3,0,67.2,61.5,637,0.856,165.2,1,79,,
3597,Aurangabad Highway Project #3597,Aurangabad,Highway,730.4,82.7,53,62.9,7,2,40.5,79.0,306,0.515,105.5,0,5,,
3598,Mumbai Highway Project #3598,Mumbai,Highway,445.9,22.2,17,62.0,8,6,85.1,90.8,709,0.18,156.4,0,1,,
3599,Nagpur Railway Project #3599,Nagpur,Railway,769.4,63.6,0,58.9,6,9,15.0,88.5,776,0.684,119.0,0,10,,
3600,Nashik Highway Project #3600,Nashik,Highway,265.7,40.8,116,40.5,3,7,13.4,51.9,351,0.921,78.8,1,40,,
3601,Nashik Irrigation Project #3601,Nashik,Irrigation,260.2,30.3,20,73.6,6,10,19.2,91.6,433,0.02,70.0,0,0,,
3602,Aurangabad Metro Project #3602,Aurangabad,Metro,203.3,67.6,27,84.4,5,15,28.2,50.0,28,0.251,101.8,0,9,,
3603,Nagpur Railway Project #3603,Nagpur,Railway,403.4,51.1,111,41.2,10,14,13.4,91.3,13,0.265,133.2,1,26,,
3604,Nagpur Highway Project #3604,Nagpur,Highway,854.7,46.0,15,17.7,11,7,16.4,79.9,476,0.099,121.0,1,30,,
3605,Mumbai Irrigation Project #3605,Mumbai,Irrigation,836.5,63.4,47,36.7,2,2,37.5,29.9,199,0.225,146.5,0,2,,
3606,Nagpur Irrigation Project #3606,Nagpur,Irrigation,413.7,54.2,27,22.4,9,4,19.0,93.7,290,0.384,121.8,1,66,,
3607,Pune Highway Project #3607,Pune,Highway,609.7,37.3,21,52.1,2,0,82.2,31.8,72,0.94,82.6,0,6,,
3608,Mumbai Irrigation Project #3608,Mumbai,Irrigation,734.8,60.3,82,24.0,0,8,14.8,91.8,790,0.86,154.2,0,8,,
3609,Pune Irrigation Project #3609,Pune,Irrigation,279.1,70.3,111,51.7,12,14,91.7,65.4,263,0.946,88.0,0,4,,
3610,Aurangabad Railway Project #3610,Aurangabad,Railway,209.7,12.4,0,29.9,4,7,88.4,70.1,636,0.121,102.1,1,166,,
3611,Nashik Irrigation Project #3611,Nashik,Irrigation,973.5,51.9,94,76.5,7,9,28.8,19.8,781,0.028,93.8,0,1,,
3612,Aurangabad Highway Project #3612,Aurangabad,Highway,636.7,15.2,115,12.5,11,1,16.4,15.9,11,0.11,99.9,1,72,,
3613,Nashik Railway Project #3613,Nashik,Railway,982.3,26.8,115,59.9,5,9,19.5,97.2,76,0.914,73.5,1,15,,
3614,Aurangabad Highway Project #3614,Aurangabad,Highway,370.9,60.4,41,25.3,7,0,60.3,40.3,295,0.157,110.6,1,104,,
3615,Nagpur Metro Project #3615,Nagpur,Metro,717.9,88.0,97,10.1,6,12,64.1,86.0,141,0.573,109.7,1,102,,
3616,Pune Highway Project #3616,Pune,Highway,261.5,89.5,109,88.2,1,12,38.4,73.4,57,0.228,86.6,0,11,,
3617,Nashik Highway Project #3617,Nashik,Highway,298.1,16.3,103,70.4,7,3,36.7,64.4,564,0.021,56.6,0,13,,
3618,Mumbai Railway Project #3618,Mumbai,Railway,536.3,47.7,69,18.9,3,8,57.8,71.7,614,0.085,170.7,1,146,,
3619,Pune Irrigation Project #3619,Pune,Irrigation,353.6,62.5,91,69.8,10,11,37.5,18.0,662,0.71,87.3,1,83,,
3620,Mumbai Highway Project #3620,Mumbai,Highway,209.2,23.2,2,65.0,4,7,94.1,47.1,56,0.182,148.2,0,10,,
3621,Pune Railway Project #3621,Pune,Railway,299.7,78.9,94,52.6,10,15,44.4,64.6,240,0.229,109.5,0,1,,
3622,Pune Metro Project #3622,Pune,Metro,84.0,77.0,79,47.7,12,2,29.8,88.1,745,0.377,81.8,1,121,,
3623,Aurangabad Railway Project #3623,Aurangabad,Railway,719.2,91.3,80,89.8,7,9,23.1,74.3,293,0.657,122.9,0,12,,
3624,Nashik Railway Project #3624,Nashik,Railway,517.5,10.8,43,32.1,4,11,66.9,32.8,558,0.469,75.9,1,159,,
3625,Nashik Irrigation Project #3625,Nashik,Irrigation,139.5,29.5,26,45.8,4,5,39.4,98.6,37,0.945,50.2,1,99,,
3626,Pune Highway Project #3626,Pune,Highway,213.1,84.4,50,39.6,5,15,27.0,67.9,420,0.434,86.3,1,44,,
3627,Nagpur Metro Project #3627,Nagpur,Metro,147.4,70.4,23,79.4,6,11,34.8,55.1,482,0.199,124.4,0,3,,
3628,Nagpur Railway Project #3628,Nagpur,Railway,632.0,90.5,19,92.5,8,8,37.7,80.3,679,0.536,120.4,0,14,,
3629,Mumbai Highway Project #3629,Mumbai,Highway,139.5,15.1,31,86.5,10,9,66.3,64.2,231,0.451,150.4,0,6,,
3630,Mumbai Highway Project #3630,Mumbai,Highway,766.6,63.7,98,81.8,6,7,25.7,73.9,385,0.787,143.9,0,6,,
3631,Aurangabad Railway Project #3631,Aurangabad,Railway,69.5,61.2,12,98.8,5,9,76.0,65.5,18,0.935,102.9,0,1,,
3632,Pune Highway Project #3632,Pune,Highway,286.9,13.2,111,72.7,11,4,37.4,26.1,422,0.836,86.9,1,51,,
3633,Mumbai Railway Project #3633,Mumbai,Railway,896.1,56.2,42,77.6,9,11,53.9,58.9,480,0.389,169.6,0,1,,
3634,Mumbai Railway Project #3634,Mumbai,Railway,732.6,64.9,19,98.5,3,12,68.9,35.5,79,0.216,140.9,0,8,,
3635,Pune Railway Project #3635,Pune,Railway,119.3,27.2,111,10.6,10,11,58.9,61.3,351,0.914,85.2,1,24,,
3636,Aurangabad Metro Project #3636,Aurangabad,Metro,830.1,34.6,115,67.1,9,8,69.6,21.3,75,0.386,110.3,0,0,,
3637,Mumbai Railway Project #3637,Mumbai,Railway,518.4,67.6,1,76.5,11,8,39.0,30.9,616,0.77,135.4,0,5,,
3638,Aurangabad Irrigation Project #3638,Aurangabad,Irrigation,854.4,52.1,67,92.6,1,2,96.7,82.8,702,0.99,114.3,0,6,,
3639,Nashik Highway Project #3639,Nashik,Highway,620.7,87.2,90,89.5,10,11,51.3,46.5,79,0.577,57.1,0,14,,
3640,Aurangabad Metro Project #3640,Aurangabad,Metro,697.7,40.8,59,85.8,12,7,39.0,70.6,755,0.48,99.1,0,8,,
3641,Nagpur Highway Project #3641,Nagpur,Highway,993.8,34.0,88,95.1,10,3,36.7,54.8,270,0.7,108.6,0,2,,
3642,Nagpur Metro Project #3642,Nagpur,Metro,270.7,98.6,3,58.4,8,9,13.8,40.7,541,0.194,103.6,0,8,,
3643,Aurangabad Irrigation Project #3643,Aurangabad,Irrigation,642.7,92.0,95,10.6,9,6,71.6,54.6,405,0.488,122.7,1,149,,
3644,Nagpur Metro Project #3644,Nagpur,Metro,487.3,12.6,16,11.0,10,9,33.6,83.2,367,0.312,125.2,1,116,,
3645,Nashik Metro Project #3645,Nashik,Metro,87.5,79.4,0,59.0,4,7,96.3,35.3,367,0.164,79.2,0,4,,
3646,Pune Metro Project #3646,Pune,Metro,63.7,19.9,32,49.2,4,6,28.9,47.9,401,0.61,98.3,1,62,,
3647,Nagpur Highway Project #3647,Nagpur,Highway,163.3,12.5,29,50.6,10,4,57.7,28.2,385,0.576,118.3,0,4,,
3648,Nagpur Railway Project #3648,Nagpur,Railway,666.6,34.6,4,46.0,11,10,76.2,41.6,195,0.761,119.7,1,81,,
3649,Aurangabad Highway Project #3649,Aurangabad,Highway,588.8,34.2,117,92.6,2,0,88.3,89.7,314,0.873,120.1,0,9,,
3650,Nashik Railway Project #3650,Nashik,Railway,575.8,83.7,11,42.3,12,11,24.1,80.7,73,0.22,86.4,1,120,,
3651,Pune Highway Project #3651,Pune,Highway,80.3,74.0,101,87.1,2,7,98.7,43.6,187,0.78,77.4,0,7,,
3652,Aurangabad Irrigation Project #3652,Aurangabad,Irrigation,495.8,98.3,31,91.3,0,4,91.6,21.9,244,0.367,135.2,0,9,,
3653,Aurangabad Irrigation Project #3653,Aurangabad,Irrigation,928.4,74.0,37,55.0,11,2,96.7,47.8,771,0.629,96.8,0,9,,
3654,Nashik Metro Project #3654,Nashik,Metro,427.7,47.6,120,50.2,10,1,86.7,79.5,49,0.85,65.4,0,8,,
3655,Pune Irrigation Project #3655,Pune,Irrigation,643.7,72.9,16,78.5,4,2,89.0,13.9,296,0.256,90.7,0,5,,
3656,Nashik Metro Project #3656,Nashik,Metro,790.8,100.0,57,73.7,2,12,63.9,77.1,268,0.601,71.7,0,2,,
3657,Pune Railway Project #3657,Pune,Railway,794.7,73.9,117,39.6,10,8,86.1,71.2,476,0.48,109.6,1,129,,
3658,Nashik Irrigation Project #3658,Nashik,Irrigation,543.3,78.6,108,19.2,1,1,58.1,15.8,249,0.791,80.1,0,8,,
3659,Aurangabad Railway Project #3659,Aurangabad,Railway,865.1,94.5,39,33.8,10,13,58.4,67.2,512,0.697,114.1,1,83,,
3660,Aurangabad Highway Project #3660,Aurangabad,Highway,421.8,20.2,95,21.8,8,9,60.6,36.9,593,0.77,120.4,1,174,,
3661,Mumbai Railway Project #3661,Mumbai,Railway,894.3,73.4,23,36.5,12,0,99.7,26.0,551,0.288,153.5,1,114,,
3662,Nagpur Highway Project #3662,Nagpur,Highway,278.2,86.6,11,33.6,9,15,19.4,44.6,360,0.704,113.2,1,59,,
3663,Nashik Railway Project #3663,Nashik,Railway,316.2,95.9,110,67.4,5,14,82.5,28.5,550,0.606,74.9,0,9,,
3664,Mumbai Railway Project #3664,Mumbai,Railway,100.5,29.0,94,95.9,2,1,34.6,84.2,321,0.457,150.7,0,12,,
3665,Nagpur Irrigation Project #3665,Nagpur,Irrigation,805.8,55.4,18,71.7,6,12,42.5,76.8,608,0.378,111.6,0,3,,
3666,Nashik Railway Project #3666,Nashik,Railway,446.2,71.2,28,93.4,11,14,17.2,98.3,117,0.332,82.6,0,1,,
3667,Pune Irrigation Project #3667,Pune,Irrigation,267.7,32.3,84,80.6,8,1,41.6,58.1,39,0.01,89.5,0,13,,
3668,Nagpur Irrigation Project #3668,Nagpur,Irrigation,270.2,64.0,89,75.5,8,11,99.2,18.0,318,0.17,108.8,0,5,,
3669,Aurangabad Metro Project #3669,Aurangabad,Metro,906.3,33.2,51,47.3,0,10,45.7,43.1,495,0.059,100.4,0,11,,
3670,Mumbai Metro Project #3670,Mumbai,Metro,842.2,40.0,91,39.2,1,14,70.3,85.5,55,0.848,155.3,0,9,,
3671,Nagpur Highway Project #3671,Nagpur,Highway,575.9,49.7,16,86.2,7,4,20.9,45.7,368,0.86,130.5,0,6,,
3672,Nagpur Railway Project #3672,Nagpur,Railway,635.3,57.6,72,91.5,10,0,93.0,51.0,146,0.846,124.8,0,1,,
3673,Aurangabad Highway Project #3673,Aurangabad,Highway,500.6,50.4,20,50.7,0,12,84.5,47.1,784,0.818,114.9,0,12,,
3674,Nashik Railway Project #3674,Nashik,Railway,422.1,54.4,113,10.8,10,11,44.8,31.2,584,0.221,61.9,1,78,,
3675,Pune Metro Project #3675,Pune,Metro,919.7,36.9,59,81.3,11,14,41.4,16.6,440,0.492,90.9,1,55,,
3676,Aurangabad Metro Project #3676,Aurangabad,Metro,169.3,24.3,97,35.7,10,9,48.9,26.3,565,0.908,106.7,1,29,,
3677,Pune Railway Project #3677,Pune,Railway,447.5,14.3,74,10.9,2,7,46.1,42.8,260,0.76,88.1,0,8,,
3678,Nashik Railway Project #3678,Nashik,Railway,377.3,27.6,118,82.4,10,1,33.2,32.1,442,0.002,68.9,0,14,,
3679,Nagpur Metro Project #3679,Nagpur,Metro,523.2,62.4,19,56.6,6,5,99.2,61.5,216,0.459,113.4,0,6,,
3680,Pune Metro Project #3680,Pune,Metro,484.8,80.8,112,71.7,7,4,82.9,65.3,455,0.011,97.5,0,14,,
3681,Mumbai Highway Project #3681,Mumbai,Highway,542.9,25.2,52,92.3,4,1,34.1,61.3,68,0.281,139.9,0,11,,
3682,Mumbai Metro Project #3682,Mumbai,Metro,182.9,19.8,113,58.7,1,9,98.4,17.6,215,0.436,137.0,0,11,,
3683,Aurangabad Railway Project #3683,Aurangabad,Railway,537.5,77.4,110,55.3,2,11,11.4,70.0,340,0.893,102.1,1,137,,
3684,Nashik Highway Project #3684,Nashik,Highway,280.3,37.5,102,36.2,8,0,49.4,44.6,605,0.654,78.8,1,148,,
3685,Aurangabad Railway Project #3685,Aurangabad,Railway,225.1,95.6,79,37.5,12,5,61.3,89.0,534,0.362,113.4,1,141,,
3686,Aurangabad Irrigation Project #3686,Aurangabad,Irrigation,111.6,74.3,62,81.7,10,13,13.4,57.3,758,0.491,92.2,1,89,,
3687,Aurangabad Highway Project #3687,Aurangabad,Highway,774.5,39.4,56,50.4,12,5,24.5,17.6,167,0.817,116.0,0,10,,
3688,Mumbai Railway Project #3688,Mumbai,Railway,456.1,36.1,28,24.7,9,14,33.2,10.8,113,0.3,149.5,1,88,,
3689,Mumbai Metro Project #3689,Mumbai,Metro,645.3,57.1,0,18.5,6,2,74.8,73.2,368,0.615,145.8,1,170,,
3690,Aurangabad Irrigation Project #3690,Aurangabad,Irrigation,741.2,17.1,81,52.6,12,12,94.6,46.0,374,0.262,107.6,0,14,,
3691,Mumbai Railway Project #3691,Mumbai,Railway,695.4,20.6,58,51.8,0,7,66.2,35.9,564,0.48,136.7,0,0,,
3692,Nashik Highway Project #3692,Nashik,Highway,497.0,25.8,63,68.8,2,8,60.6,50.2,188,0.025,71.7,0,13,,
3693,Aurangabad Railway Project #3693,Aurangabad,Railway,418.5,79.7,85,52.4,8,2,58.3,16.5,367,0.852,97.3,0,4,,
3694,Mumbai Irrigation Project #3694,Mumbai,Irrigation,407.2,56.2,71,22.9,6,8,41.6,45.3,273,0.048,146.5,1,106,,
3695,Pune Highway Project #3695,Pune,Highway,658.0,11.0,70,55.7,11,7,84.5,38.3,764,0.224,86.5,0,11,,
3696,Aurangabad Irrigation Project #3696,Aurangabad,Irrigation,520.1,70.6,88,91.6,12,4,58.7,82.0,558,0.334,117.7,0,1,,
3697,Aurangabad Railway Project #3697,Aurangabad,Railway,856.7,48.1,93,24.3,12,5,30.7,25.7,362,0.625,110.4,1,43,,
3698,Nashik Metro Project #3698,Nashik,Metro,881.0,56.0,97,72.1,12,11,22.3,78.1,373,0.72,77.1,1,173,,
3699,Nagpur Metro Project #3699,Nagpur,Metro,212.0,29.3,43,63.4,1,11,98.7,55.0,259,0.08,108.0,0,2,,
3700,Nagpur Railway Project #3700,Nagpur,Railway,179.4,59.7,47,77.4,5,11,11.6,17.4,129,0.043,118.9,0,4,,
3701,Nashik Railway Project #3701,Nashik,Railway,648.9,98.1,104,23.6,8,0,94.0,97.3,201,0.799,75.3,1,46,,
3702,Nashik Railway Project #3702,Nashik,Railway,336.2,16.6,115,94.7,3,4,29.6,76.1,71,0.712,82.4,0,7,,
3703,Nashik Highway Project #3703,Nashik,Highway,67.6,35.6,74,65.9,9,9,69.2,33.4,219,0.832,58.6,0,13,,
3704,Nagpur Irrigation Project #3704,Nagpur,Irrigation,894.2,31.9,14,86.2,1,15,37.1,62.4,61,0.677,111.6,0,7,,
3705,Nashik Irrigation Project #3705,Nashik,Irrigation,265.6,32.4,34,32.2,2,9,87.4,91.0,731,0.751,75.1,0,8,,
3706,Mumbai Irrigation Project #3706,Mumbai,Irrigation,932.8,44.1,22,76.5,6,11,58.9,93.8,322,0.379,166.1,0,11,,
3707,Aurangabad Railway Project #3707,Aurangabad,Railway,731.6,83.6,52,80.3,3,6,22.7,75.8,288,0.59,112.9,0,2,,
3708,Aurangabad Irrigation Project #3708,Aurangabad,Irrigation,774.5,92.2,44,45.8,6,0,34.3,75.5,397,0.805,98.9,1,116,,
3709,Pune Railway Project #3709,Pune,Railway,241.4,28.2,84,44.6,4,9,38.8,35.0,211,0.172,79.1,1,139,,
3710,Pune Highway Project #3710,Pune,Highway,272.5,58.9,91,69.2,7,8,89.7,99.1,148,0.423,91.3,0,5,,
3711,Aurangabad Metro Project #3711,Aurangabad,Metro,545.2,67.3,12,18.4,7,12,79.0,31.9,28,0.74,113.6,1,97,,
3712,Mumbai Railway Project #3712,Mumbai,Railway,213.5,57.0,33,76.2,4,6,84.7,18.0,330,0.533,147.8,0,11,,
3713,Nagpur Railway Project #3713,Nagpur,Railway,340.2,49.1,37,13.9,6,14,14.7,98.0,104,0.682,109.2,1,55,,
3714,Nagpur Metro Project #3714,Nagpur,Metro,355.4,27.3,69,27.2,10,3,62.1,23.8,139,0.293,131.0,1,126,,
3715,Mumbai Metro Project #3715,Mumbai,Metro,201.6,53.9,107,69.8,5,10,99.9,56.9,114,0.032,146.5,0,1,,
3716,Nagpur Highway Project #3716,Nagpur,Highway,244.9,46.1,67,18.8,12,3,80.7,52.1,206,0.029,125.3,1,87,,
3717,Nashik Irrigation Project #3717,Nashik,Irrigation,799.1,81.6,4,97.5,7,10,20.9,86.3,269,0.943,52.3,0,0,,
3718,Aurangabad Railway Project #3718,Aurangabad,Railway,208.8,78.7,118,88.2,8,14,71.1,45.7,48,0.945,122.0,0,2,,
3719,Aurangabad Irrigation Project #3719,Aurangabad,Irrigation,77.0,22.1,39,66.4,4,9,77.1,55.2,510,0.211,103.2,0,3,,
3720,Mumbai Railway Project #3720,Mumbai,Railway,647.9,18.0,69,83.7,6,6,56.3,13.9,140,0.147,163.4,0,10,,
3721,Nagpur Highway Project #3721,Nagpur,Highway,977.2,91.7,20,89.9,0,5,17.1,28.7,163,0.018,126.1,0,13,,
3722,Pune Metro Project #3722,Pune,Metro,364.7,58.2,27,33.4,10,2,13.1,85.0,562,0.231,75.7,1,133,,
3723,Pune Highway Project #3723,Pune,Highway,162.7,87.2,2,86.4,7,13,94.4,53.1,330,0.334,92.5,0,13,,
3724,Nagpur Metro Project #3724,Nagpur,Metro,591.9,15.2,22,27.5,2,8,33.2,30.8,131,0.241,136.6,0,4,,
3725,Pune Irrigation Project #3725,Pune,Irrigation,911.0,57.4,71,47.2,0,15,44.1,43.2,765,0.797,84.0,0,10,,
3726,Mumbai Irrigation Project #3726,Mumbai,Irrigation,794.9,58.5,18,60.2,5,14,81.6,35.7,766,0.749,166.6,0,5,,
3727,Mumbai Highway Project #3727,Mumbai,Highway,641.4,87.5,116,74.3,12,5,72.0,60.1,153,0.081,153.9,0,12,,
3728,Nagpur Metro Project #3728,Nagpur,Metro,349.3,18.8,74,12.7,7,10,97.2,14.6,195,0.697,133.4,1,24,,
3729,Pune Highway Project #3729,Pune,Highway,564.8,31.6,49,36.1,10,1,18.4,30.2,556,0.521,91.6,1,46,,
3730,Mumbai Metro Project #3730,Mumbai,Metro,136.7,46.6,73,64.8,2,9,73.6,41.9,220,0.132,148.8,0,14,,
3731,Mumbai Metro Project #3731,Mumbai,Metro,695.0,87.9,57,42.2,0,14,17.4,93.5,409,0.74,168.4,0,13,,
3732,Nashik Irrigation Project #3732,Nashik,Irrigation,738.8,94.5,91,79.8,2,11,10.0,66.1,42,0.086,77.2,0,14,,
3733,Nashik Irrigation Project #3733,Nashik,Irrigation,966.8,99.3,19,68.6,4,1,20.8,55.4,168,0.177,67.6,0,12,,
3734,Mumbai Metro Project #3734,Mumbai,Metro,297.4,96.3,107,31.1,10,0,65.5,27.2,415,0.149,154.2,1,130,,
3735,Nagpur Metro Project #3735,Nagpur,Metro,67.5,10.5,115,23.1,7,10,70.9,60.2,373,0.939,114.4,1,64,,
3736,Aurangabad Metro Project #3736,Aurangabad,Metro,568.3,14.3,91,66.6,8,4,49.5,93.6,713,0.698,111.1,0,7,,
3737,Aurangabad Irrigation Project #3737,Aurangabad,Irrigation,721.5,23.3,92,50.5,12,9,14.1,61.0,172,0.411,122.0,0,8,,
3738,Mumbai Irrigation Project #3738,Mumbai,Irrigation,800.9,41.4,71,25.2,11,5,67.1,24.8,773,0.822,148.4,1,16,,
3739,Mumbai Railway Project #3739,Mumbai,Railway,234.1,84.7,82,39.4,8,2,17.7,99.7,560,0.216,141.3,1,18,,
3740,Mumbai Metro Project #3740,Mumbai,Metro,298.7,90.3,52,37.3,3,3,22.8,54.9,140,0.931,140.3,1,15,,
3741,Nagpur Railway Project #3741,Nagpur,Railway,537.0,26.8,111,19.7,7,4,56.1,38.8,105,0.697,120.7,1,164,,
3742,Nashik Metro Project #3742,Nashik,Metro,364.1,65.8,84,59.2,10,3,40.6,55.3,662,0.56,61.9,0,13,,
3743,Mumbai Irrigation Project #3743,Mumbai,Irrigation,867.5,92.6,81,78.7,4,8,51.8,33.7,279,0.795,135.7,0,4,,
3744,Mumbai Railway Project #3744,Mumbai,Railway,500.1,51.7,8,61.8,2,11,67.2,12.7,690,0.645,138.0,0,12,,
3745,Pune Railway Project #3745,Pune,Railway,809.6,19.3,3,84.4,4,2,24.4,90.1,376,0.887,101.8,0,2,,
3746,Nagpur Highway Project #3746,Nagpur,Highway,601.6,51.2,40,21.5,1,4,90.4,48.6,796,0.829,118.6,0,9,,
3747,Mumbai Metro Project #3747,Mumbai,Metro,784.4,43.8,24,49.2,10,6,60.4,77.8,374,0.198,150.6,1,105,,
3748,Pune Irrigation Project #3748,Pune,Irrigation,366.0,62.0,33,64.8,10,11,12.0,97.4,443,0.24,80.3,0,12,,
3749,Aurangabad Highway Project #3749,Aurangabad,Highway,839.8,49.5,72,70.8,10,11,66.6,66.9,620,0.065,104.2,0,11,,
3750,Mumbai Highway Project #3750,Mumbai,Highway,310.8,11.6,8,72.6,5,15,51.7,72.2,70,0.22,143.9,0,10,,
3751,Mumbai Metro Project #3751,Mumbai,Metro,568.8,99.5,81,75.6,0,6,73.1,94.9,332,0.343,147.2,0,10,,
3752,Pune Highway Project #3752,Pune,Highway,253.3,58.9,74,68.6,5,13,80.6,56.5,738,0.029,73.4,0,8,,
3753,Nagpur Metro Project #3753,Nagpur,Metro,501.8,52.6,12,18.5,12,5,94.5,38.8,598,0.315,130.9,1,38,,
3754,Mumbai Highway Project #3754,Mumbai,Highway,352.3,95.9,101,72.6,4,8,99.9,92.9,217,0.772,149.8,0,8,,
3755,Aurangabad Metro Project #3755,Aurangabad,Metro,303.4,24.0,8,75.2,12,14,59.5,16.2,357,0.84,112.0,1,49,,
3756,Mumbai Irrigation Project #3756,Mumbai,Irrigation,968.6,27.0,79,99.4,8,6,60.5,29.3,54,0.009,159.1,0,0,,
3757,Aurangabad Metro Project #3757,Aurangabad,Metro,202.1,82.7,3,72.4,12,10,12.0,40.7,356,0.007,118.4,0,3,,
3758,Nashik Metro Project #3758,Nashik,Metro,798.0,33.5,33,71.8,6,3,87.9,80.4,723,0.146,64.2,0,0,,
3759,Nashik Railway Project #3759,Nashik,Railway,985.0,81.9,6,56.3,5,10,12.6,91.4,731,0.873,76.0,0,4,,
3760,Aurangabad Irrigation Project #3760,Aurangabad,Irrigation,68.9,34.4,14,88.1,10,9,66.9,50.7,656,0.469,115.9,0,11,,
3761,Nagpur Irrigation Project #3761,Nagpur,Irrigation,714.1,13.0,120,99.7,11,8,18.9,35.8,378,0.983,123.2,1,112,,
3762,Mumbai Irrigation Project #3762,Mumbai,Irrigation,290.3,56.5,37,80.1,6,5,35.7,41.8,543,0.887,160.6,0,4,,
3763,Mumbai Highway Project #3763,Mumbai,Highway,88.5,27.7,74,65.1,9,14,22.6,69.1,367,0.89,158.0,1,146,,
3764,Nashik Railway Project #3764,Nashik,Railway,432.7,78.2,95,17.1,4,0,22.4,24.2,504,0.128,77.3,1,125,,
3765,Aurangabad Irrigation Project #3765,Aurangabad,Irrigation,938.5,67.7,90,75.4,0,8,16.7,59.3,69,0.475,123.7,1,79,,
3766,Mumbai Highway Project #3766,Mumbai,Highway,61.2,93.1,93,73.8,8,10,38.6,63.0,307,0.994,150.3,1,160,,
3767,Mumbai Highway Project #3767,Mumbai,Highway,608.5,80.5,51,79.8,4,6,48.1,73.7,68,0.149,150.6,0,5,,
3768,Nagpur Highway Project #3768,Nagpur,Highway,526.3,26.3,80,21.2,3,5,51.8,64.4,433,0.574,128.2,1,37,,
3769,Pune Railway Project #3769,Pune,Railway,879.7,82.0,99,68.8,5,5,49.6,18.7,240,0.344,88.2,0,2,,
3770,Nashik Highway Project #3770,Nashik,Highway,129.8,67.8,82,36.6,4,15,57.1,72.0,704,0.388,74.8,1,18,,
3771,Nashik Railway Project #3771,Nashik,Railway,697.4,70.2,6,78.4,0,3,87.4,12.0,457,0.891,64.4,0,14,,
3772,Pune Metro Project #3772,Pune,Metro,696.1,84.9,106,31.6,1,3,66.9,45.1,622,0.588,67.2,0,4,,
3773,Mumbai Highway Project #3773,Mumbai,Highway,685.6,61.6,44,71.6,3,10,11.6,47.5,635,0.759,156.0,1,120,,
3774,Nagpur Irrigation Project #3774,Nagpur,Irrigation,945.2,51.9,58,36.5,7,2,25.6,20.5,377,0.673,104.5,1,151,,
3775,Nagpur Highway Project #3775,Nagpur,Highway,831.9,67.3,20,10.8,4,7,41.4,10.9,563,0.529,113.0,1,165,,
3776,Nashik Metro Project #3776,Nashik,Metro,89.9,36.8,27,67.0,6,7,95.4,16.4,38,0.792,78.2,0,12,,
3777,Nagpur Metro Project #3777,Nagpur,Metro,497.5,26.4,2,20.2,1,1,17.0,50.2,286,0.971,128.3,0,6,,
3778,Pune Highway Project #3778,Pune,Highway,428.1,65.5,13,69.3,7,15,73.9,31.6,618,0.967,101.8,0,8,,
3779,Mumbai Metro Project #3779,Mumbai,Metro,344.6,31.0,1,93.3,4,15,13.0,16.2,712,0.789,129.8,1,152,,
3780,Pune Railway Project #3780,Pune,Railway,478.8,17.2,28,97.2,3,4,42.6,33.1,388,0.487,93.0,0,2,,
3781,Aurangabad Railway Project #3781,Aurangabad,Railway,415.0,10.0,17,31.2,8,15,79.3,57.6,47,0.163,107.4,1,161,,
3782,Nashik Highway Project #3782,Nashik,Highway,460.7,64.7,36,82.8,5,12,41.0,76.8,216,0.044,79.9,0,8,,
3783,Nagpur Railway Project #3783,Nagpur,Railway,980.3,42.6,44,41.8,3,15,48.7,47.1,715,0.231,134.8,1,36,,
3784,Aurangabad Railway Project #3784,Aurangabad,Railway,134.2,77.7,44,91.0,7,8,91.5,65.2,661,0.34,96.9,0,4,,
3785,Nagpur Irrigation Project #3785,Nagpur,Irrigation,926.1,43.8,23,80.9,2,11,16.0,63.7,298,0.13,120.2,0,7,,
3786,Mumbai Highway Project #3786,Mumbai,Highway,506.2,53.7,119,16.7,12,13,57.5,90.7,502,0.225,158.3,1,89,,
3787,Mumbai Metro Project #3787,Mumbai,Metro,642.6,46.6,45,46.6,9,14,43.0,26.1,778,0.084,146.6,1,104,,
3788,Mumbai Highway Project #3788,Mumbai,Highway,838.7,68.6,11,40.4,1,8,96.7,52.9,234,0.524,167.5,0,6,,
3789,Nagpur Railway Project #3789,Nagpur,Railway,392.4,42.1,52,80.7,6,6,81.4,66.9,461,0.126,116.0,0,1,,
3790,Aurangabad Irrigation Project #3790,Aurangabad,Irrigation,458.9,96.7,44,46.9,11,13,21.0,56.8,37,0.743,107.0,1,171,,
3791,Mumbai Highway Project #3791,Mumbai,Highway,439.0,94.3,31,71.6,3,3,93.5,50.5,711,0.333,139.3,0,5,,
3792,Aurangabad Highway Project #3792,Aurangabad,Highway,406.0,86.3,17,64.2,3,3,29.0,97.6,766,0.672,111.5,0,6,,
3793,Nagpur Railway Project #3793,Nagpur,Railway,929.3,92.8,12,97.8,9,9,17.6,94.8,343,0.883,89.8,0,7,,
3794,Aurangabad Railway Project #3794,Aurangabad,Railway,837.5,50.4,3,94.4,8,10,58.7,65.0,382,0.086,107.5,0,4,,
3795,Nagpur Highway Project #3795,Nagpur,Highway,153.5,58.3,22,48.5,1,6,76.3,49.6,570,0.989,132.7,0,0,,
3796,Nagpur Railway Project #3796,Nagpur,Railway,152.7,76.8,61,75.1,0,2,74.4,78.0,310,0.645,106.0,0,2,,
3797,Nashik Railway Project #3797,Nashik,Railway,456.5,72.7,53,84.7,6,2,58.1,56.2,213,0.053,53.8,0,9,,
3798,Nagpur Railway Project #3798,Nagpur,Railway,143.7,90.2,73,90.9,11,4,54.3,99.6,388,0.314,131.2,0,14,,
3799,Nagpur Railway Project #3799,Nagpur,Railway,638.1,74.5,54,16.1,7,10,97.3,71.7,124,0.886,132.5,1,142,,
3800,Pune Railway Project #3800,Pune,Railway,186.5,99.8,68,37.2,2,12,83.9,16.1,29,0.596,76.4,0,14,,
3801,Mumbai Irrigation Project #3801,Mumbai,Irrigation,546.3,41.4,113,38.8,1,5,72.9,46.2,606,0.287,167.3,0,5,,
3802,Nashik Railway Project #3802,Nashik,Railway,56.9,85.0,39,49.1,3,7,27.6,75.7,405,0.94,74.3,1,142,,
3803,Nashik Metro Project #3803,Nashik,Metro,350.8,72.8,13,25.2,1,0,83.8,85.8,774,0.787,80.5,0,4,,
3804,Nashik Highway Project #3804,Nashik,Highway,693.3,72.2,97,54.7,11,6,77.5,83.2,61,0.736,62.1,0,0,,
3805,Pune Irrigation Project #3805,Pune,Irrigation,509.8,39.3,27,69.7,1,7,99.3,98.0,669,0.888,104.9,0,3,,
3806,Nagpur Irrigation Project #3806,Nagpur,Irrigation,979.4,80.7,71,54.8,4,4,22.0,54.0,195,0.77,117.3,0,4,,
3807,Mumbai Railway Project #3807,Mumbai,Railway,880.4,91.0,79,69.9,9,11,74.4,22.6,694,0.287,146.9,0,1,,
3808,Aurangabad Highway Project #3808,Aurangabad,Highway,391.1,29.7,94,16.0,4,9,98.1,68.7,362,0.584,114.8,1,134,,
3809,Nagpur Metro Project #3809,Nagpur,Metro,93.2,66.3,70,88.8,7,14,51.6,16.4,123,0.842,116.1,0,4,,
3810,Pune Railway Project #3810,Pune,Railway,853.3,45.3,66,94.5,8,1,76.0,97.6,523,0.181,74.8,0,2,,
3811,Nagpur Highway Project #3811,Nagpur,Highway,915.7,99.1,28,65.6,1,3,97.8,78.3,555,0.163,121.3,0,7,,
3812,Nagpur Railway Project #3812,Nagpur,Railway,829.6,53.1,99,89.3,0,5,59.3,98.4,291,0.159,116.8,0,14,,
3813,Pune Railway Project #3813,Pune,Railway,171.6,30.5,60,21.8,2,14,72.9,44.0,682,0.194,82.3,0,9,,
3814,Nashik Railway Project #3814,Nashik,Railway,998.0,44.4,102,81.8,5,8,11.8,11.4,179,0.103,82.4,0,13,,
3815,Nashik Railway Project #3815,Nashik,Railway,295.7,68.8,67,20.7,4,1,56.8,56.9,615,0.838,93.9,1,119,,
3816,Mumbai Railway Project #3816,Mumbai,Railway,738.0,16.8,8,46.7,7,14,33.0,20.9,769,0.818,140.8,1,139,,
3817,Mumbai Railway Project #3817,Mumbai,Railway,912.6,64.3,118,39.1,7,3,21.8,71.2,330,0.151,152.0,1,100,,
3818,Nashik Railway Project #3818,Nashik,Railway,273.9,93.8,16,62.7,1,9,73.8,54.8,375,0.706,66.0,0,14,,
3819,Aurangabad Metro Project #3819,Aurangabad,Metro,912.8,86.5,48,37.1,8,4,13.5,77.8,529,0.627,132.9,1,33,,
3820,Nagpur Irrigation Project #3820,Nagpur,Irrigation,344.0,16.1,62,67.4,3,13,91.4,36.2,119,0.276,124.9,0,3,,
3821,Aurangabad Metro Project #3821,Aurangabad,Metro,977.6,99.4,83,43.1,0,15,56.6,84.6,553,0.227,119.3,0,11,,
3822,Nagpur Railway Project #3822,Nagpur,Railway,317.2,72.9,77,87.5,1,7,68.3,68.6,572,0.251,131.8,0,10,,
3823,Nashik Railway Project #3823,Nashik,Railway,955.8,24.6,45,67.0,10,7,32.8,98.9,689,0.731,71.3,0,14,,
3824,Mumbai Metro Project #3824,Mumbai,Metro,100.9,11.1,92,29.4,5,1,26.4,26.1,587,0.319,148.1,1,142,,
3825,Mumbai Metro Project #3825,Mumbai,Metro,723.8,25.4,120,40.3,4,5,31.9,14.6,552,0.278,165.2,1,121,,
3826,Aurangabad Irrigation Project #3826,Aurangabad,Irrigation,555.5,85.4,12,86.3,11,5,30.9,86.6,333,0.022,117.8,0,0,,
3827,Mumbai Metro Project #3827,Mumbai,Metro,504.0,11.9,99,44.8,6,12,87.8,40.5,21,0.908,141.5,1,94,,
3828,Nashik Irrigation Project #3828,Nashik,Irrigation,262.3,31.0,44,58.2,8,14,80.9,48.8,32,0.753,62.8,0,5,,
3829,Aurangabad Railway Project #3829,Aurangabad,Railway,720.3,78.2,52,68.4,5,13,86.7,93.3,170,0.473,106.1,0,10,,
3830,Nagpur Highway Project #3830,Nagpur,Highway,231.3,62.7,16,41.3,5,4,76.1,49.7,273,0.943,131.6,1,46,,
3831,Mumbai Highway Project #3831,Mumbai,Highway,575.2,80.4,46,36.5,1,7,67.9,36.8,711,0.294,164.7,0,0,,
3832,Pune Highway Project #3832,Pune,Highway,290.6,77.2,61,52.8,6,9,57.5,15.4,389,0.675,111.5,0,0,,
3833,Mumbai Highway Project #3833,Mumbai,Highway,957.8,14.6,49,29.3,1,1,33.9,49.9,762,0.305,142.9,0,9,,
3834,Nagpur Railway Project #3834,Nagpur,Railway,77.2,90.3,42,35.6,12,13,73.5,68.9,89,0.315,121.4,1,172,,
3835,Aurangabad Highway Project #3835,Aurangabad,Highway,239.7,30.4,67,15.6,6,12,22.3,34.2,280,0.845,106.0,1,119,,
3836,Nagpur Metro Project #3836,Nagpur,Metro,280.2,59.8,83,37.4,7,1,56.0,74.6,434,0.787,118.2,1,136,,
3837,Pune Metro Project #3837,Pune,Metro,443.4,68.0,74,38.9,11,13,27.6,53.0,625,0.294,99.3,1,159,,
3838,Nashik Highway Project #3838,Nashik,Highway,271.1,25.2,105,96.6,0,6,55.4,87.2,445,0.081,69.5,0,10,,
3839,Mumbai Metro Project #3839,Mumbai,Metro,516.8,97.9,85,63.1,8,8,36.5,24.6,87,0.358,163.2,0,4,,
3840,Aurangabad Irrigation Project #3840,Aurangabad,Irrigation,878.8,53.9,108,80.9,7,2,14.8,78.1,533,0.76,104.8,0,10,,
3841,Nashik Railway Project #3841,Nashik,Railway,726.5,15.2,117,14.1,8,14,55.3,93.9,120,0.101,77.4,1,125,,
3842,Nagpur Highway Project #3842,Nagpur,Highway,601.0,94.4,71,19.6,4,6,26.4,76.7,461,0.672,115.6,1,26,,
3843,Aurangabad Highway Project #3843,Aurangabad,Highway,134.6,62.8,27,83.3,12,2,24.5,46.5,423,0.89,91.6,0,8,,
3844,Nashik Railway Project #3844,Nashik,Railway,709.3,72.9,44,66.1,3,11,44.6,30.7,269,0.179,59.8,0,3,,
3845,Aurangabad Metro Project #3845,Aurangabad,Metro,208.1,57.3,40,27.2,0,5,42.6,18.9,360,0.862,111.2,0,3,,
3846,Pune Railway Project #3846,Pune,Railway,797.0,85.1,93,46.4,8,2,88.0,67.8,717,0.051,109.2,1,62,,
3847,Pune Railway Project #3847,Pune,Railway,287.6,13.0,96,58.5,3,0,60.8,22.9,193,0.667,85.4,0,10,,
3848,Mumbai Metro Project #3848,Mumbai,Metro,446.2,34.2,96,85.9,3,5,86.9,85.4,667,0.791,148.3,0,6,,
3849,Mumbai Railway Project #3849,Mumbai,Railway,382.9,52.3,110,15.4,3,10,23.2,96.5,184,0.445,154.9,1,133,,
3850,Pune Metro Project #3850,Pune,Metro,865.9,16.9,117,63.7,1,2,42.2,22.2,721,0.204,84.0,0,8,,
3851,Aurangabad Metro Project #3851,Aurangabad,Metro,170.2,73.5,35,74.5,11,0,60.0,43.8,709,0.925,105.2,0,6,,
3852,Pune Railway Project #3852,Pune,Railway,587.4,45.4,90,98.0,10,15,23.8,94.4,627,0.02,90.7,0,7,,
3853,Mumbai Irrigation Project #3853,Mumbai,Irrigation,185.0,34.5,83,82.6,12,4,21.5,52.4,395,0.555,145.6,0,9,,
3854,Pune Metro Project #3854,Pune,Metro,719.6,10.3,32,34.9,3,7,69.5,58.2,594,0.373,72.2,1,60,,
3855,Pune Railway Project #3855,Pune,Railway,909.8,74.8,24,73.9,1,7,68.8,77.3,281,0.461,83.5,0,6,,
3856,Aurangabad Metro Project #3856,Aurangabad,Metro,462.9,85.0,107,78.7,7,7,31.1,28.9,735,0.537,116.1,0,8,,
3857,Nashik Irrigation Project #3857,Nashik,Irrigation,513.7,45.6,106,75.7,6,2,30.4,98.1,195,0.535,76.5,0,5,,
3858,Mumbai Irrigation Project #3858,Mumbai,Irrigation,931.1,60.8,18,83.8,10,14,77.1,80.3,661,0.204,163.4,0,10,,
3859,Aurangabad Highway Project #3859,Aurangabad,Highway,544.9,30.5,46,91.3,9,7,20.5,24.5,176,0.68,122.6,0,8,,
3860,Pune Metro Project #3860,Pune,Metro,513.2,66.0,84,18.9,1,3,93.1,20.0,152,0.019,81.0,0,2,,
3861,Pune Metro Project #3861,Pune,Metro,599.4,11.1,105,19.4,1,14,94.9,94.1,502,0.021,82.5,0,3,,
3862,Nashik Railway Project #3862,Nashik,Railway,704.8,54.0,32,81.7,1,7,88.4,71.7,81,0.478,63.0,0,8,,
3863,Mumbai Metro Project #3863,Mumbai,Metro,151.5,68.0,119,32.7,0,2,29.0,13.5,353,0.542,148.5,0,1,,
3864,Mumbai Highway Project #3864,Mumbai,Highway,830.1,92.6,66,15.3,12,15,11.5,22.8,508,0.275,143.8,1,175,,
3865,Nagpur Irrigation Project #3865,Nagpur,Irrigation,463.7,44.3,13,46.1,5,2,94.3,14.3,156,0.552,118.3,1,121,,
3866,Mumbai Irrigation Project #3866,Mumbai,Irrigation,118.7,78.9,78,83.8,5,0,41.0,97.7,622,0.516,141.3,0,9,,
3867,Nashik Highway Project #3867,Nashik,Highway,796.9,63.8,32,21.4,0,7,37.9,54.8,510,0.349,77.8,0,7,,
3868,Nagpur Metro Project #3868,Nagpur,Metro,408.1,93.4,41,70.5,10,7,33.6,51.6,347,0.652,110.5,0,10,,
3869,Nagpur Metro Project #3869,Nagpur,Metro,145.3,45.9,85,10.3,0,8,32.0,96.0,94,0.958,110.0,1,86,,
3870,Pune Highway Project #3870,Pune,Highway,652.1,38.7,64,19.9,5,5,76.1,55.4,152,0.491,95.2,1,140,,
3871,Pune Railway Project #3871,Pune,Railway,886.1,89.8,94,41.6,10,11,91.7,56.6,320,0.786,97.2,1,25,,
3872,Mumbai Irrigation Project #3872,Mumbai,Irrigation,893.4,14.4,46,17.5,5,1,80.7,98.6,378,0.248,147.7,1,69,,
3873,Nagpur Highway Project #3873,Nagpur,Highway,959.8,22.3,34,86.1,3,0,70.7,20.0,716,0.762,128.7,0,0,,
3874,Pune Highway Project #3874,Pune,Highway,874.3,17.4,116,87.8,2,7,35.9,98.7,705,0.649,98.0,0,13,,
3875,Nashik Metro Project #3875,Nashik,Metro,52.0,85.9,83,78.0,8,9,59.2,24.9,450,0.64,89.0,0,2,,
3876,Pune Irrigation Project #3876,Pune,Irrigation,411.2,11.0,31,31.8,5,15,31.3,52.6,76,0.893,97.3,1,118,,
3877,Pune Metro Project #3877,Pune,Metro,827.6,87.5,54,57.1,0,3,20.0,40.4,743,0.233,107.1,0,5,,
3878,Nagpur Highway Project #3878,Nagpur,Highway,397.9,50.6,53,26.6,2,10,20.8,96.0,783,0.368,120.6,0,12,,
3879,Nagpur Railway Project #3879,Nagpur,Railway,621.5,10.4,75,35.3,0,13,64.3,53.7,543,0.083,134.0,0,10,,
3880,Aurangabad Irrigation Project #3880,Aurangabad,Irrigation,626.0,46.1,50,56.4,2,10,13.5,12.1,350,0.726,124.2,0,10,,
3881,Nashik Highway Project #3881,Nashik,Highway,396.8,26.8,79,76.2,1,6,97.6,30.0,687,0.844,68.6,0,11,,
3882,Nagpur Highway Project #3882,Nagpur,Highway,909.3,66.2,58,18.5,4,13,99.6,48.8,111,0.406,113.1,1,75,,
3883,Mumbai Railway Project #3883,Mumbai,Railway,528.1,71.1,71,36.7,2,9,23.4,70.9,323,0.357,144.9,1,21,,
3884,Nashik Highway Project #3884,Nashik,Highway,491.5,53.9,119,93.4,6,14,48.5,60.6,119,0.659,74.2,0,11,,
3885,Nashik Highway Project #3885,Nashik,Highway,997.6,13.6,13,48.6,7,11,79.1,86.5,441,0.076,58.5,1,93,,
3886,Nagpur Irrigation Project #3886,Nagpur,Irrigation,518.8,69.1,17,94.5,6,3,96.0,84.6,351,0.294,115.5,0,5,,
3887,Nashik Irrigation Project #3887,Nashik,Irrigation,219.5,85.8,54,99.2,1,0,90.2,63.1,188,0.366,82.0,0,14,,
3888,Nagpur Irrigation Project #3888,Nagpur,Irrigation,537.4,74.8,93,57.4,9,7,32.9,61.4,688,0.519,126.7,0,10,,
3889,Pune Metro Project #3889,Pune,Metro,823.3,84.7,96,35.9,9,9,17.7,35.0,143,0.477,66.5,1,170,,
3890,Aurangabad Railway Project #3890,Aurangabad,Railway,788.0,28.0,97,81.2,6,13,36.0,96.2,39,0.209,96.7,0,6,,
3891,Pune Irrigation Project #3891,Pune,Irrigation,799.2,90.0,55,24.3,9,8,49.4,16.9,482,0.541,111.6,1,148,,
3892,Nagpur Metro Project #3892,Nagpur,Metro,722.6,39.0,107,32.7,2,9,42.4,45.7,394,0.926,131.8,1,152,,
3893,Nagpur Metro Project #3893,Nagpur,Metro,291.5,11.2,48,80.6,6,14,79.6,69.5,607,0.027,114.2,0,9,,
3894,Pune Railway Project #3894,Pune,Railway,869.0,85.9,97,49.0,0,8,33.2,95.1,18,0.68,75.1,0,7,,
3895,Mumbai Railway Project #3895,Mumbai,Railway,898.8,94.8,59,28.1,1,8,87.3,55.1,145,0.625,137.5,0,7,,
3896,Mumbai Highway Project #3896,Mumbai,Highway,234.4,69.0,112,68.6,11,11,30.3,90.6,299,0.924,155.1,0,14,,
3897,Mumbai Metro Project #3897,Mumbai,Metro,173.9,30.8,52,75.9,9,11,42.5,19.4,657,0.645,169.8,0,10,,
3898,Nagpur Irrigation Project #3898,Nagpur,Irrigation,976.8,32.7,70,21.3,0,10,50.3,57.8,661,0.625,139.1,0,2,,
3899,Nashik Railway Project #3899,Nashik,Railway,874.9,52.0,5,34.9,8,10,36.2,38.4,52,0.77,54.2,1,157,,
3900,Nagpur Metro Project #3900,Nagpur,Metro,898.6,90.8,69,29.9,12,11,79.0,81.6,114,0.268,117.0,1,179,,
3901,Nashik Irrigation Project #3901,Nashik,Irrigation,892.1,23.5,85,44.2,12,3,46.9,50.0,40,0.596,61.4,1,16,,
3902,Pune Metro Project #3902,Pune,Metro,564.6,84.3,7,78.7,1,14,89.8,52.8,691,0.519,91.4,0,10,,
3903,Aurangabad Railway Project #3903,Aurangabad,Railway,664.1,36.2,100,74.2,1,15,96.7,15.8,682,0.438,96.7,1,138,,
3904,Nashik Highway Project #3904,Nashik,Highway,568.1,82.8,14,69.6,5,8,87.4,49.4,796,0.079,64.5,0,1,,
3905,Mumbai Metro Project #3905,Mumbai,Metro,98.6,92.8,25,10.6,6,10,57.0,17.3,774,0.293,141.3,1,83,,
3906,Nagpur Irrigation Project #3906,Nagpur,Irrigation,758.2,48.5,38,22.8,12,3,55.9,37.0,228,0.28,125.2,1,85,,
3907,Pune Railway Project #3907,Pune,Railway,530.1,42.9,2,30.1,1,1,29.4,21.4,122,0.724,84.9,0,5,,
3908,Mumbai Highway Project #3908,Mumbai,Highway,665.3,82.2,56,34.5,3,9,63.3,40.1,741,0.921,146.3,1,161,,
3909,Pune Irrigation Project #3909,Pune,Irrigation,527.5,57.7,9,23.2,2,2,95.7,30.5,704,0.231,95.1,0,3,,
3910,Aurangabad Irrigation Project #3910,Aurangabad,Irrigation,517.2,71.6,2,46.9,12,1,17.3,35.7,269,0.075,126.4,1,45,,
3911,Nagpur Irrigation Project #3911,Nagpur,Irrigation,213.2,66.1,93,16.8,4,13,77.7,23.4,21,1.0,141.2,1,28,,
3912,Nagpur Metro Project #3912,Nagpur,Metro,314.8,23.8,45,77.5,8,0,88.3,49.6,480,0.691,124.6,0,12,,
3913,Aurangabad Railway Project #3913,Aurangabad,Railway,200.9,86.0,21,80.9,1,10,98.8,54.8,349,0.886,109.1,0,1,,
3914,Nagpur Irrigation Project #3914,Nagpur,Irrigation,235.9,27.6,66,61.7,12,5,40.1,85.3,255,0.144,133.2,0,11,,
3915,Nashik Metro Project #3915,Nashik,Metro,974.3,93.9,64,18.1,4,3,42.0,58.5,259,0.801,81.7,1,84,,
3916,Pune Railway Project #3916,Pune,Railway,195.5,32.6,96,90.1,7,6,30.7,30.6,579,0.813,98.8,0,11,,
3917,Mumbai Railway Project #3917,Mumbai,Railway,305.8,76.0,18,96.9,5,6,81.0,76.2,518,0.151,134.2,0,7,,
3918,Aurangabad Metro Project #3918,Aurangabad,Metro,611.1,35.6,99,28.2,3,13,22.6,36.8,313,0.161,122.1,1,88,,
3919,Nashik Metro Project #3919,Nashik,Metro,629.7,38.6,61,73.4,9,9,34.1,78.1,522,0.295,73.6,0,4,,
3920,Mumbai Irrigation Project #3920,Mumbai,Irrigation,196.3,37.9,97,85.8,7,0,36.6,44.8,370,0.217,141.1,0,1,,
3921,Mumbai Railway Project #3921,Mumbai,Railway,804.0,77.3,56,58.6,2,11,43.7,56.2,724,0.975,143.3,0,9,,
3922,Aurangabad Highway Project #3922,Aurangabad,Highway,795.9,60.1,94,39.1,3,12,47.9,55.3,53,0.363,115.8,1,90,,
3923,Nashik Metro Project #3923,Nashik,Metro,275.5,89.5,106,53.1,10,8,60.3,96.0,328,0.761,44.9,0,9,,
3924,Mumbai Railway Project #3924,Mumbai,Railway,324.2,37.7,87,56.1,8,7,95.4,23.8,616,0.805,148.7,0,10,,
3925,Mumbai Railway Project #3925,Mumbai,Railway,941.1,72.3,75,46.1,4,9,32.3,94.5,498,0.386,143.4,1,148,,
3926,Nashik Irrigation Project #3926,Nashik,Irrigation,834.4,77.8,12,93.7,5,0,80.1,60.6,303,0.683,62.4,0,1,,
3927,Nagpur Highway Project #3927,Nagpur,Highway,712.9,23.6,15,76.9,11,14,70.9,99.4,518,0.108,115.4,0,3,,
3928,Mumbai Irrigation Project #3928,Mumbai,Irrigation,128.1,46.1,15,31.7,10,12,20.4,61.6,530,0.397,135.2,1,86,,
3929,Pune Highway Project #3929,Pune,Highway,447.4,53.5,114,62.7,1,7,82.9,69.1,783,0.967,100.5,0,13,,
3930,Nashik Highway Project #3930,Nashik,Highway,581.3,42.0,118,72.0,8,4,18.2,77.5,335,0.169,48.7,0,5,,
3931,Mumbai Metro Project #3931,Mumbai,Metro,228.0,39.0,51,22.6,7,0,76.5,84.0,262,0.386,151.7,1,98,,
3932,Aurangabad Railway Project #3932,Aurangabad,Railway,475.8,71.8,116,42.3,6,14,74.4,53.0,317,0.791,101.5,1,118,,
3933,Pune Railway Project #3933,Pune,Railway,621.0,29.4,83,91.5,8,3,72.0,71.1,332,0.665,109.8,0,10,,
3934,Mumbai Railway Project #3934,Mumbai,Railway,361.0,73.8,40,61.0,4,6,34.9,65.3,617,0.632,150.2,0,3,,
3935,Pune Highway Project #3935,Pune,Highway,791.9,94.2,47,29.5,4,13,61.6,46.6,651,0.853,68.8,1,169,,
3936,Pune Railway Project #3936,Pune,Railway,848.4,60.9,90,21.1,10,11,78.5,83.9,45,0.029,95.5,1,18,,
3937,Nagpur Metro Project #3937,Nagpur,Metro,357.4,65.0,38,56.6,10,4,67.4,27.3,626,0.771,109.1,0,0,,
3938,Pune Highway Project #3938,Pune,Highway,846.7,16.2,12,59.3,8,10,82.4,25.0,720,0.883,99.8,0,5,,
3939,Nagpur Highway Project #3939,Nagpur,Highway,148.4,87.8,3,40.1,10,2,71.9,76.3,300,0.016,126.2,0,9,,
3940,Nashik Highway Project #3940,Nashik,Highway,845.8,35.7,95,66.7,4,11,34.7,67.4,551,0.559,84.7,0,0,,
3941,Nagpur Highway Project #3941,Nagpur,Highway,195.1,65.4,108,16.2,8,10,23.8,38.6,614,0.349,121.9,1,62,,
3942,Aurangabad Metro Project #3942,Aurangabad,Metro,128.8,98.1,103,23.1,0,3,66.9,67.2,498,0.051,118.2,0,6,,
3943,Mumbai Railway Project #3943,Mumbai,Railway,659.7,63.6,97,59.2,9,1,78.4,79.4,245,0.418,150.4,0,0,,
3944,Nashik Metro Project #3944,Nashik,Metro,498.3,75.2,102,15.6,9,7,22.8,29.5,394,0.644,64.1,1,114,,
3945,Nashik Railway Project #3945,Nashik,Railway,912.5,50.1,42,89.3,10,11,25.7,62.3,370,0.919,80.7,0,12,,
3946,Aurangabad Metro Project #3946,Aurangabad,Metro,395.0,15.4,80,22.8,7,1,11.1,84.2,716,0.621,97.7,1,33,,
3947,Nagpur Irrigation Project #3947,Nagpur,Irrigation,322.8,81.8,87,70.7,2,13,57.9,47.0,265,0.857,119.6,1,140,,
3948,Mumbai Irrigation Project #3948,Mumbai,Irrigation,525.7,13.1,92,45.2,12,12,58.8,61.5,368,0.122,144.3,1,25,,
3949,Nagpur Irrigation Project #3949,Nagpur,Irrigation,483.1,73.1,45,46.0,7,10,55.0,17.1,552,0.211,128.4,1,17,,
3950,Pune Irrigation Project #3950,Pune,Irrigation,377.2,12.1,91,78.8,4,5,38.4,84.7,34,0.97,80.5,0,5,,
3951,Nagpur Highway Project #3951,Nagpur,Highway,709.1,87.6,108,55.0,1,13,48.5,81.7,10,0.887,115.9,0,14,,
3952,Nashik Highway Project #3952,Nashik,Highway,771.6,24.2,46,75.3,8,6,79.0,51.1,367,0.235,70.4,0,13,,
3953,Mumbai Metro Project #3953,Mumbai,Metro,860.3,56.3,85,55.5,3,6,26.4,20.7,127,0.621,164.9,1,44,,
3954,Nagpur Metro Project #3954,Nagpur,Metro,974.2,63.7,91,63.4,6,12,28.1,69.4,488,0.363,114.7,0,8,,
3955,Mumbai Irrigation Project #3955,Mumbai,Irrigation,303.3,51.2,52,78.5,11,0,70.0,61.6,686,0.469,146.0,0,1,,
3956,Mumbai Railway Project #3956,Mumbai,Railway,730.3,40.7,24,64.7,7,7,88.0,92.8,468,0.861,136.5,0,6,,
3957,Pune Irrigation Project #3957,Pune,Irrigation,424.5,52.1,40,65.4,6,8,40.6,35.2,122,0.736,80.2,0,3,,
3958,Pune Metro Project #3958,Pune,Metro,693.2,38.0,2,81.0,10,13,93.9,12.9,204,0.238,94.1,0,12,,
3959,Nashik Irrigation Project #3959,Nashik,Irrigation,502.2,49.4,120,95.4,5,13,15.2,32.9,661,0.316,70.3,0,10,,
3960,Aurangabad Metro Project #3960,Aurangabad,Metro,994.1,42.3,76,43.9,11,6,20.7,48.5,29,0.29,110.5,1,92,,
3961,Mumbai Irrigation Project #3961,Mumbai,Irrigation,742.5,61.0,94,61.9,6,12,51.4,24.0,295,0.781,167.4,1,139,,
3962,Aurangabad Railway Project #3962,Aurangabad,Railway,954.9,31.4,12,17.8,3,7,75.1,98.2,467,0.49,93.3,1,83,,
3963,Nashik Irrigation Project #3963,Nashik,Irrigation,843.2,99.0,104,42.3,9,3,43.4,30.0,752,0.951,93.2,1,178,,
3964,Mumbai Railway Project #3964,Mumbai,Railway,907.8,55.1,17,47.1,0,11,59.9,71.0,457,0.817,161.8,0,5,,
3965,Mumbai Railway Project #3965,Mumbai,Railway,823.7,27.5,36,85.2,4,7,12.6,50.9,600,0.211,146.7,0,14,,
3966,Aurangabad Metro Project #3966,Aurangabad,Metro,486.2,52.9,42,56.2,7,2,51.6,60.0,649,0.786,113.9,0,7,,
3967,Nagpur Railway Project #3967,Nagpur,Railway,289.2,88.0,33,75.8,9,12,31.8,93.9,94,0.506,113.2,0,6,,
3968,Pune Highway Project #3968,Pune,Highway,401.8,12.0,80,11.7,5,0,56.5,57.8,585,0.254,93.2,1,46,,
3969,Nagpur Highway Project #3969,Nagpur,Highway,69.2,71.2,54,51.8,4,12,57.3,37.5,283,0.363,141.5,0,4,,
3970,Aurangabad Highway Project #3970,Aurangabad,Highway,547.8,59.3,51,91.1,1,12,77.8,29.9,412,0.972,103.5,0,6,,
3971,Pune Metro Project #3971,Pune,Metro,529.8,25.3,84,30.2,9,15,58.6,90.3,262,0.484,87.7,1,141,,
3972,Nagpur Highway Project #3972,Nagpur,Highway,549.0,83.6,35,12.8,11,7,65.3,98.8,615,0.72,112.4,1,54,,
3973,Pune Metro Project #3973,Pune,Metro,975.3,43.2,53,49.0,4,14,57.7,32.7,671,0.477,84.0,1,41,,
3974,Mumbai Metro Project #3974,Mumbai,Metro,915.9,36.4,58,73.4,9,10,99.1,75.0,374,0.372,146.0,0,13,,
3975,Nagpur Highway Project #3975,Nagpur,Highway,203.6,84.5,113,50.9,11,11,81.2,55.5,678,0.796,109.1,0,5,,
3976,Pune Railway Project #3976,Pune,Railway,400.4,67.5,119,51.4,2,5,78.0,72.9,737,0.848,87.4,0,12,,
3977,Pune Irrigation Project #3977,Pune,Irrigation,452.8,90.8,51,70.3,12,8,66.5,96.8,269,0.072,90.5,0,4,,
3978,Pune Metro Project #3978,Pune,Metro,392.5,66.7,103,32.9,1,2,57.6,34.8,443,0.279,86.0,0,8,,
3979,Nagpur Highway Project #3979,Nagpur,Highway,808.6,76.7,18,77.7,2,7,41.0,76.6,621,0.508,97.0,0,3,,
3980,Nashik Metro Project #3980,Nashik,Metro,547.8,85.3,11,23.8,3,8,80.6,49.4,131,0.316,68.5,1,142,,
3981,Nagpur Railway Project #3981,Nagpur,Railway,593.5,14.9,91,45.6,1,8,27.1,68.7,653,0.784,119.5,0,6,,
3982,Aurangabad Railway Project #3982,Aurangabad,Railway,860.4,79.8,10,69.0,3,11,13.3,46.6,526,0.115,129.0,0,12,,
3983,Nagpur Highway Project #3983,Nagpur,Highway,815.6,65.2,47,84.6,3,13,72.8,73.8,754,0.798,120.3,0,6,,
3984,Pune Metro Project #3984,Pune,Metro,175.6,16.3,100,81.2,5,13,23.0,40.4,688,0.618,99.4,1,128,,
3985,Mumbai Irrigation Project #3985,Mumbai,Irrigation,728.2,55.8,91,75.0,11,6,91.3,54.0,578,0.289,145.7,0,7,,
3986,Nagpur Irrigation Project #3986,Nagpur,Irrigation,463.7,17.4,98,42.3,4,11,79.4,73.8,552,0.344,133.0,1,90,,
3987,Nagpur Metro Project #3987,Nagpur,Metro,329.9,76.2,107,21.0,6,10,64.2,13.8,528,0.183,110.6,1,34,,
3988,Pune Metro Project #3988,Pune,Metro,97.5,59.2,78,29.5,10,9,38.3,39.5,21,0.253,95.0,1,113,,
3989,Mumbai Metro Project #3989,Mumbai,Metro,512.9,95.8,15,87.8,6,2,67.4,59.2,19,0.717,158.4,0,4,,
3990,Mumbai Highway Project #3990,Mumbai,Highway,387.7,26.5,108,87.2,2,2,52.9,16.7,166,0.376,156.9,0,0,,
3991,Aurangabad Railway Project #3991,Aurangabad,Railway,288.9,64.5,70,95.6,8,1,36.2,73.3,734,0.687,131.6,0,0,,
3992,Nagpur Irrigation Project #3992,Nagpur,Irrigation,709.9,29.0,46,16.8,6,0,95.1,83.2,150,0.514,114.2,1,103,,
3993,Mumbai Highway Project #3993,Mumbai,Highway,781.0,65.3,66,58.3,6,12,24.6,24.7,648,0.145,164.1,0,13,,
3994,Mumbai Metro Project #3994,Mumbai,Metro,282.6,75.0,30,68.4,1,1,77.8,76.0,719,0.499,161.6,0,1,,
3995,Nashik Metro Project #3995,Nashik,Metro,97.0,75.0,75,74.0,11,4,82.0,68.2,146,0.756,70.5,0,1,,
3996,Nashik Railway Project #3996,Nashik,Railway,856.3,83.4,7,67.9,9,15,95.7,47.0,700,0.298,88.4,0,11,,
3997,Mumbai Metro Project #3997,Mumbai,Metro,59.5,86.8,88,79.3,2,0,59.4,24.8,609,0.648,148.5,0,12,,
3998,Aurangabad Highway Project #3998,Aurangabad,Highway,940.3,17.0,60,42.4,2,9,58.1,95.9,409,0.199,110.2,0,5,,
3999,Mumbai Highway Project #3999,Mumbai,Highway,646.2,40.9,43,26.1,11,3,92.8,51.8,452,0.136,149.9,1,165,,
4000,Pune Railway Project #4000,Pune,Railway,355.8,71.8,49,28.4,12,10,82.1,26.5,451,0.36,77.3,1,44,,
4001,Nagpur Highway Project #4001,Nagpur,Highway,284.2,54.9,34,11.1,5,9,78.7,74.6,276,0.389,127.6,1,110,,
4002,Aurangabad Irrigation Project #4002,Aurangabad,Irrigation,58.6,27.2,75,41.5,3,9,81.0,64.7,685,0.761,116.1,1,102,,
4003,Pune Highway Project #4003,Pune,Highway,273.7,59.7,60,18.3,3,0,54.4,83.5,770,0.46,89.0,1,139,,
4004,Aurangabad Highway Project #4004,Aurangabad,Highway,180.8,46.7,118,38.9,0,11,13.7,99.6,522,0.081,127.6,0,13,,
4005,Pune Highway Project #4005,Pune,Highway,631.6,45.1,84,66.5,5,9,27.8,14.0,286,0.634,85.6,0,4,,
4006,Nagpur Irrigation Project #4006,Nagpur,Irrigation,208.2,82.9,89,90.5,7,7,67.9,76.5,693,0.469,102.7,0,10,,
4007,Nagpur Metro Project #4007,Nagpur,Metro,552.2,46.7,54,85.6,7,11,45.7,99.0,365,0.332,139.0,0,3,,
4008,Nashik Highway Project #4008,Nashik,Highway,610.6,12.4,65,32.7,7,4,64.6,58.4,783,0.802,80.1,1,32,,
4009,Pune Railway Project #4009,Pune,Railway,333.1,15.2,13,22.1,4,9,59.7,74.4,663,0.154,96.3,1,176,,
4010,Nashik Irrigation Project #4010,Nashik,Irrigation,83.3,87.1,109,27.4,9,15,49.5,49.7,102,0.913,66.6,1,114,,
4011,Pune Railway Project #4011,Pune,Railway,85.4,96.5,3,97.4,5,3,31.1,42.1,650,0.334,93.4,0,11,,
4012,Nashik Highway Project #4012,Nashik,Highway,75.0,72.0,16,59.5,4,2,74.7,72.7,145,0.461,57.4,0,2,,
4013,Nagpur Railway Project #4013,Nagpur,Railway,752.2,42.8,110,26.4,3,8,91.8,98.9,120,0.929,117.7,1,156,,
4014,Aurangabad Highway Project #4014,Aurangabad,Highway,352.1,94.5,111,85.7,11,5,79.3,18.2,53,0.761,101.0,1,104,,
4015,Nashik Irrigation Project #4015,Nashik,Irrigation,806.5,69.7,68,45.6,3,11,20.8,48.0,220,0.074,72.6,1,155,,
4016,Pune Railway Project #4016,Pune,Railway,460.1,86.0,23,90.9,3,0,58.4,94.7,352,0.578,99.2,0,7,,
4017,Pune Railway Project #4017,Pune,Railway,480.3,78.9,48,33.5,3,13,85.2,20.2,368,0.31,79.5,1,55,,
4018,Nagpur Highway Project #4018,Nagpur,Highway,537.2,44.1,54,45.4,5,7,63.2,68.6,370,0.508,127.2,1,105,,
4019,Pune Highway Project #4019,Pune,Highway,727.4,53.1,70,55.4,5,9,49.6,48.7,340,0.743,92.0,0,4,,
4020,Mumbai Metro Project #4020,Mumbai,Metro,309.8,26.8,22,90.3,4,1,35.6,43.9,420,0.496,156.8,0,6,,
4021,Aurangabad Highway Project #4021,Aurangabad,Highway,165.5,36.3,110,88.2,11,12,39.7,28.8,768,0.071,107.6,0,5,,
4022,Nashik Highway Project #4022,Nashik,Highway,578.3,80.0,80,61.7,10,8,31.8,25.9,517,0.53,77.0,0,14,,
4023,Aurangabad Metro Project #4023,Aurangabad,Metro,360.6,90.5,11,30.0,10,10,27.6,56.5,241,0.024,103.0,1,30,,
4024,Nagpur Highway Project #4024,Nagpur,Highway,470.4,75.2,10,46.3,8,6,63.0,44.0,179,0.348,103.2,1,153,,
4025,Nashik Highway Project #4025,Nashik,Highway,664.6,51.9,114,97.8,7,2,55.8,54.2,413,0.478,55.5,0,11,,
4026,Nashik Metro Project #4026,Nashik,Metro,519.4,17.8,74,64.7,9,3,76.1,27.6,243,0.645,65.0,0,5,,
4027,Mumbai Irrigation Project #4027,Mumbai,Irrigation,639.3,15.1,97,80.3,5,2,37.7,41.5,529,0.506,133.9,0,10,,
4028,Nagpur Irrigation Project #4028,Nagpur,Irrigation,567.0,43.7,110,50.5,10,5,51.5,99.7,311,0.152,135.5,0,11,,
4029,Pune Highway Project #4029,Pune,Highway,752.8,51.7,100,57.9,8,8,71.2,43.1,109,0.932,89.2,1,152,,
4030,Mumbai Highway Project #4030,Mumbai,Highway,720.6,64.8,113,48.6,4,9,96.7,47.1,262,0.65,159.2,1,69,,
4031,Mumbai Metro Project #4031,Mumbai,Metro,557.5,10.6,28,73.3,9,8,41.4,11.8,317,0.317,157.9,0,0,,
4032,Aurangabad Metro Project #4032,Aurangabad,Metro,695.0,99.1,61,86.6,3,0,36.8,44.3,709,0.966,110.1,0,14,,
4033,Aurangabad Irrigation Project #4033,Aurangabad,Irrigation,879.9,42.8,52,55.7,5,9,50.4,78.7,396,0.883,145.4,0,13,,
4034,Aurangabad Railway Project #4034,Aurangabad,Railway,460.7,86.3,116,53.3,3,5,75.1,56.4,132,0.143,139.3,0,8,,
4035,Mumbai Highway Project #4035,Mumbai,Highway,442.1,58.1,47,40.6,7,15,96.5,69.1,141,0.655,163.9,1,137,,
4036,Pune Railway Project #4036,Pune,Railway,776.0,21.7,99,25.9,6,0,58.3,60.1,245,0.56,80.9,1,102,,
4037,Nashik Railway Project #4037,Nashik,Railway,603.4,81.8,90,94.5,4,10,83.1,19.5,230,0.193,84.3,0,4,,
4038,Aurangabad Metro Project #4038,Aurangabad,Metro,117.5,73.9,118,38.4,9,3,51.8,39.9,71,0.233,92.5,1,20,,
4039,Pune Highway Project #4039,Pune,Highway,897.5,57.5,105,82.1,5,6,13.6,72.5,699,0.564,104.0,0,14,,
4040,Nagpur Highway Project #4040,Nagpur,Highway,79.2,56.3,85,74.4,10,3,90.5,59.3,741,0.321,94.4,0,4,,
4041,Aurangabad Metro Project #4041,Aurangabad,Metro,761.0,17.9,65,81.2,6,8,36.1,70.7,412,0.835,106.8,0,8,,
4042,Nashik Railway Project #4042,Nashik,Railway,770.9,69.0,110,94.3,1,13,22.5,42.4,180,0.098,82.1,0,1,,
4043,Nagpur Metro Project #4043,Nagpur,Metro,955.5,92.0,99,66.1,8,9,99.7,27.4,485,0.914,123.9,0,5,,
4044,Nagpur Irrigation Project #4044,Nagpur,Irrigation,101.4,18.4,47,90.8,6,4,41.3,84.7,603,0.841,105.2,0,3,,
4045,Nashik Highway Project #4045,Nashik,Highway,617.0,33.7,93,25.1,7,13,22.3,43.9,23,0.739,71.7,1,131,,
4046,Aurangabad Irrigation Project #4046,Aurangabad,Irrigation,456.4,91.2,58,66.4,4,8,38.0,69.0,279,0.263,113.9,0,7,,
4047,Mumbai Metro Project #4047,Mumbai,Metro,364.1,35.6,70,79.5,2,0,56.2,44.3,63,0.715,152.0,0,2,,
4048,Nashik Highway Project #4048,Nashik,Highway,135.8,68.9,56,34.4,1,12,17.9,93.5,422,0.439,65.9,0,10,,
4049,Nashik Irrigation Project #4049,Nashik,Irrigation,584.5,58.1,120,76.7,1,11,41.7,99.3,140,0.634,78.6,0,7,,
4050,Nashik Irrigation Project #4050,Nashik,Irrigation,505.1,63.7,75,80.1,2,13,70.2,68.4,619,0.313,81.4,0,14,,
4051,Nagpur Railway Project #4051,Nagpur,Railway,149.3,47.4,2,84.8,0,3,92.4,64.2,722,0.836,118.5,0,9,,
4052,Pune Highway Project #4052,Pune,Highway,631.9,37.0,80,38.2,0,6,45.8,85.7,782,0.041,105.2,0,12,,
4053,Mumbai Irrigation Project #4053,Mumbai,Irrigation,751.1,14.4,104,71.3,6,12,60.8,56.5,742,0.691,148.4,0,4,,
4054,Aurangabad Irrigation Project #4054,Aurangabad,Irrigation,778.9,77.0,31,37.4,9,1,67.2,88.3,526,0.829,105.1,1,176,,
4055,Aurangabad Railway Project #4055,Aurangabad,Railway,910.1,77.1,7,76.5,11,14,16.4,47.2,638,0.646,123.6,0,14,,
4056,Pune Irrigation Project #4056,Pune,Irrigation,439.0,70.4,86,51.7,10,8,40.8,12.9,310,0.192,103.2,0,11,,
4057,Nashik Irrigation Project #4057,Nashik,Irrigation,955.4,67.9,101,63.8,7,2,71.6,93.4,713,0.285,63.8,0,4,,
4058,Mumbai Irrigation Project #4058,Mumbai,Irrigation,872.2,31.9,29,47.4,5,3,76.2,74.9,436,0.515,142.3,1,32,,
4059,Aurangabad Railway Project #4059,Aurangabad,Railway,331.7,12.0,14,24.6,6,11,42.0,56.0,125,0.329,127.6,1,44,,
4060,Aurangabad Irrigation Project #4060,Aurangabad,Irrigation,201.3,82.8,73,26.0,0,13,10.6,95.0,245,0.005,109.0,0,5,,
4061,Nashik Irrigation Project #4061,Nashik,Irrigation,463.6,54.2,54,17.0,0,14,10.6,89.8,572,0.041,70.0,0,10,,
4062,Pune Highway Project #4062,Pune,Highway,431.8,37.6,120,65.6,8,14,58.4,19.8,22,0.768,87.5,0,12,,
4063,Mumbai Highway Project #4063,Mumbai,Highway,596.9,19.2,37,86.4,4,3,59.6,66.2,227,0.084,163.2,0,2,,
4064,Pune Railway Project #4064,Pune,Railway,604.2,15.6,14,11.9,6,7,60.0,58.4,338,0.928,111.4,1,134,,
4065,Pune Metro Project #4065,Pune,Metro,762.5,41.4,29,16.0,5,1,75.0,79.9,77,0.443,90.7,1,115,,
4066,Mumbai Highway Project #4066,Mumbai,Highway,534.4,82.4,45,51.2,3,4,92.9,37.1,752,0.758,174.2,0,6,,
4067,Mumbai Railway Project #4067,Mumbai,Railway,149.6,92.7,63,76.4,0,1,99.1,10.7,400,0.126,144.5,0,0,,
4068,Aurangabad Irrigation Project #4068,Aurangabad,Irrigation,865.4,90.7,25,24.2,3,11,73.1,26.7,101,0.927,107.2,1,158,,
4069,Aurangabad Irrigation Project #4069,Aurangabad,Irrigation,344.3,92.8,114,34.4,9,5,56.3,29.0,113,0.034,116.7,1,135,,
4070,Mumbai Railway Project #4070,Mumbai,Railway,972.7,91.7,108,30.9,9,8,22.7,36.2,599,0.042,141.8,1,64,,
4071,Nagpur Irrigation Project #4071,Nagpur,Irrigation,162.0,57.5,77,45.9,7,11,44.6,43.3,435,0.055,126.6,1,55,,
4072,Aurangabad Irrigation Project #4072,Aurangabad,Irrigation,960.3,29.7,66,30.2,12,8,61.5,73.6,623,0.103,104.8,1,68,,
4073,Nagpur Metro Project #4073,Nagpur,Metro,136.5,81.8,35,41.7,11,13,100.0,16.7,782,0.487,104.6,1,58,,
4074,Mumbai Irrigation Project #4074,Mumbai,Irrigation,269.5,29.2,89,75.6,10,0,21.4,53.8,313,0.788,132.6,0,13,,
4075,Aurangabad Highway Project #4075,Aurangabad,Highway,94.3,34.0,77,65.0,12,3,81.4,54.9,388,0.285,106.8,0,3,,
4076,Pune Irrigation Project #4076,Pune,Irrigation,719.9,31.0,30,17.3,0,3,99.9,65.4,747,0.746,94.2,0,13,,
4077,Mumbai Railway Project #4077,Mumbai,Railway,857.8,56.3,77,67.4,1,0,82.5,37.9,357,0.774,136.4,0,8,,
4078,Nashik Metro Project #4078,Nashik,Metro,462.4,39.0,39,52.9,7,9,79.0,33.4,184,0.908,71.8,0,6,,
4079,Nagpur Irrigation Project #4079,Nagpur,Irrigation,932.1,23.9,73,94.1,1,1,33.3,53.5,401,0.149,121.8,0,8,,
4080,Mumbai Railway Project #4080,Mumbai,Railway,610.8,50.8,72,36.0,10,5,10.3,69.4,414,0.136,148.3,1,34,,
4081,Mumbai Highway Project #4081,Mumbai,Highway,648.5,88.7,45,75.4,12,9,30.3,14.0,97,0.122,140.7,0,1,,
4082,Aurangabad Irrigation Project #4082,Aurangabad,Irrigation,853.1,61.3,103,75.8,11,14,81.1,36.4,639,0.359,112.4,0,11,,
4083,Aurangabad Metro Project #4083,Aurangabad,Metro,332.0,89.1,106,29.9,9,2,19.7,80.9,662,0.489,108.6,1,17,,
4084,Aurangabad Irrigation Project #4084,Aurangabad,Irrigation,386.6,27.6,41,91.3,8,8,36.7,53.6,634,0.462,119.8,0,7,,
4085,Nashik Railway Project #4085,Nashik,Railway,910.7,25.0,17,54.2,2,2,60.6,95.7,258,0.257,57.1,0,13,,
4086,Aurangabad Metro Project #4086,Aurangabad,Metro,905.9,61.8,99,71.1,2,2,62.2,88.1,375,0.622,111.1,0,11,,
4087,Mumbai Irrigation Project #4087,Mumbai,Irrigation,977.7,51.7,35,23.1,5,14,58.9,41.0,98,0.338,137.3,1,169,,
4088,Aurangabad Highway Project #4088,Aurangabad,Highway,906.7,69.4,75,33.2,2,8,98.3,75.4,741,0.366,107.6,0,12,,
4089,Pune Metro Project #4089,Pune,Metro,171.0,81.5,49,62.7,8,2,11.1,34.7,465,0.106,79.0,0,1,,
4090,Aurangabad Highway Project #4090,Aurangabad,Highway,832.5,77.6,60,38.7,10,5,53.9,25.8,424,0.592,100.8,1,17,,
4091,Nashik Railway Project #4091,Nashik,Railway,439.3,94.8,39,55.0,7,5,55.4,89.3,464,0.655,70.0,0,13,,
4092,Pune Irrigation Project #4092,Pune,Irrigation,991.3,45.8,2,43.7,3,0,36.4,41.5,572,0.758,84.3,1,110,,
4093,Mumbai Highway Project #4093,Mumbai,Highway,498.7,28.6,81,67.6,5,12,57.3,28.3,520,0.904,164.7,0,6,,
4094,Mumbai Railway Project #4094,Mumbai,Railway,576.1,59.6,6,53.8,7,12,70.6,96.8,184,0.766,161.8,0,4,,
4095,Nagpur Irrigation Project #4095,Nagpur,Irrigation,553.3,20.0,30,10.4,3,15,70.5,12.8,218,0.236,128.0,1,98,,
4096,Pune Railway Project #4096,Pune,Railway,355.7,36.0,64,68.5,12,6,17.9,43.0,638,0.236,97.8,0,9,,
4097,Nagpur Highway Project #4097,Nagpur,Highway,121.3,28.7,94,48.0,4,8,82.2,13.5,322,0.915,121.3,1,77,,
4098,Pune Railway Project #4098,Pune,Railway,900.9,45.7,63,40.8,6,8,93.8,55.4,380,0.79,103.0,1,57,,
4099,Pune Metro Project #4099,Pune,Metro,812.5,20.0,117,18.5,7,8,21.1,46.1,322,0.782,87.1,1,147,,
4100,Nashik Irrigation Project #4100,Nashik,Irrigation,182.6,12.9,76,29.8,6,1,47.5,74.9,513,0.72,91.2,1,133,,
4101,Nagpur Railway Project #4101,Nagpur,Railway,787.9,69.1,92,30.1,7,0,56.1,95.9,95,0.267,110.6,1,162,,
4102,Nashik Highway Project #4102,Nashik,Highway,644.6,64.9,2,94.2,3,5,22.1,56.8,656,0.847,58.7,0,5,,
4103,Pune Irrigation Project #4103,Pune,Irrigation,438.7,73.8,92,48.9,0,5,55.3,35.7,275,0.143,76.1,0,0,,
4104,Mumbai Metro Project #4104,Mumbai,Metro,291.3,69.4,34,13.8,5,3,28.6,88.5,229,0.35,137.8,1,164,,
4105,Pune Irrigation Project #4105,Pune,Irrigation,866.7,20.3,14,22.5,4,12,94.2,64.4,304,0.346,73.7,1,52,,
4106,Nashik Metro Project #4106,Nashik,Metro,715.2,36.2,20,17.1,10,7,50.4,59.8,707,0.56,72.1,1,106,,
4107,Nagpur Irrigation Project #4107,Nagpur,Irrigation,570.4,21.7,61,63.0,3,4,99.5,27.0,515,0.463,128.5,0,6,,
4108,Nagpur Railway Project #4108,Nagpur,Railway,629.1,85.9,82,26.8,1,6,14.2,13.7,172,0.46,120.3,0,6,,
4109,Nashik Railway Project #4109,Nashik,Railway,136.5,77.2,27,54.9,0,8,21.5,51.5,136,0.554,56.1,0,5,,
4110,Nagpur Highway Project #4110,Nagpur,Highway,500.2,28.1,3,43.3,8,12,49.9,57.5,126,0.415,115.3,1,113,,
4111,Aurangabad Metro Project #4111,Aurangabad,Metro,234.0,40.7,108,82.3,11,0,88.7,21.4,415,0.25,118.4,0,13,,
4112,Mumbai Highway Project #4112,Mumbai,Highway,248.0,97.0,12,38.8,1,8,60.0,15.3,658,0.664,146.6,0,11,,
4113,Mumbai Railway Project #4113,Mumbai,Railway,678.2,63.5,78,51.2,8,12,75.9,29.4,777,0.791,142.0,0,8,,
4114,Mumbai Metro Project #4114,Mumbai,Metro,915.7,82.1,50,74.9,5,12,48.1,15.7,365,0.479,134.9,0,9,,
4115,Nagpur Highway Project #4115,Nagpur,Highway,433.6,33.8,47,49.0,12,3,13.6,15.1,785,0.649,115.8,1,70,,
4116,Nagpur Highway Project #4116,Nagpur,Highway,247.4,28.9,38,81.4,5,6,68.3,50.0,231,0.535,113.0,0,5,,
4117,Pune Highway Project #4117,Pune,Highway,666.3,80.6,95,69.6,1,15,67.1,82.9,385,0.059,89.1,0,11,,
4118,Pune Highway Project #4118,Pune,Highway,877.6,71.7,66,46.9,5,10,16.4,69.8,323,0.423,94.8,1,141,,
4119,Mumbai Highway Project #4119,Mumbai,Highway,760.9,71.3,93,55.4,2,3,25.4,71.1,159,0.01,147.2,0,5,,
4120,Aurangabad Metro Project #4120,Aurangabad,Metro,875.3,59.7,57,97.0,6,3,52.9,33.6,245,0.662,111.8,0,5,,
4121,Pune Highway Project #4121,Pune,Highway,559.7,60.7,83,69.5,12,12,50.2,11.0,177,0.508,94.7,1,43,,
4122,Pune Metro Project #4122,Pune,Metro,764.3,76.2,1,91.4,9,15,77.7,50.6,504,0.127,77.7,0,11,,
4123,Nagpur Highway Project #4123,Nagpur,Highway,183.1,34.3,113,26.1,3,14,44.9,43.9,421,0.542,138.9,1,39,,
4124,Aurangabad Railway Project #4124,Aurangabad,Railway,380.9,41.7,24,53.5,8,13,69.7,95.3,78,0.898,102.6,0,1,,
4125,Mumbai Railway Project #4125,Mumbai,Railway,420.1,88.4,10,91.8,4,14,73.4,16.5,730,0.34,155.2,0,0,,
4126,Pune Highway Project #4126,Pune,Highway,535.7,37.8,0,39.0,11,3,68.1,79.9,573,0.982,78.6,1,50,,
4127,Aurangabad Irrigation Project #4127,Aurangabad,Irrigation,932.6,59.2,47,97.1,9,5,63.7,44.7,276,0.959,111.1,1,97,,
4128,Aurangabad Railway Project #4128,Aurangabad,Railway,880.6,73.2,112,18.7,2,4,82.5,84.7,159,0.785,111.5,0,4,,
4129,Mumbai Metro Project #4129,Mumbai,Metro,177.8,100.0,47,91.2,0,1,69.1,54.5,534,0.814,166.6,0,2,,
4130,Aurangabad Highway Project #4130,Aurangabad,Highway,214.2,49.2,9,50.1,0,8,85.1,83.8,391,0.411,107.7,0,8,,
4131,Aurangabad Metro Project #4131,Aurangabad,Metro,389.8,48.5,80,16.6,12,10,67.3,52.0,621,0.403,123.0,1,89,,
4132,Aurangabad Irrigation Project #4132,Aurangabad,Irrigation,326.2,85.8,29,89.2,3,5,24.3,46.2,383,0.954,112.9,0,4,,
4133,Pune Highway Project #4133,Pune,Highway,634.0,82.5,34,32.7,9,9,37.9,96.7,694,0.366,108.5,1,64,,
4134,Mumbai Railway Project #4134,Mumbai,Railway,907.6,75.8,113,12.0,9,5,39.7,43.2,515,0.097,132.2,1,23,,
4135,Aurangabad Metro Project #4135,Aurangabad,Metro,964.2,51.7,18,22.2,3,8,18.5,82.5,246,0.153,114.8,1,127,,
4136,Aurangabad Railway Project #4136,Aurangabad,Railway,670.9,39.2,109,69.3,8,0,72.3,16.0,596,0.71,83.3,0,0,,
4137,Pune Railway Project #4137,Pune,Railway,846.3,64.8,52,98.0,7,6,63.6,15.6,334,0.383,89.4,0,10,,
4138,Mumbai Highway Project #4138,Mumbai,Highway,548.9,88.9,120,20.0,3,2,63.1,49.4,259,0.199,160.2,1,116,,
4139,Nagpur Metro Project #4139,Nagpur,Metro,247.9,89.5,33,51.6,5,3,53.1,62.7,599,0.814,134.5,0,2,,
4140,Pune Irrigation Project #4140,Pune,Irrigation,548.5,19.8,31,26.3,6,0,58.9,64.8,799,0.489,97.4,1,175,,
4141,Mumbai Railway Project #4141,Mumbai,Railway,577.3,48.6,75,77.1,9,2,10.7,13.3,460,0.568,147.1,0,0,,
4142,Aurangabad Highway Project #4142,Aurangabad,Highway,755.3,51.8,106,20.6,7,13,18.7,72.7,763,0.154,115.5,1,41,,
4143,Mumbai Highway Project #4143,Mumbai,Highway,258.9,98.0,80,31.6,3,13,71.5,21.7,431,0.193,175.2,1,64,,
4144,Mumbai Irrigation Project #4144,Mumbai,Irrigation,399.9,71.0,5,27.7,0,13,33.5,96.0,225,0.126,150.8,0,4,,
4145,Mumbai Highway Project #4145,Mumbai,Highway,395.8,46.7,114,59.7,4,6,19.7,40.0,741,0.515,159.6,1,114,,
4146,Nagpur Railway Project #4146,Nagpur,Railway,961.5,12.3,12,88.6,0,13,39.6,33.5,30,0.776,115.7,0,4,,
4147,Mumbai Highway Project #4147,Mumbai,Highway,471.7,60.9,102,56.0,10,5,32.9,36.2,314,0.732,160.7,0,7,,
4148,Nagpur Metro Project #4148,Nagpur,Metro,767.3,18.6,85,15.2,10,12,12.6,94.4,362,0.261,129.1,1,137,,
4149,Aurangabad Metro Project #4149,Aurangabad,Metro,763.3,85.1,74,60.7,3,0,47.0,53.5,613,0.852,103.9,0,7,,
4150,Nagpur Railway Project #4150,Nagpur,Railway,302.3,77.7,63,81.8,6,14,12.4,49.1,454,0.106,127.8,0,5,,
4151,Aurangabad Metro Project #4151,Aurangabad,Metro,593.3,51.4,6,21.9,6,8,10.0,60.9,621,0.114,118.2,1,63,,
4152,Aurangabad Irrigation Project #4152,Aurangabad,Irrigation,899.6,48.6,44,16.5,0,3,81.3,93.8,275,0.849,117.4,0,3,,
4153,Nagpur Highway Project #4153,Nagpur,Highway,501.4,90.8,44,26.9,8,6,38.3,37.8,177,0.244,119.6,1,136,,
4154,Pune Railway Project #4154,Pune,Railway,947.9,36.0,84,77.1,1,15,61.1,26.3,67,0.708,102.3,0,12,,
4155,Nashik Irrigation Project #4155,Nashik,Irrigation,253.7,32.4,64,63.3,4,3,36.8,63.6,610,0.009,60.7,0,3,,
4156,Mumbai Highway Project #4156,Mumbai,Highway,120.5,94.5,93,58.7,5,6,93.7,54.3,694,0.094,150.1,0,14,,
4157,Nashik Irrigation Project #4157,Nashik,Irrigation,896.9,82.8,18,32.5,0,4,75.6,15.6,666,0.609,71.1,0,4,,
4158,Mumbai Railway Project #4158,Mumbai,Railway,855.3,83.9,114,39.9,11,0,43.2,57.0,642,0.182,161.7,1,39,,
4159,Mumbai Railway Project #4159,Mumbai,Railway,993.0,27.6,118,96.9,1,14,29.0,60.6,766,0.028,140.3,0,12,,
4160,Aurangabad Irrigation Project #4160,Aurangabad,Irrigation,695.4,22.9,46,31.7,6,3,22.4,72.5,333,0.467,112.4,1,130,,
4161,Mumbai Highway Project #4161,Mumbai,Highway,939.9,12.3,45,91.1,5,14,78.6,99.6,275,0.331,145.1,0,11,,
4162,Mumbai Metro Project #4162,Mumbai,Metro,835.6,31.3,28,62.2,5,2,50.8,47.9,71,0.802,151.1,0,5,,
4163,Nagpur Metro Project #4163,Nagpur,Metro,852.2,79.7,98,21.1,5,5,30.9,55.9,98,0.819,123.9,1,27,,
4164,Nashik Irrigation Project #4164,Nashik,Irrigation,590.7,31.6,116,52.1,6,5,92.8,16.8,425,0.614,57.2,0,6,,
4165,Nagpur Railway Project #4165,Nagpur,Railway,413.2,75.6,83,95.4,9,15,45.1,84.8,593,0.293,132.6,0,2,,
4166,Mumbai Highway Project #4166,Mumbai,Highway,937.8,32.7,99,47.7,11,0,58.9,18.8,691,0.462,154.3,1,24,,
4167,Aurangabad Highway Project #4167,Aurangabad,Highway,460.5,45.6,60,87.7,11,13,87.2,94.0,694,0.702,101.4,0,3,,
4168,Nagpur Railway Project #4168,Nagpur,Railway,561.9,98.5,102,33.1,8,13,85.0,41.4,85,0.069,116.6,1,69,,
4169,Nagpur Metro Project #4169,Nagpur,Metro,473.8,32.0,64,61.4,8,15,67.4,40.4,414,0.332,134.9,0,3,,
4170,Pune Highway Project #4170,Pune,Highway,586.6,43.9,22,85.9,1,10,90.0,39.6,374,0.822,94.2,0,9,,
4171,Mumbai Irrigation Project #4171,Mumbai,Irrigation,497.0,37.1,94,92.9,1,1,95.7,95.5,679,0.406,140.4,0,10,,
4172,Aurangabad Metro Project #4172,Aurangabad,Metro,95.6,19.9,119,53.7,4,12,94.2,98.2,734,0.625,102.2,0,6,,
4173,Nagpur Irrigation Project #4173,Nagpur,Irrigation,887.9,54.1,50,67.6,9,11,41.4,97.6,394,0.096,126.2,0,1,,
4174,Nagpur Metro Project #4174,Nagpur,Metro,472.2,44.1,62,10.3,6,1,45.7,73.4,18,0.777,127.4,1,127,,
4175,Aurangabad Railway Project #4175,Aurangabad,Railway,609.5,72.5,98,32.8,11,11,31.6,20.0,524,0.1,113.6,1,130,,
4176,Mumbai Irrigation Project #4176,Mumbai,Irrigation,182.2,83.6,115,35.1,11,9,85.3,44.8,378,0.862,147.1,1,16,,
4177,Pune Irrigation Project #4177,Pune,Irrigation,53.2,59.0,110,18.4,12,13,21.0,36.0,318,0.107,98.1,1,88,,
4178,Nagpur Railway Project #4178,Nagpur,Railway,283.0,12.9,108,35.2,2,3,42.0,73.8,179,0.891,116.9,0,0,,
4179,Pune Irrigation Project #4179,Pune,Irrigation,719.4,65.7,21,38.9,2,12,10.9,54.3,156,0.364,81.5,0,8,,
4180,Nashik Metro Project #4180,Nashik,Metro,144.2,15.0,109,97.2,3,8,63.5,65.5,527,0.625,85.9,0,6,,
4181,Mumbai Highway Project #4181,Mumbai,Highway,913.4,65.5,70,70.2,2,10,69.3,10.8,692,0.847,154.9,0,7,,
4182,Nashik Highway Project #4182,Nashik,Highway,254.3,71.7,32,48.3,2,1,32.4,80.5,89,0.01,62.2,0,4,,
4183,Nashik Railway Project #4183,Nashik,Railway,244.4,27.8,108,98.9,7,10,76.3,95.7,461,0.266,71.3,0,4,,
4184,Nashik Metro Project #4184,Nashik,Metro,222.4,83.7,99,23.8,6,7,44.3,70.2,475,0.908,70.3,1,141,,
4185,Mumbai Irrigation Project #4185,Mumbai,Irrigation,63.3,92.0,43,52.8,12,10,38.1,86.7,745,0.388,146.5,0,13,,
4186,Mumbai Irrigation Project #4186,Mumbai,Irrigation,783.2,83.2,6,68.2,6,11,96.1,53.0,564,0.706,152.3,0,2,,
4187,Aurangabad Highway Project #4187,Aurangabad,Highway,881.3,37.5,90,15.0,9,0,63.0,11.8,766,0.14,100.7,1,105,,
4188,Pune Irrigation Project #4188,Pune,Irrigation,633.5,62.8,1,74.5,1,11,32.7,99.1,421,0.678,98.7,0,13,,
4189,Pune Highway Project #4189,Pune,Highway,228.8,92.3,16,19.0,10,7,98.5,15.3,571,0.073,89.9,1,34,,
4190,Aurangabad Railway Project #4190,Aurangabad,Railway,321.0,38.9,64,22.6,8,2,44.9,27.3,304,0.717,93.9,1,148,,
4191,Aurangabad Irrigation Project #4191,Aurangabad,Irrigation,502.1,83.8,57,24.4,12,13,68.3,14.7,139,0.324,107.7,1,17,,
4192,Nashik Metro Project #4192,Nashik,Metro,956.6,10.9,109,93.6,5,14,75.1,66.2,773,0.466,63.8,0,8,,
4193,Aurangabad Irrigation Project #4193,Aurangabad,Irrigation,285.0,10.3,29,71.5,2,4,48.0,62.5,174,0.166,80.1,0,12,,
4194,Nagpur Highway Project #4194,Nagpur,Highway,745.1,78.4,85,69.0,8,0,58.2,28.9,622,0.628,118.4,0,12,,
4195,Pune Railway Project #4195,Pune,Railway,467.5,78.5,91,60.0,8,0,31.6,96.1,459,0.338,100.4,0,7,,
4196,Aurangabad Highway Project #4196,Aurangabad,Highway,333.0,81.0,116,36.4,5,5,51.9,92.2,796,0.383,108.9,1,178,,
4197,Nagpur Irrigation Project #4197,Nagpur,Irrigation,483.1,93.7,96,65.9,12,2,38.0,35.2,516,0.652,127.1,0,11,,
4198,Nagpur Highway Project #4198,Nagpur,Highway,117.6,20.6,25,46.9,9,7,59.3,69.3,78,0.179,120.1,1,154,,
4199,Nagpur Highway Project #4199,Nagpur,Highway,808.8,30.9,34,23.1,5,3,70.3,87.0,565,0.852,115.4,1,40,,
4200,Nagpur Railway Project #4200,Nagpur,Railway,281.1,91.3,62,72.1,7,5,65.3,42.4,671,0.739,112.7,0,8,,
4201,Nashik Metro Project #4201,Nashik,Metro,739.1,26.0,74,21.7,7,12,79.9,32.8,509,0.578,57.2,1,128,,
4202,Nagpur Irrigation Project #4202,Nagpur,Irrigation,114.9,71.4,70,27.2,5,9,13.7,33.1,144,0.128,129.3,1,88,,
4203,Nashik Railway Project #4203,Nashik,Railway,957.3,57.7,27,83.6,6,11,17.1,83.8,511,0.687,77.3,0,2,,
4204,Nashik Metro Project #4204,Nashik,Metro,233.4,17.5,24,69.4,3,8,28.5,51.7,354,0.018,67.2,0,6,,
4205,Nagpur Highway Project #4205,Nagpur,Highway,888.6,35.7,60,66.8,0,13,98.7,74.4,739,0.804,99.8,0,0,,
4206,Pune Metro Project #4206,Pune,Metro,819.0,56.8,104,47.6,3,7,82.0,68.5,669,0.304,94.7,1,106,,
4207,Nagpur Highway Project #4207,Nagpur,Highway,969.5,86.7,30,45.7,7,3,93.2,37.6,647,0.117,111.0,1,108,,
4208,Nagpur Highway Project #4208,Nagpur,Highway,504.0,73.7,53,72.1,11,9,34.5,28.7,770,0.164,121.4,0,11,,
4209,Nagpur Railway Project #4209,Nagpur,Railway,741.0,66.0,66,76.6,12,7,61.6,21.3,63,0.963,104.6,0,14,,
4210,Pune Highway Project #4210,Pune,Highway,402.2,54.6,96,55.9,7,14,59.9,12.1,341,0.774,90.9,0,4,,
4211,Mumbai Railway Project #4211,Mumbai,Railway,225.1,36.9,50,97.2,1,6,61.3,17.3,429,0.238,148.7,0,8,,
4212,Mumbai Metro Project #4212,Mumbai,Metro,470.9,20.7,57,96.0,6,4,74.6,33.1,744,0.963,125.9,0,10,,
4213,Nashik Metro Project #4213,Nashik,Metro,207.5,46.8,33,47.1,12,6,45.5,74.2,730,0.14,86.2,1,71,,
4214,Nashik Highway Project #4214,Nashik,Highway,982.9,12.6,58,83.9,0,6,70.9,23.9,665,0.734,66.7,0,5,,
4215,Pune Railway Project #4215,Pune,Railway,141.4,29.0,20,58.9,1,13,81.0,57.1,322,0.657,87.4,0,10,,
4216,Aurangabad Highway Project #4216,Aurangabad,Highway,609.8,48.9,55,56.1,7,12,36.0,32.1,147,0.821,115.3,0,5,,
4217,Mumbai Railway Project #4217,Mumbai,Railway,645.1,47.7,36,14.9,10,9,95.1,56.1,364,0.382,149.5,1,95,,
4218,Nashik Railway Project #4218,Nashik,Railway,561.2,14.0,63,61.7,9,1,56.6,77.5,511,0.402,73.6,0,13,,
4219,Mumbai Railway Project #4219,Mumbai,Railway,679.1,63.0,112,91.1,12,6,75.9,33.9,234,0.625,138.6,0,11,,
4220,Pune Metro Project #4220,Pune,Metro,160.4,59.5,18,80.2,12,2,75.6,41.3,623,0.398,88.6,0,8,,
4221,Pune Railway Project #4221,Pune,Railway,577.3,17.0,100,80.8,3,7,60.9,75.1,108,0.041,70.9,0,0,,
4222,Aurangabad Metro Project #4222,Aurangabad,Metro,322.9,94.9,118,24.4,2,7,39.0,59.2,316,0.73,107.6,0,6,,
4223,Aurangabad Railway Project #4223,Aurangabad,Railway,943.2,18.9,84,42.3,1,8,70.0,18.5,400,0.641,124.5,0,2,,
4224,Pune Metro Project #4224,Pune,Metro,774.0,86.9,77,31.0,10,10,17.9,78.2,100,0.424,74.9,1,27,,
4225,Nashik Irrigation Project #4225,Nashik,Irrigation,973.9,10.0,73,38.4,5,3,98.3,35.0,383,0.303,66.5,1,95,,
4226,Mumbai Metro Project #4226,Mumbai,Metro,85.7,89.4,52,62.2,3,9,26.6,44.7,213,0.321,128.8,0,4,,
4227,Nagpur Metro Project #4227,Nagpur,Metro,320.9,11.8,70,42.8,2,2,34.8,32.1,759,0.741,120.1,0,1,,
4228,Aurangabad Highway Project #4228,Aurangabad,Highway,235.7,78.2,92,60.5,2,8,95.9,58.9,618,0.729,114.7,0,11,,
4229,Nagpur Railway Project #4229,Nagpur,Railway,60.6,42.6,62,49.5,9,8,26.8,73.7,642,0.819,123.8,1,50,,
4230,Nashik Irrigation Project #4230,Nashik,Irrigation,280.2,76.4,103,35.8,2,1,25.3,82.3,126,0.762,64.0,0,14,,
4231,Aurangabad Highway Project #4231,Aurangabad,Highway,694.8,46.2,61,18.6,11,15,82.4,93.0,75,0.758,88.6,1,105,,
4232,Nagpur Railway Project #4232,Nagpur,Railway,269.5,16.4,71,90.3,7,5,32.6,42.3,140,0.252,107.6,0,1,,
4233,Nashik Irrigation Project #4233,Nashik,Irrigation,533.6,79.1,102,11.0,8,15,18.5,93.9,788,0.102,82.6,1,16,,
4234,Mumbai Irrigation Project #4234,Mumbai,Irrigation,893.4,16.4,76,10.1,8,2,30.4,65.5,395,0.762,158.8,1,16,,
4235,Nashik Irrigation Project #4235,Nashik,Irrigation,709.1,93.0,109,84.4,4,4,90.0,45.1,101,0.099,69.1,0,9,,
4236,Aurangabad Railway Project #4236,Aurangabad,Railway,424.9,14.6,18,99.7,0,15,35.2,89.9,86,0.982,111.6,0,3,,
4237,Pune Irrigation Project #4237,Pune,Irrigation,403.8,53.1,74,75.4,9,1,72.6,62.2,759,0.875,79.7,0,2,,
4238,Mumbai Irrigation Project #4238,Mumbai,Irrigation,482.9,75.1,1,11.4,4,14,45.6,50.9,261,0.533,162.9,1,84,,
4239,Nagpur Highway Project #4239,Nagpur,Highway,218.2,45.4,112,30.4,0,3,33.6,11.0,748,0.352,112.8,0,8,,
4240,Aurangabad Metro Project #4240,Aurangabad,Metro,652.3,29.6,5,97.5,8,10,23.0,74.6,329,0.527,114.4,0,14,,
4241,Pune Railway Project #4241,Pune,Railway,395.9,78.3,28,82.8,12,2,97.5,17.0,662,0.734,76.7,0,13,,
4242,Nashik Metro Project #4242,Nashik,Metro,859.7,80.6,40,61.0,9,1,56.9,36.0,63,0.756,68.2,0,5,,
4243,Pune Highway Project #4243,Pune,Highway,768.7,93.0,50,31.3,12,5,20.3,96.6,661,0.074,102.5,1,136,,
4244,Aurangabad Metro Project #4244,Aurangabad,Metro,630.0,43.9,4,11.3,7,10,27.9,24.0,667,0.805,100.5,1,144,,
4245,Aurangabad Irrigation Project #4245,Aurangabad,Irrigation,396.0,55.6,40,11.9,6,2,46.7,38.1,795,0.641,117.5,1,87,,
4246,Pune Irrigation Project #4246,Pune,Irrigation,249.4,42.7,61,65.1,1,3,59.0,93.9,154,0.041,79.2,0,12,,
4247,Nashik Railway Project #4247,Nashik,Railway,787.3,33.1,29,12.0,1,5,26.4,40.4,688,0.313,61.0,0,9,,
4248,Pune Railway Project #4248,Pune,Railway,512.1,77.6,120,99.4,3,11,35.0,39.6,95,0.511,89.9,0,2,,
4249,Aurangabad Railway Project #4249,Aurangabad,Railway,263.5,40.6,102,26.5,8,12,80.5,68.3,150,0.188,119.7,1,135,,
4250,Aurangabad Highway Project #4250,Aurangabad,Highway,235.4,48.5,61,74.0,8,11,47.6,21.8,54,0.155,107.0,0,5,,
4251,Nagpur Railway Project #4251,Nagpur,Railway,207.1,46.3,99,24.0,7,14,10.1,97.5,649,0.014,126.2,1,175,,
4252,Nagpur Highway Project #4252,Nagpur,Highway,788.3,74.1,26,58.6,10,4,14.9,34.8,126,0.912,131.4,0,3,,
4253,Mumbai Irrigation Project #4253,Mumbai,Irrigation,267.5,92.6,49,17.3,4,3,49.5,80.7,156,0.056,142.3,1,75,,
4254,Aurangabad Metro Project #4254,Aurangabad,Metro,550.3,70.0,81,79.0,6,12,15.4,35.9,668,0.366,94.7,0,10,,
4255,Nagpur Irrigation Project #4255,Nagpur,Irrigation,479.0,52.4,51,62.6,11,13,25.7,34.8,30,0.206,116.4,0,7,,
4256,Pune Irrigation Project #4256,Pune,Irrigation,600.6,80.1,48,17.8,8,11,75.5,15.2,545,0.741,102.7,1,155,,
4257,Nashik Irrigation Project #4257,Nashik,Irrigation,883.3,67.7,61,86.4,2,3,53.2,20.7,167,0.707,61.9,0,5,,
4258,Pune Railway Project #4258,Pune,Railway,874.4,15.5,99,59.2,3,1,53.4,57.0,485,0.806,100.1,0,12,,
4259,Nashik Railway Project #4259,Nashik,Railway,478.5,18.6,59,92.9,1,11,63.8,61.9,57,0.617,67.4,0,14,,
4260,Nagpur Railway Project #4260,Nagpur,Railway,64.6,13.4,117,92.5,8,12,81.0,83.4,428,0.592,137.6,0,8,,
4261,Mumbai Metro Project #4261,Mumbai,Metro,455.1,51.1,79,92.8,6,9,24.3,15.4,119,0.407,172.5,0,2,,
4262,Pune Railway Project #4262,Pune,Railway,625.9,84.3,53,17.0,5,12,25.6,42.1,580,0.636,100.3,1,91,,
4263,Pune Highway Project #4263,Pune,Highway,579.9,38.2,118,20.9,4,15,20.9,28.0,538,0.115,73.5,1,98,,
4264,Pune Irrigation Project #4264,Pune,Irrigation,668.8,44.6,4,98.9,11,3,94.3,42.2,313,0.685,66.0,0,6,,
4265,Nashik Metro Project #4265,Nashik,Metro,196.4,91.9,8,53.9,6,11,62.0,41.9,491,0.104,70.6,0,0,,
4266,Nagpur Metro Project #4266,Nagpur,Metro,664.2,85.3,33,31.4,2,7,18.3,41.9,576,0.862,129.1,0,7,,
4267,Pune Metro Project #4267,Pune,Metro,223.5,69.9,97,79.3,4,4,29.9,37.9,146,0.506,95.0,0,5,,
4268,Pune Metro Project #4268,Pune,Metro,763.0,34.0,35,33.8,1,15,75.3,78.8,86,0.53,82.8,0,3,,
4269,Mumbai Metro Project #4269,Mumbai,Metro,372.1,20.5,94,75.4,4,13,12.6,72.1,279,0.585,135.1,1,23,,
4270,Mumbai Highway Project #4270,Mumbai,Highway,724.4,11.4,115,85.4,6,13,75.3,40.7,701,0.776,159.3,0,5,,
4271,Nagpur Irrigation Project #4271,Nagpur,Irrigation,95.5,19.6,19,80.6,10,14,92.0,23.2,94,0.478,138.6,0,1,,
4272,Nagpur Metro Project #4272,Nagpur,Metro,437.5,36.3,80,34.7,9,13,15.1,56.6,477,0.428,113.3,1,82,,
4273,Aurangabad Irrigation Project #4273,Aurangabad,Irrigation,719.8,59.7,83,46.1,10,10,26.8,92.7,660,0.288,118.3,1,31,,
4274,Mumbai Railway Project #4274,Mumbai,Railway,265.5,15.8,91,47.2,6,9,10.2,21.1,691,0.128,176.0,1,73,,
4275,Aurangabad Metro Project #4275,Aurangabad,Metro,805.5,22.3,84,54.2,8,9,19.8,77.8,251,0.19,108.1,0,4,,
4276,Nashik Metro Project #4276,Nashik,Metro,649.2,26.3,120,25.1,2,7,65.5,63.9,73,0.001,68.3,0,1,,
4277,Aurangabad Irrigation Project #4277,Aurangabad,Irrigation,608.2,66.9,82,50.7,7,5,14.0,63.0,249,0.869,115.6,0,13,,
4278,Pune Metro Project #4278,Pune,Metro,385.9,65.4,62,56.0,4,15,48.3,94.1,104,0.765,87.2,0,2,,
4279,Aurangabad Metro Project #4279,Aurangabad,Metro,508.3,59.6,66,57.9,6,11,55.3,96.0,667,0.219,123.4,0,14,,
4280,Nagpur Metro Project #4280,Nagpur,Metro,617.5,32.5,29,83.8,0,9,91.6,31.9,407,0.002,116.0,0,2,,
4281,Nashik Highway Project #4281,Nashik,Highway,498.8,43.4,68,56.6,0,4,52.7,82.8,58,0.492,69.7,0,1,,
4282,Pune Highway Project #4282,Pune,Highway,713.4,18.7,105,30.8,3,3,22.8,65.9,462,0.413,75.6,1,31,,
4283,Aurangabad Metro Project #4283,Aurangabad,Metro,462.0,30.4,69,69.7,4,9,36.0,46.8,154,0.776,107.6,0,7,,
4284,Nashik Highway Project #4284,Nashik,Highway,242.2,90.8,2,81.8,12,8,70.5,69.9,407,0.403,59.9,0,10,,
4285,Nashik Railway Project #4285,Nashik,Railway,253.2,98.2,48,38.7,9,9,20.1,96.0,780,0.864,73.5,1,74,,
4286,Pune Metro Project #4286,Pune,Metro,55.5,68.3,41,68.1,2,13,30.9,56.5,680,0.096,73.4,0,10,,
4287,Aurangabad Railway Project #4287,Aurangabad,Railway,335.9,92.5,23,23.2,5,4,99.6,94.6,738,0.366,119.8,1,29,,
4288,Nashik Irrigation Project #4288,Nashik,Irrigation,761.5,67.8,43,40.8,2,9,10.5,67.9,312,0.934,61.3,1,139,,
4289,Nashik Railway Project #4289,Nashik,Railway,804.5,13.0,0,91.8,4,15,23.7,53.5,437,0.012,87.8,0,7,,
4290,Mumbai Irrigation Project #4290,Mumbai,Irrigation,242.3,99.7,113,92.0,10,14,85.9,68.0,26,0.391,163.7,0,0,,
4291,Nashik Metro Project #4291,Nashik,Metro,961.1,18.9,114,61.8,12,10,19.1,64.2,90,0.26,75.4,0,0,,
4292,Mumbai Irrigation Project #4292,Mumbai,Irrigation,527.3,71.4,53,73.2,0,5,13.0,48.0,193,0.532,134.6,0,12,,
4293,Aurangabad Irrigation Project #4293,Aurangabad,Irrigation,921.1,32.8,51,86.9,2,14,20.9,60.6,476,0.279,103.7,0,10,,
4294,Aurangabad Railway Project #4294,Aurangabad,Railway,721.4,45.3,35,96.3,6,6,72.4,73.3,292,0.87,101.0,0,0,,
4295,Aurangabad Railway Project #4295,Aurangabad,Railway,736.3,68.1,78,54.1,2,10,99.4,85.5,80,0.937,102.3,0,9,,
4296,Nagpur Railway Project #4296,Nagpur,Railway,130.8,49.3,104,60.5,4,11,63.2,37.4,99,0.849,135.8,1,129,,
4297,Aurangabad Metro Project #4297,Aurangabad,Metro,259.0,32.5,37,47.4,6,15,21.2,11.3,718,0.399,108.5,1,109,,
4298,Nashik Metro Project #4298,Nashik,Metro,58.4,40.1,43,16.5,12,10,26.5,59.6,651,0.99,63.4,1,111,,
4299,Pune Railway Project #4299,Pune,Railway,730.3,40.7,81,48.1,1,12,58.4,54.0,601,0.735,82.5,0,5,,
4300,Mumbai Metro Project #4300,Mumbai,Metro,377.2,96.3,86,81.2,2,0,74.4,14.9,374,0.356,144.7,0,6,,
4301,Nagpur Metro Project #4301,Nagpur,Metro,797.3,81.9,46,82.4,3,8,69.7,66.9,212,0.094,125.3,0,3,,
4302,Aurangabad Irrigation Project #4302,Aurangabad,Irrigation,372.0,51.3,28,90.3,4,11,61.7,94.7,240,0.667,93.7,0,11,,
4303,Aurangabad Irrigation Project #4303,Aurangabad,Irrigation,828.4,28.0,50,14.6,11,7,98.8,46.2,608,0.729,111.0,1,53,,
4304,Pune Railway Project #4304,Pune,Railway,174.2,83.0,40,57.4,8,11,27.8,90.5,748,0.122,94.2,0,12,,
4305,Pune Metro Project #4305,Pune,Metro,214.7,24.1,85,19.7,8,15,25.6,83.2,15,0.55,72.6,1,19,,
4306,Nagpur Irrigation Project #4306,Nagpur,Irrigation,373.8,28.9,63,28.1,3,10,87.3,24.6,366,0.987,105.8,1,59,,
4307,Mumbai Highway Project #4307,Mumbai,Highway,438.1,42.9,87,91.0,8,15,36.2,80.9,458,0.326,149.5,0,3,,
4308,Aurangabad Metro Project #4308,Aurangabad,Metro,381.3,89.2,108,54.7,3,14,39.9,56.5,746,0.302,124.4,1,22,,
4309,Nagpur Highway Project #4309,Nagpur,Highway,775.5,21.9,47,78.3,1,4,59.4,92.7,155,0.903,132.0,0,14,,
4310,Nashik Railway Project #4310,Nashik,Railway,142.1,21.0,76,15.8,9,2,44.3,27.0,64,0.117,63.9,1,50,,
4311,Nashik Metro Project #4311,Nashik,Metro,383.7,54.5,96,47.5,0,4,35.9,21.3,76,0.934,84.1,1,84,,
4312,Nagpur Railway Project #4312,Nagpur,Railway,845.4,34.9,113,70.7,6,15,92.5,31.7,706,0.779,116.8,0,8,,
4313,Aurangabad Railway Project #4313,Aurangabad,Railway,113.5,61.2,21,22.0,3,4,21.6,15.4,156,0.391,106.7,1,50,,
4314,Nagpur Railway Project #4314,Nagpur,Railway,945.2,50.6,98,39.3,11,8,46.4,38.8,595,0.084,120.9,1,82,,
4315,Aurangabad Railway Project #4315,Aurangabad,Railway,987.0,49.1,16,15.8,7,6,10.3,35.5,660,0.019,118.4,1,117,,
4316,Pune Railway Project #4316,Pune,Railway,134.1,20.1,85,68.6,7,12,82.7,47.5,745,0.376,83.9,0,12,,
4317,Nagpur Metro Project #4317,Nagpur,Metro,326.7,22.7,4,97.4,11,1,25.2,51.7,241,0.705,116.0,0,6,,
4318,Aurangabad Highway Project #4318,Aurangabad,Highway,403.8,83.9,60,84.4,7,4,79.6,23.0,477,0.488,97.5,0,1,,
4319,Nagpur Metro Project #4319,Nagpur,Metro,787.6,89.7,88,97.7,5,15,23.4,65.7,704,0.739,123.5,1,31,,
4320,Nagpur Metro Project #4320,Nagpur,Metro,616.1,31.1,5,86.1,8,8,47.5,30.1,105,0.671,129.3,0,13,,
4321,Aurangabad Metro Project #4321,Aurangabad,Metro,662.1,20.2,52,87.0,3,13,75.5,21.0,500,0.573,119.9,1,111,,
4322,Aurangabad Irrigation Project #4322,Aurangabad,Irrigation,769.6,14.8,80,61.9,4,10,34.4,73.8,257,0.967,96.3,0,8,,
4323,Mumbai Irrigation Project #4323,Mumbai,Irrigation,162.1,64.7,94,56.6,3,12,38.3,12.0,141,0.728,146.2,0,1,,
4324,Nagpur Metro Project #4324,Nagpur,Metro,841.5,74.4,16,46.6,4,1,70.1,43.2,534,0.915,132.5,1,142,,
4325,Nashik Highway Project #4325,Nashik,Highway,720.3,43.6,58,83.6,1,7,26.9,23.0,79,0.242,72.3,0,7,,
4326,Nagpur Metro Project #4326,Nagpur,Metro,598.5,71.2,96,26.4,4,11,95.7,89.5,358,0.714,120.3,1,151,,
4327,Nagpur Railway Project #4327,Nagpur,Railway,895.2,74.2,38,15.1,9,2,27.0,84.2,451,0.598,120.1,1,69,,
4328,Aurangabad Irrigation Project #4328,Aurangabad,Irrigation,715.3,94.2,53,95.3,7,3,77.5,15.4,265,0.924,115.4,0,12,,
4329,Nagpur Irrigation Project #4329,Nagpur,Irrigation,241.6,15.8,47,10.3,8,1,82.2,59.5,395,0.51,122.9,1,34,,
4330,Nagpur Metro Project #4330,Nagpur,Metro,458.3,27.3,36,97.9,6,8,43.7,36.6,514,0.28,114.2,0,8,,
4331,Nashik Metro Project #4331,Nashik,Metro,519.3,16.2,47,75.6,6,5,24.1,27.3,709,0.385,78.8,0,7,,
4332,Aurangabad Highway Project #4332,Aurangabad,Highway,102.5,88.1,67,39.6,5,14,24.9,38.0,610,0.219,98.0,1,100,,
4333,Nagpur Highway Project #4333,Nagpur,Highway,956.9,81.3,106,72.8,1,8,98.7,83.4,425,0.22,133.2,0,11,,
4334,Pune Railway Project #4334,Pune,Railway,172.1,61.7,77,83.6,9,13,75.3,15.2,328,0.47,81.0,0,14,,
4335,Mumbai Metro Project #4335,Mumbai,Metro,712.6,17.5,76,32.1,11,14,50.5,68.3,325,0.893,155.5,1,140,,
4336,Nashik Metro Project #4336,Nashik,Metro,530.9,34.6,26,79.4,10,10,33.2,92.2,675,0.192,68.4,0,4,,
4337,Nagpur Metro Project #4337,Nagpur,Metro,74.4,36.8,87,82.4,9,12,11.7,50.3,671,0.288,115.2,0,1,,
4338,Pune Irrigation Project #4338,Pune,Irrigation,928.5,60.5,26,32.4,12,12,70.3,91.1,339,0.853,103.6,1,121,,
4339,Nagpur Railway Project #4339,Nagpur,Railway,859.2,33.2,71,13.8,8,7,96.1,91.6,141,0.339,127.4,1,103,,
4340,Nagpur Highway Project #4340,Nagpur,Highway,548.0,16.6,116,28.4,4,11,19.6,64.9,153,0.962,119.4,1,104,,
4341,Aurangabad Irrigation Project #4341,Aurangabad,Irrigation,267.5,75.8,62,28.1,5,8,77.9,51.0,256,0.269,127.5,1,161,,
4342,Aurangabad Irrigation Project #4342,Aurangabad,Irrigation,165.5,36.9,51,15.9,0,15,23.8,76.4,72,0.442,119.8,0,8,,
4343,Aurangabad Irrigation Project #4343,Aurangabad,Irrigation,395.2,50.7,46,75.3,4,4,81.3,92.5,691,0.096,101.9,0,12,,
4344,Pune Irrigation Project #4344,Pune,Irrigation,292.7,21.5,113,44.2,5,15,43.4,71.2,512,0.992,67.4,1,160,,
4345,Nagpur Railway Project #4345,Nagpur,Railway,531.4,82.2,102,89.6,9,5,74.1,28.9,245,0.89,121.1,0,14,,
4346,Mumbai Metro Project #4346,Mumbai,Metro,968.1,60.9,20,32.7,10,6,93.4,83.8,406,0.818,163.8,1,153,,
4347,Nashik Highway Project #4347,Nashik,Highway,596.2,91.1,114,50.8,1,4,65.8,95.6,132,0.157,76.1,0,11,,
4348,Aurangabad Highway Project #4348,Aurangabad,Highway,895.4,54.6,56,67.5,6,0,92.9,46.9,279,0.969,125.7,0,13,,
4349,Aurangabad Irrigation Project #4349,Aurangabad,Irrigation,668.3,94.7,104,89.0,3,8,31.2,72.8,17,0.929,104.0,0,5,,
4350,Nagpur Irrigation Project #4350,Nagpur,Irrigation,501.5,90.3,74,57.2,4,1,98.0,56.6,739,0.436,118.8,0,11,,
4351,Nagpur Railway Project #4351,Nagpur,Railway,861.9,61.9,94,43.6,2,6,88.6,20.1,351,0.682,119.1,0,11,,
4352,Pune Irrigation Project #4352,Pune,Irrigation,497.8,94.1,90,88.0,4,11,19.7,41.5,695,0.992,92.4,1,50,,
4353,Pune Highway Project #4353,Pune,Highway,875.2,39.1,41,37.9,11,7,47.2,24.7,647,0.41,97.7,1,127,,
4354,Aurangabad Highway Project #4354,Aurangabad,Highway,327.0,42.9,109,17.1,3,14,93.4,70.6,324,0.113,126.3,1,169,,
4355,Nagpur Metro Project #4355,Nagpur,Metro,172.4,14.1,47,50.1,11,7,17.0,62.4,570,0.868,138.4,0,6,,
4356,Mumbai Metro Project #4356,Mumbai,Metro,862.5,63.0,26,80.7,9,0,50.8,13.0,345,0.476,166.7,0,11,,
4357,Nashik Highway Project #4357,Nashik,Highway,608.0,75.0,71,12.8,5,14,75.1,15.5,757,0.987,76.7,1,132,,
4358,Nagpur Highway Project #4358,Nagpur,Highway,894.6,79.6,32,62.7,1,9,13.0,33.5,265,0.551,116.6,0,6,,
4359,Nagpur Railway Project #4359,Nagpur,Railway,940.9,23.5,75,63.5,2,6,77.8,77.0,125,0.029,122.3,0,13,,
4360,Pune Railway Project #4360,Pune,Railway,100.9,50.0,34,93.6,11,8,42.5,21.4,800,0.492,96.6,0,3,,
4361,Nashik Highway Project #4361,Nashik,Highway,525.9,25.9,97,35.8,9,10,32.4,28.4,398,0.718,71.4,1,120,,
4362,Aurangabad Irrigation Project #4362,Aurangabad,Irrigation,406.2,69.6,15,35.1,0,13,61.8,91.7,94,0.026,100.9,0,6,,
4363,Nagpur Metro Project #4363,Nagpur,Metro,644.6,24.2,35,49.6,6,13,59.0,59.2,641,0.413,115.4,1,179,,
4364,Aurangabad Highway Project #4364,Aurangabad,Highway,803.9,91.4,65,42.1,8,10,88.7,65.9,59,0.156,118.7,1,155,,
4365,Nagpur Irrigation Project #4365,Nagpur,Irrigation,316.6,30.8,75,76.3,1,2,70.8,51.0,173,0.643,117.5,0,14,,
4366,Aurangabad Highway Project #4366,Aurangabad,Highway,579.0,36.2,90,67.8,6,7,48.0,37.0,157,0.957,110.2,1,169,,
4367,Nashik Metro Project #4367,Nashik,Metro,723.3,86.6,55,78.3,2,7,68.5,32.4,564,0.625,69.2,0,13,,
4368,Pune Metro Project #4368,Pune,Metro,177.7,51.3,16,83.8,4,8,77.5,63.0,145,0.695,81.1,0,11,,
4369,Nashik Railway Project #4369,Nashik,Railway,823.4,12.2,19,93.1,5,7,94.4,52.4,767,0.397,68.3,0,14,,
4370,Mumbai Railway Project #4370,Mumbai,Railway,625.8,54.5,84,48.8,7,4,73.4,46.3,227,0.563,145.4,1,26,,
4371,Pune Railway Project #4371,Pune,Railway,952.1,17.6,93,98.6,3,4,58.9,72.5,515,0.544,83.1,0,3,,
4372,Nashik Railway Project #4372,Nashik,Railway,372.6,98.7,105,29.4,1,2,43.6,46.4,381,0.76,59.4,1,169,,
4373,Mumbai Metro Project #4373,Mumbai,Metro,152.7,62.9,83,74.3,2,11,90.2,13.3,243,0.857,149.0,0,10,,
4374,Nagpur Irrigation Project #4374,Nagpur,Irrigation,531.2,33.1,7,58.1,7,5,81.3,85.6,784,0.663,126.2,0,8,,
4375,Nagpur Irrigation Project #4375,Nagpur,Irrigation,131.5,60.7,17,83.5,6,9,16.9,38.7,124,0.98,131.2,0,11,,
4376,Aurangabad Irrigation Project #4376,Aurangabad,Irrigation,971.1,16.9,120,52.9,5,2,73.0,95.2,198,0.828,96.1,0,3,,
4377,Pune Highway Project #4377,Pune,Highway,86.8,82.0,17,80.6,4,13,58.5,89.2,426,0.125,106.1,0,7,,
4378,Nagpur Railway Project #4378,Nagpur,Railway,765.8,93.3,17,93.7,10,1,19.3,31.1,206,0.507,122.9,0,7,,
4379,Pune Railway Project #4379,Pune,Railway,548.8,88.7,1,75.9,4,6,60.8,96.9,559,0.903,78.7,0,1,,
4380,Nagpur Metro Project #4380,Nagpur,Metro,400.2,40.8,75,79.8,0,9,27.3,86.8,533,0.944,116.0,0,5,,
4381,Aurangabad Metro Project #4381,Aurangabad,Metro,112.6,39.3,95,16.0,5,2,73.7,98.7,645,0.38,91.2,1,73,,
4382,Nashik Highway Project #4382,Nashik,Highway,641.1,13.2,105,28.4,12,12,35.1,71.0,565,0.726,53.8,1,26,,
4383,Aurangabad Highway Project #4383,Aurangabad,Highway,606.0,68.6,71,97.7,8,3,23.5,93.8,23,0.411,127.2,0,0,,
4384,Mumbai Irrigation Project #4384,Mumbai,Irrigation,316.8,58.1,50,72.4,7,13,17.4,72.1,573,0.124,143.0,0,4,,
4385,Nagpur Metro Project #4385,Nagpur,Metro,914.7,51.3,9,60.5,11,10,54.2,87.0,254,0.885,125.4,0,12,,
4386,Mumbai Railway Project #4386,Mumbai,Railway,338.9,91.7,74,43.0,9,9,28.0,64.9,701,0.932,148.9,1,57,,
4387,Mumbai Irrigation Project #4387,Mumbai,Irrigation,477.2,25.1,13,14.0,0,7,87.0,93.6,311,0.505,150.2,0,4,,
4388,Pune Railway Project #4388,Pune,Railway,566.6,10.9,25,43.2,10,13,10.3,56.6,473,0.018,93.7,1,148,,
4389,Nagpur Irrigation Project #4389,Nagpur,Irrigation,145.2,16.6,46,54.9,12,0,85.9,76.3,651,0.816,99.2,0,1,,
4390,Mumbai Railway Project #4390,Mumbai,Railway,935.6,30.1,29,29.0,5,14,56.9,92.5,442,0.477,163.2,1,29,,
4391,Nashik Highway Project #4391,Nashik,Highway,405.8,13.0,55,25.6,2,15,93.0,48.0,621,0.075,69.0,0,0,,
4392,Mumbai Irrigation Project #4392,Mumbai,Irrigation,126.7,55.3,118,55.8,5,8,28.4,12.4,471,0.189,145.0,1,63,,
4393,Nashik Railway Project #4393,Nashik,Railway,417.9,38.3,41,62.7,8,13,19.2,20.2,293,0.152,74.7,0,7,,
4394,Pune Railway Project #4394,Pune,Railway,620.2,26.2,3,31.6,5,5,66.2,97.5,632,0.686,82.8,1,147,,
4395,Mumbai Metro Project #4395,Mumbai,Metro,538.0,77.5,102,62.9,7,1,73.6,88.6,613,0.299,152.1,0,9,,
4396,Aurangabad Irrigation Project #4396,Aurangabad,Irrigation,709.8,28.4,10,91.0,5,15,43.5,53.5,597,0.128,108.3,0,12,,
4397,Pune Railway Project #4397,Pune,Railway,102.7,71.9,23,52.6,5,2,11.2,96.5,726,0.918,97.1,0,0,,
4398,Nashik Metro Project #4398,Nashik,Metro,320.3,41.4,117,87.2,6,15,46.6,26.7,543,0.957,67.9,1,65,,
4399,Pune Railway Project #4399,Pune,Railway,828.3,56.1,85,93.5,10,4,31.0,20.0,691,0.139,79.7,0,8,,
4400,Mumbai Irrigation Project #4400,Mumbai,Irrigation,125.9,94.0,66,18.3,12,10,41.3,64.1,377,0.23,153.6,1,87,,
4401,Nagpur Highway Project #4401,Nagpur,Highway,862.7,13.4,36,18.6,9,11,55.6,44.4,166,0.592,117.3,1,81,,
4402,Nagpur Irrigation Project #4402,Nagpur,Irrigation,137.3,55.0,1,52.8,10,5,73.2,40.6,743,0.151,101.8,0,9,,
4403,Nashik Irrigation Project #4403,Nashik,Irrigation,842.7,86.9,11,62.9,3,8,96.7,76.1,472,0.159,72.0,0,3,,
4404,Nashik Railway Project #4404,Nashik,Railway,392.7,62.9,20,48.3,12,1,23.0,23.5,589,0.337,64.6,1,41,,
4405,Nagpur Railway Project #4405,Nagpur,Railway,631.6,34.9,68,39.4,12,15,71.2,80.1,170,0.949,123.5,1,102,,
4406,Nashik Irrigation Project #4406,Nashik,Irrigation,195.2,45.8,70,67.7,7,4,31.0,42.4,183,0.962,61.4,0,6,,
4407,Pune Metro Project #4407,Pune,Metro,112.9,71.2,63,10.2,3,6,29.9,98.8,508,0.842,77.9,1,53,,
4408,Aurangabad Metro Project #4408,Aurangabad,Metro,255.1,90.2,67,97.1,6,10,67.0,82.8,559,0.696,121.8,0,14,,
4409,Aurangabad Metro Project #4409,Aurangabad,Metro,171.5,13.7,42,30.9,0,11,79.8,68.2,345,0.721,118.4,0,2,,
4410,Pune Railway Project #4410,Pune,Railway,346.8,16.4,53,92.5,11,15,98.0,30.7,35,0.47,89.9,0,2,,
4411,Aurangabad Railway Project #4411,Aurangabad,Railway,538.7,39.3,104,19.8,8,10,79.2,96.1,775,0.53,114.4,1,70,,
4412,Mumbai Irrigation Project #4412,Mumbai,Irrigation,609.3,31.0,99,31.4,9,6,24.2,13.0,513,0.634,158.1,1,25,,
4413,Pune Highway Project #4413,Pune,Highway,800.4,33.8,61,31.1,8,3,30.3,30.1,308,0.731,89.9,1,151,,
4414,Nashik Railway Project #4414,Nashik,Railway,673.4,29.9,85,99.7,6,2,78.5,13.3,446,0.097,57.9,0,10,,
4415,Pune Irrigation Project #4415,Pune,Irrigation,628.3,27.6,92,10.4,7,12,57.4,97.0,768,0.225,93.0,1,58,,
4416,Nagpur Irrigation Project #4416,Nagpur,Irrigation,441.2,21.8,72,67.6,1,7,36.6,88.4,20,0.963,130.0,0,0,,
4417,Nashik Highway Project #4417,Nashik,Highway,500.1,94.1,89,88.3,9,12,52.5,95.7,247,0.335,75.9,0,9,,
4418,Nagpur Metro Project #4418,Nagpur,Metro,443.8,23.0,11,70.5,11,1,92.3,74.4,628,0.268,120.6,0,10,,
4419,Nashik Irrigation Project #4419,Nashik,Irrigation,850.1,28.4,111,42.6,9,4,78.0,12.5,419,0.422,75.7,1,85,,
4420,Aurangabad Irrigation Project #4420,Aurangabad,Irrigation,268.5,32.2,0,96.2,6,11,50.6,93.8,343,0.291,107.8,0,7,,
4421,Pune Irrigation Project #4421,Pune,Irrigation,55.4,94.0,71,90.4,0,9,98.2,47.9,322,0.091,100.4,0,9,,
4422,Mumbai Metro Project #4422,Mumbai,Metro,668.8,78.0,32,49.1,2,14,81.5,43.1,10,0.208,163.5,0,14,,
4423,Nashik Metro Project #4423,Nashik,Metro,242.3,81.1,63,61.6,5,4,10.5,35.6,532,0.64,57.0,0,9,,
4424,Nashik Highway Project #4424,Nashik,Highway,895.6,19.4,115,97.1,4,0,20.1,35.8,679,0.223,81.2,0,14,,
4425,Nagpur Railway Project #4425,Nagpur,Railway,866.1,85.3,114,98.4,4,15,59.9,82.1,97,0.648,142.4,0,3,,
4426,Aurangabad Metro Project #4426,Aurangabad,Metro,122.9,46.7,67,50.5,8,6,41.5,33.1,251,0.1,115.3,0,7,,
4427,Nagpur Railway Project #4427,Nagpur,Railway,151.1,33.7,13,86.3,5,3,83.1,30.0,141,0.042,129.8,0,6,,
4428,Nagpur Railway Project #4428,Nagpur,Railway,520.4,61.8,118,37.2,2,14,90.6,72.8,607,0.862,113.5,0,0,,
4429,Aurangabad Metro Project #4429,Aurangabad,Metro,628.8,84.0,92,43.5,1,15,31.7,35.9,631,0.76,105.0,1,161,,
4430,Mumbai Irrigation Project #4430,Mumbai,Irrigation,311.2,80.1,13,24.8,8,14,78.7,11.2,337,0.666,147.9,1,16,,
4431,Nagpur Highway Project #4431,Nagpur,Highway,731.0,90.1,8,28.8,9,9,58.2,93.9,120,0.031,116.0,1,154,,
4432,Nagpur Railway Project #4432,Nagpur,Railway,615.2,93.5,72,69.1,3,11,45.3,38.2,729,0.239,106.9,0,12,,
4433,Nashik Irrigation Project #4433,Nashik,Irrigation,358.6,31.4,25,56.0,10,1,80.8,78.8,298,0.812,68.3,0,5,,
4434,Aurangabad Metro Project #4434,Aurangabad,Metro,74.1,48.1,48,30.8,4,7,60.8,52.2,426,0.145,118.4,1,96,,
4435,Pune Railway Project #4435,Pune,Railway,762.6,11.3,110,46.3,8,15,67.2,22.1,83,0.813,77.0,1,140,,
4436,Mumbai Railway Project #4436,Mumbai,Railway,254.0,89.1,105,43.6,4,3,15.6,69.6,770,0.584,151.8,1,173,,
4437,Mumbai Railway Project #4437,Mumbai,Railway,842.8,23.9,16,98.9,6,0,62.7,30.8,117,0.74,151.5,0,7,,
4438,Aurangabad Irrigation Project #4438,Aurangabad,Irrigation,449.3,87.5,104,86.8,1,7,37.1,35.9,525,0.645,107.0,1,58,,
4439,Nashik Irrigation Project #4439,Nashik,Irrigation,598.2,39.6,67,44.9,1,14,54.4,12.9,736,0.417,75.0,0,13,,
4440,Nashik Irrigation Project #4440,Nashik,Irrigation,879.3,43.1,59,92.3,3,12,30.0,11.5,700,0.292,74.0,0,4,,
4441,Aurangabad Railway Project #4441,Aurangabad,Railway,870.4,13.5,109,40.8,7,10,65.3,56.2,676,0.673,106.3,1,117,,
4442,Nashik Railway Project #4442,Nashik,Railway,402.9,39.4,2,70.1,1,6,23.3,15.2,746,0.807,80.6,0,4,,
4443,Mumbai Highway Project #4443,Mumbai,Highway,248.4,90.0,92,97.0,9,2,21.1,28.8,114,0.045,155.6,0,11,,
4444,Mumbai Highway Project #4444,Mumbai,Highway,786.4,12.3,24,45.1,6,2,27.0,93.1,391,0.38,165.7,1,66,,
4445,Pune Irrigation Project #4445,Pune,Irrigation,461.4,46.6,20,71.2,12,6,83.6,17.5,605,0.351,89.3,0,1,,
4446,Aurangabad Irrigation Project #4446,Aurangabad,Irrigation,232.4,12.8,11,36.6,12,1,13.0,36.2,86,0.559,106.8,1,115,,
4447,Nagpur Metro Project #4447,Nagpur,Metro,909.2,43.4,53,34.0,0,4,75.7,75.4,212,0.114,117.9,0,0,,
4448,Nagpur Irrigation Project #4448,Nagpur,Irrigation,238.2,25.5,0,61.7,8,6,15.1,89.6,510,0.933,131.8,0,12,,
4449,Pune Highway Project #4449,Pune,Highway,74.5,32.7,0,98.1,9,5,63.3,14.2,250,0.549,88.5,0,3,,
4450,Pune Highway Project #4450,Pune,Highway,69.3,89.0,44,50.8,5,9,79.6,26.7,716,0.924,89.1,1,68,,
4451,Nashik Highway Project #4451,Nashik,Highway,641.2,49.2,45,94.4,10,6,30.8,44.9,381,0.817,89.6,0,7,,
4452,Pune Railway Project #4452,Pune,Railway,678.6,34.6,47,92.3,0,15,27.6,42.5,214,0.192,76.6,0,0,,
4453,Pune Railway Project #4453,Pune,Railway,345.5,63.0,6,32.8,9,14,36.0,36.0,421,0.132,93.6,1,145,,
4454,Nagpur Irrigation Project #4454,Nagpur,Irrigation,354.0,22.8,9,46.2,5,1,73.0,31.8,223,0.861,119.4,1,107,,
4455,Nashik Metro Project #4455,Nashik,Metro,372.5,33.3,14,67.9,4,6,32.9,34.2,450,0.536,67.5,0,0,,
4456,Pune Metro Project #4456,Pune,Metro,696.2,59.2,39,56.6,11,1,55.2,22.0,540,0.02,80.5,0,13,,
4457,Pune Metro Project #4457,Pune,Metro,105.2,31.4,10,18.6,4,6,22.1,24.7,680,0.934,83.4,1,133,,
4458,Nashik Railway Project #4458,Nashik,Railway,932.7,71.1,55,99.4,4,13,51.5,64.6,221,0.473,65.9,0,3,,
4459,Aurangabad Highway Project #4459,Aurangabad,Highway,261.4,54.2,45,77.7,3,14,66.2,36.3,62,0.301,115.0,0,9,,
4460,Nashik Highway Project #4460,Nashik,Highway,999.7,79.5,44,49.4,6,15,16.5,46.0,520,0.517,78.5,1,166,,
4461,Nagpur Railway Project #4461,Nagpur,Railway,212.9,95.3,86,65.6,12,7,83.4,47.1,97,0.823,102.2,0,8,,
4462,Aurangabad Metro Project #4462,Aurangabad,Metro,783.0,20.4,12,17.9,8,9,94.4,19.9,681,0.11,98.0,1,139,,
4463,Mumbai Metro Project #4463,Mumbai,Metro,262.2,40.1,26,54.6,12,7,27.4,83.8,18,0.359,155.5,0,13,,
4464,Nashik Irrigation Project #4464,Nashik,Irrigation,126.8,38.8,104,93.8,3,15,78.3,96.1,700,0.319,76.3,0,4,,
4465,Nagpur Irrigation Project #4465,Nagpur,Irrigation,881.2,23.6,80,90.7,1,4,38.2,33.7,92,0.84,105.4,1,126,,
4466,Aurangabad Metro Project #4466,Aurangabad,Metro,865.8,82.9,49,40.4,1,6,70.9,36.5,672,0.778,118.7,0,14,,
4467,Nashik Railway Project #4467,Nashik,Railway,433.4,78.4,60,57.8,1,10,37.6,72.4,34,0.4,69.9,0,10,,
4468,Pune Metro Project #4468,Pune,Metro,717.3,53.6,114,72.8,6,7,87.6,17.3,234,0.664,97.5,0,2,,
4469,Nashik Irrigation Project #4469,Nashik,Irrigation,579.2,58.4,12,40.6,3,3,41.2,91.7,506,0.394,61.5,1,172,,
4470,Mumbai Metro Project #4470,Mumbai,Metro,860.3,15.4,11,15.8,3,1,86.4,20.9,439,0.571,136.1,1,157,,
4471,Nashik Railway Project #4471,Nashik,Railway,349.3,60.0,28,55.5,0,6,79.0,75.9,437,0.991,66.9,0,6,,
4472,Aurangabad Highway Project #4472,Aurangabad,Highway,547.5,81.2,84,64.1,3,12,27.7,36.2,203,0.536,107.4,0,1,,
4473,Aurangabad Railway Project #4473,Aurangabad,Railway,511.1,61.6,83,10.5,5,0,24.1,39.1,127,0.989,106.8,1,169,,
4474,Nashik Railway Project #4474,Nashik,Railway,386.2,33.9,19,18.6,1,11,80.2,22.7,769,0.747,66.1,0,7,,
4475,Aurangabad Irrigation Project #4475,Aurangabad,Irrigation,896.9,70.1,30,28.7,3,1,45.1,68.2,87,0.121,126.9,1,61,,
4476,Pune Railway Project #4476,Pune,Railway,207.6,42.5,7,41.3,10,9,95.4,81.5,161,0.796,73.0,1,173,,
4477,Nashik Railway Project #4477,Nashik,Railway,192.0,59.0,23,58.7,6,6,94.9,95.5,65,0.161,61.6,0,2,,
4478,Pune Irrigation Project #4478,Pune,Irrigation,598.1,53.9,74,36.4,12,11,72.4,39.8,366,0.532,85.8,1,56,,
4479,Pune Irrigation Project #4479,Pune,Irrigation,674.6,44.3,38,34.9,8,11,55.1,65.9,268,0.613,90.2,1,133,,
4480,Nagpur Highway Project #4480,Nagpur,Highway,234.9,74.7,32,88.2,1,9,27.5,47.3,544,0.892,127.1,0,1,,
4481,Nashik Metro Project #4481,Nashik,Metro,421.2,89.5,41,23.1,7,12,89.4,60.2,683,0.21,78.7,1,39,,
4482,Aurangabad Railway Project #4482,Aurangabad,Railway,949.2,10.5,14,54.6,5,0,17.4,24.7,786,0.876,120.8,0,1,,
4483,Pune Irrigation Project #4483,Pune,Irrigation,284.3,94.0,67,95.8,7,6,43.3,62.4,603,0.934,94.8,0,1,,
4484,Nagpur Highway Project #4484,Nagpur,Highway,684.9,56.0,64,66.3,1,15,38.7,86.4,580,0.089,102.7,0,10,,
4485,Nashik Metro Project #4485,Nashik,Metro,753.1,73.1,31,74.5,10,15,96.3,87.7,587,0.885,53.4,0,8,,
4486,Nashik Irrigation Project #4486,Nashik,Irrigation,475.7,87.0,10,48.8,0,4,20.6,53.5,415,0.259,81.5,0,14,,
4487,Mumbai Metro Project #4487,Mumbai,Metro,940.6,52.0,93,11.8,6,15,90.1,31.2,124,0.081,160.8,1,151,,
4488,Mumbai Metro Project #4488,Mumbai,Metro,749.8,85.1,36,68.2,12,15,51.1,85.3,483,0.959,156.4,0,6,,
4489,Pune Railway Project #4489,Pune,Railway,485.0,26.0,18,66.9,8,13,14.3,99.9,763,0.392,81.8,0,13,,
4490,Mumbai Railway Project #4490,Mumbai,Railway,590.9,24.3,50,19.9,8,10,75.6,43.9,343,0.623,146.8,1,115,,
4491,Pune Irrigation Project #4491,Pune,Irrigation,708.0,69.2,99,51.6,1,2,19.1,93.2,630,0.553,86.0,0,14,,
4492,Aurangabad Metro Project #4492,Aurangabad,Metro,612.6,88.3,33,92.4,3,10,31.3,98.5,318,0.213,99.8,0,7,,
4493,Pune Irrigation Project #4493,Pune,Irrigation,884.8,90.3,70,28.5,12,1,82.0,45.6,340,0.67,92.6,1,139,,
4494,Mumbai Irrigation Project #4494,Mumbai,Irrigation,389.0,67.9,59,51.5,0,14,23.9,74.5,553,0.046,171.6,0,1,,
4495,Aurangabad Metro Project #4495,Aurangabad,Metro,334.9,57.3,108,51.5,10,6,39.3,62.3,734,0.203,105.0,0,6,,
4496,Mumbai Irrigation Project #4496,Mumbai,Irrigation,253.1,39.8,83,83.0,6,8,42.5,75.0,513,0.945,163.0,1,50,,
4497,Pune Metro Project #4497,Pune,Metro,85.9,98.2,52,84.2,1,8,63.0,23.9,97,0.954,81.1,0,12,,
4498,Nagpur Metro Project #4498,Nagpur,Metro,90.9,38.8,11,78.3,3,14,81.1,43.0,583,0.483,104.6,0,13,,
4499,Nashik Metro Project #4499,Nashik,Metro,876.6,77.0,61,42.9,11,13,30.8,15.7,12,0.169,79.9,1,55,,
4500,Mumbai Metro Project #4500,Mumbai,Metro,694.5,57.9,95,16.5,1,9,28.5,65.2,783,0.422,147.8,0,8,,
4501,Pune Highway Project #4501,Pune,Highway,677.5,64.8,65,41.5,0,9,30.0,93.4,392,0.877,102.7,0,7,,
4502,Aurangabad Metro Project #4502,Aurangabad,Metro,633.9,45.4,85,71.2,6,15,44.3,60.4,633,0.07,124.7,0,0,,
4503,Mumbai Railway Project #4503,Mumbai,Railway,856.8,96.8,104,73.2,5,7,58.2,16.3,533,0.128,147.2,0,2,,
4504,Mumbai Railway Project #4504,Mumbai,Railway,506.3,61.5,47,96.9,1,1,11.2,93.7,574,0.896,163.4,0,7,,
4505,Nashik Railway Project #4505,Nashik,Railway,876.9,94.4,39,50.8,3,0,80.2,22.0,157,0.415,61.2,0,2,,
4506,Pune Metro Project #4506,Pune,Metro,391.5,10.7,23,66.9,11,7,93.4,89.5,515,0.083,81.1,0,3,,
4507,Nagpur Railway Project #4507,Nagpur,Railway,930.4,61.5,49,58.5,10,1,85.9,74.3,655,0.139,130.7,0,9,,
4508,Aurangabad Highway Project #4508,Aurangabad,Highway,713.7,74.5,94,23.6,2,3,13.3,67.3,93,0.882,94.5,0,1,,
4509,Pune Irrigation Project #4509,Pune,Irrigation,294.3,77.1,67,51.5,11,15,57.2,62.8,407,0.49,90.0,0,2,,
4510,Aurangabad Metro Project #4510,Aurangabad,Metro,585.9,91.4,87,59.0,2,11,83.3,21.8,193,0.163,122.5,0,4,,
4511,Mumbai Railway Project #4511,Mumbai,Railway,556.4,10.4,42,95.6,2,3,41.0,55.1,178,0.894,163.2,0,11,,
4512,Nashik Highway Project #4512,Nashik,Highway,181.0,10.0,16,43.0,10,1,90.7,27.7,570,0.845,65.7,1,162,,
4513,Nashik Irrigation Project #4513,Nashik,Irrigation,611.7,52.5,103,98.2,3,3,89.8,61.5,117,0.023,80.1,0,5,,
4514,Nagpur Highway Project #4514,Nagpur,Highway,349.0,12.6,82,58.8,0,6,22.8,50.3,202,0.581,108.8,0,5,,
4515,Nashik Railway Project #4515,Nashik,Railway,99.7,97.7,103,31.8,0,5,54.4,71.2,223,0.244,63.3,0,6,,
4516,Mumbai Highway Project #4516,Mumbai,Highway,951.2,30.0,101,27.2,6,9,12.3,98.4,369,0.533,152.3,1,124,,
4517,Nagpur Irrigation Project #4517,Nagpur,Irrigation,659.4,52.5,54,22.8,4,5,35.4,42.5,104,0.279,123.8,1,113,,
4518,Pune Railway Project #4518,Pune,Railway,883.1,15.5,33,50.8,2,3,83.1,65.5,552,0.316,79.5,0,7,,
4519,Nashik Irrigation Project #4519,Nashik,Irrigation,692.3,57.0,110,12.0,8,1,97.8,87.8,165,0.602,88.6,1,72,,
4520,Nagpur Highway Project #4520,Nagpur,Highway,389.1,44.2,96,50.1,4,4,92.2,18.4,533,0.539,101.2,0,9,,
4521,Mumbai Metro Project #4521,Mumbai,Metro,537.1,14.0,69,99.0,9,10,13.8,82.0,281,0.395,150.5,0,5,,
4522,Aurangabad Metro Project #4522,Aurangabad,Metro,692.0,40.2,59,70.3,2,12,93.4,31.5,746,0.108,112.0,0,1,,
4523,Aurangabad Metro Project #4523,Aurangabad,Metro,962.2,45.2,50,78.4,8,2,84.0,58.6,172,0.969,92.5,0,12,,
4524,Mumbai Metro Project #4524,Mumbai,Metro,291.0,99.1,99,20.7,0,2,88.1,99.2,565,0.175,163.2,0,2,,
4525,Mumbai Irrigation Project #4525,Mumbai,Irrigation,881.2,28.7,76,52.6,8,3,92.3,98.6,747,0.633,142.6,0,5,,
4526,Aurangabad Metro Project #4526,Aurangabad,Metro,927.9,59.0,110,35.8,4,10,53.9,38.4,774,0.083,111.0,1,62,,
4527,Nagpur Irrigation Project #4527,Nagpur,Irrigation,686.9,98.9,72,90.5,5,10,29.0,21.9,754,0.688,123.3,0,5,,
4528,Aurangabad Railway Project #4528,Aurangabad,Railway,934.7,81.3,34,26.3,1,4,11.9,94.4,780,0.095,95.5,0,14,,
4529,Mumbai Metro Project #4529,Mumbai,Metro,428.0,99.4,33,51.3,7,10,12.1,90.4,189,0.23,139.3,0,3,,
4530,Nashik Irrigation Project #4530,Nashik,Irrigation,955.4,97.1,15,62.9,2,1,67.8,65.4,232,0.647,85.6,0,14,,
4531,Pune Metro Project #4531,Pune,Metro,717.6,54.1,81,56.3,0,5,40.4,12.9,125,0.283,89.3,0,10,,
4532,Nashik Metro Project #4532,Nashik,Metro,89.9,72.7,17,84.7,6,14,54.6,77.6,14,0.533,43.0,0,1,,
4533,Nashik Metro Project #4533,Nashik,Metro,911.5,19.9,37,30.8,11,5,21.8,24.5,782,0.125,67.0,1,71,,
4534,Mumbai Irrigation Project #4534,Mumbai,Irrigation,510.2,49.7,113,44.0,2,7,97.8,94.9,75,0.202,149.7,0,1,,
4535,Aurangabad Highway Project #4535,Aurangabad,Highway,487.3,82.8,42,81.3,3,1,21.7,49.2,536,0.734,112.2,0,2,,
4536,Nagpur Metro Project #4536,Nagpur,Metro,588.1,55.5,31,57.5,4,7,50.0,65.4,458,0.035,100.0,0,0,,
4537,Nashik Metro Project #4537,Nashik,Metro,191.9,73.2,6,46.2,0,14,49.9,35.3,158,0.112,69.7,0,8,,
4538,Aurangabad Railway Project #4538,Aurangabad,Railway,495.7,77.1,86,12.6,10,7,10.8,52.8,110,0.215,101.7,1,18,,
4539,Nagpur Highway Project #4539,Nagpur,Highway,839.6,32.8,86,77.8,10,3,70.1,77.9,276,0.02,122.2,0,1,,
4540,Nashik Irrigation Project #4540,Nashik,Irrigation,64.7,88.8,45,97.5,8,6,58.4,54.3,739,0.095,75.1,0,5,,
4541,Nagpur Railway Project #4541,Nagpur,Railway,309.3,51.4,60,65.8,6,14,54.8,86.2,563,0.281,124.0,0,7,,
4542,Aurangabad Metro Project #4542,Aurangabad,Metro,52.3,28.9,17,87.1,1,15,83.6,74.2,75,0.093,124.0,0,3,,
4543,Pune Railway Project #4543,Pune,Railway,444.9,87.9,70,56.5,12,12,31.7,17.0,359,0.866,111.9,1,173,,
4544,Aurangabad Railway Project #4544,Aurangabad,Railway,741.9,47.6,105,30.9,0,6,87.5,64.6,129,0.066,98.7,0,13,,
4545,Mumbai Metro Project #4545,Mumbai,Metro,808.8,77.5,39,11.3,10,14,87.8,65.1,254,0.861,146.2,1,34,,
4546,Nagpur Highway Project #4546,Nagpur,Highway,947.9,59.3,87,68.8,1,0,84.4,44.3,398,0.823,127.4,0,13,,
4547,Pune Highway Project #4547,Pune,Highway,628.1,44.4,77,54.4,2,13,40.7,39.0,296,0.101,88.7,0,13,,
4548,Nagpur Railway Project #4548,Nagpur,Railway,291.9,82.9,49,80.4,11,12,24.6,15.7,57,0.025,92.8,0,2,,
4549,Nagpur Metro Project #4549,Nagpur,Metro,927.9,62.6,4,72.5,2,13,52.8,50.2,776,0.05,118.1,0,4,,
4550,Nashik Irrigation Project #4550,Nashik,Irrigation,786.5,45.2,109,98.9,7,0,33.4,40.3,427,0.59,82.3,0,10,,
4551,Mumbai Railway Project #4551,Mumbai,Railway,595.7,19.9,53,55.9,4,7,14.7,95.6,360,0.67,136.1,0,1,,
4552,Nagpur Irrigation Project #4552,Nagpur,Irrigation,710.9,90.6,120,48.4,8,10,35.2,70.7,164,0.621,122.2,1,27,,
4553,Aurangabad Railway Project #4553,Aurangabad,Railway,928.1,13.2,85,35.8,2,0,52.2,51.4,347,0.541,90.9,0,7,,
4554,Aurangabad Railway Project #4554,Aurangabad,Railway,726.8,87.7,57,52.9,5,2,20.1,77.9,270,0.175,118.7,0,2,,
4555,Nashik Metro Project #4555,Nashik,Metro,400.0,42.4,21,88.6,3,5,95.0,80.1,538,0.841,72.4,0,8,,
4556,Mumbai Metro Project #4556,Mumbai,Metro,727.4,67.5,73,13.8,7,7,69.0,53.2,212,0.328,144.3,1,168,,
4557,Mumbai Irrigation Project #4557,Mumbai,Irrigation,88.3,93.0,89,98.0,11,14,22.3,16.8,449,0.986,145.8,1,49,,
4558,Aurangabad Irrigation Project #4558,Aurangabad,Irrigation,417.1,23.7,78,99.4,0,4,83.1,80.2,175,0.385,95.0,0,2,,
4559,Pune Highway Project #4559,Pune,Highway,436.0,61.0,37,63.8,3,4,93.5,18.1,388,0.263,100.1,0,13,,
4560,Nashik Metro Project #4560,Nashik,Metro,208.5,78.8,104,39.8,6,3,33.7,86.3,447,0.894,62.0,1,38,,
4561,Nashik Railway Project #4561,Nashik,Railway,71.9,78.2,105,30.1,8,13,22.9,40.1,57,0.567,75.0,1,83,,
4562,Aurangabad Railway Project #4562,Aurangabad,Railway,176.7,57.3,118,34.9,12,3,39.0,67.4,238,0.722,100.4,1,173,,
4563,Aurangabad Highway Project #4563,Aurangabad,Highway,671.9,66.2,48,14.5,0,15,84.9,76.6,734,0.408,132.0,0,14,,
4564,Pune Metro Project #4564,Pune,Metro,812.2,78.2,0,52.8,7,6,25.8,13.2,737,0.887,105.6,0,7,,
4565,Pune Railway Project #4565,Pune,Railway,988.8,85.7,77,15.2,1,5,80.1,44.6,690,0.918,110.7,0,8,,
4566,Mumbai Highway Project #4566,Mumbai,Highway,379.0,78.6,35,74.7,3,7,74.5,64.4,31,0.437,171.9,0,14,,
4567,Nashik Highway Project #4567,Nashik,Highway,619.4,41.9,94,43.5,3,14,68.6,86.3,284,0.241,63.7,1,25,,
4568,Nashik Railway Project #4568,Nashik,Railway,940.3,99.7,27,27.9,7,10,49.0,74.6,122,0.648,61.2,1,87,,
4569,Aurangabad Railway Project #4569,Aurangabad,Railway,208.7,49.1,97,59.0,10,13,43.0,90.7,724,0.955,130.3,1,54,,
4570,Mumbai Irrigation Project #4570,Mumbai,Irrigation,731.8,12.2,34,97.6,1,5,17.7,17.4,554,0.622,148.6,0,9,,
4571,Nashik Metro Project #4571,Nashik,Metro,767.2,42.6,59,72.6,6,10,42.2,16.5,98,0.954,78.3,0,9,,
4572,Mumbai Irrigation Project #4572,Mumbai,Irrigation,134.5,21.5,102,54.3,2,9,64.2,74.2,655,0.344,143.8,0,2,,
4573,Mumbai Highway Project #4573,Mumbai,Highway,868.2,20.9,61,79.9,8,6,90.8,45.9,20,0.915,144.0,0,8,,
4574,Aurangabad Railway Project #4574,Aurangabad,Railway,822.4,35.3,86,76.4,4,9,85.0,53.3,36,0.113,118.3,0,0,,
4575,Mumbai Irrigation Project #4575,Mumbai,Irrigation,81.7,14.8,45,90.3,11,13,12.9,64.4,465,0.359,130.3,0,0,,
4576,Pune Highway Project #4576,Pune,Highway,136.5,72.0,107,28.4,7,9,22.5,98.7,40,0.494,97.8,1,65,,
4577,Pune Metro Project #4577,Pune,Metro,96.7,16.7,82,87.3,4,4,86.4,16.0,612,0.653,95.2,0,1,,
4578,Nagpur Railway Project #4578,Nagpur,Railway,368.0,28.3,81,37.1,0,5,94.5,19.8,456,0.294,114.7,0,7,,
4579,Aurangabad Irrigation Project #4579,Aurangabad,Irrigation,533.8,18.4,78,94.7,8,0,15.0,84.6,437,0.924,110.2,0,4,,
4580,Nagpur Metro Project #4580,Nagpur,Metro,555.7,15.7,60,35.3,9,2,73.1,11.8,690,0.903,121.8,1,107,,
4581,Pune Irrigation Project #4581,Pune,Irrigation,304.3,34.1,64,93.4,10,11,42.9,50.5,568,0.799,92.4,0,0,,
4582,Nagpur Highway Project #4582,Nagpur,Highway,916.0,61.5,88,96.7,11,7,42.8,79.7,600,0.114,126.9,0,2,,
4583,Aurangabad Metro Project #4583,Aurangabad,Metro,399.8,96.8,25,23.1,6,15,67.8,27.6,523,0.078,101.9,1,24,,
4584,Aurangabad Irrigation Project #4584,Aurangabad,Irrigation,93.3,88.8,34,97.7,3,2,82.9,26.8,408,0.498,137.0,0,12,,
4585,Mumbai Metro Project #4585,Mumbai,Metro,335.2,88.8,56,17.7,6,13,34.7,37.9,541,0.765,147.9,1,46,,
4586,Nashik Highway Project #4586,Nashik,Highway,554.6,25.8,78,29.7,4,0,73.5,23.5,396,0.123,68.7,1,135,,
4587,Mumbai Metro Project #4587,Mumbai,Metro,437.8,33.8,62,50.0,9,2,67.2,71.1,627,0.641,169.4,0,12,,
4588,Aurangabad Irrigation Project #4588,Aurangabad,Irrigation,310.2,16.9,3,99.4,8,11,56.6,28.0,339,0.528,91.7,0,0,,
4589,Pune Highway Project #4589,Pune,Highway,174.8,80.1,78,54.0,1,15,64.2,30.4,611,0.726,109.3,0,9,,
4590,Pune Railway Project #4590,Pune,Railway,828.2,16.3,41,59.5,3,3,11.6,61.7,147,0.435,90.9,0,4,,
4591,Mumbai Irrigation Project #4591,Mumbai,Irrigation,996.3,60.1,101,72.5,5,7,10.4,97.1,689,0.693,144.7,0,8,,
4592,Aurangabad Irrigation Project #4592,Aurangabad,Irrigation,363.1,32.3,44,97.1,10,8,59.5,92.2,662,0.16,98.8,0,11,,
4593,Pune Highway Project #4593,Pune,Highway,412.5,31.9,38,80.5,4,3,57.2,87.8,734,0.215,77.3,0,2,,
4594,Aurangabad Highway Project #4594,Aurangabad,Highway,637.1,99.2,117,30.2,0,12,16.4,57.8,491,0.903,106.6,1,145,,
4595,Pune Railway Project #4595,Pune,Railway,732.5,78.1,64,37.3,8,11,54.3,36.8,309,0.329,92.8,1,74,,
4596,Aurangabad Irrigation Project #4596,Aurangabad,Irrigation,422.4,85.3,21,18.8,8,6,78.2,73.5,41,0.986,116.2,1,137,,
4597,Nagpur Highway Project #4597,Nagpur,Highway,909.7,61.5,10,68.0,2,0,58.7,45.1,466,0.046,122.7,0,0,,
4598,Aurangabad Railway Project #4598,Aurangabad,Railway,582.0,88.4,109,26.3,3,8,56.6,80.0,551,0.496,104.9,1,44,,
4599,Aurangabad Railway Project #4599,Aurangabad,Railway,477.9,68.1,101,33.2,3,10,74.6,11.5,394,0.325,123.4,1,62,,
4600,Mumbai Highway Project #4600,Mumbai,Highway,664.3,95.2,36,89.9,9,11,25.5,57.7,341,0.996,176.7,0,6,,
4601,Nagpur Irrigation Project #4601,Nagpur,Irrigation,955.2,35.3,114,39.4,7,3,51.2,40.4,53,0.99,134.9,1,51,,
4602,Nashik Metro Project #4602,Nashik,Metro,804.8,63.6,89,61.0,5,13,23.3,32.4,556,0.235,66.4,0,11,,
4603,Mumbai Metro Project #4603,Mumbai,Metro,88.0,72.1,50,45.8,1,13,57.1,69.6,433,0.267,155.0,0,11,,
4604,Nashik Railway Project #4604,Nashik,Railway,365.7,45.4,90,16.7,3,8,63.3,69.3,54,0.75,75.7,1,16,,
4605,Pune Metro Project #4605,Pune,Metro,497.0,89.2,57,42.7,0,13,21.0,13.3,389,0.89,106.0,1,28,,
4606,Nashik Metro Project #4606,Nashik,Metro,348.8,98.2,76,46.7,2,2,16.8,95.3,506,0.664,66.6,0,14,,
4607,Aurangabad Highway Project #4607,Aurangabad,Highway,715.2,54.4,6,90.6,3,14,25.0,42.6,147,0.865,100.4,0,2,,
4608,Nashik Railway Project #4608,Nashik,Railway,835.0,45.2,7,39.2,7,10,62.8,92.6,568,0.063,81.3,1,29,,
4609,Mumbai Irrigation Project #4609,Mumbai,Irrigation,744.8,52.5,109,44.1,2,12,27.1,62.5,417,0.641,154.1,0,8,,
4610,Mumbai Railway Project #4610,Mumbai,Railway,989.9,86.7,50,80.5,4,14,34.8,68.7,194,0.7,138.9,0,13,,
4611,Nashik Highway Project #4611,Nashik,Highway,308.9,68.1,114,78.3,0,4,73.2,96.4,498,0.19,77.1,0,14,,
4612,Mumbai Metro Project #4612,Mumbai,Metro,881.2,14.0,22,81.8,12,0,32.4,84.0,27,0.778,168.4,0,3,,
4613,Mumbai Irrigation Project #4613,Mumbai,Irrigation,778.3,58.8,89,95.8,3,10,45.8,22.6,706,0.944,143.1,0,4,,
4614,Nashik Railway Project #4614,Nashik,Railway,394.1,11.6,107,81.6,1,2,93.6,10.5,81,0.898,61.1,0,8,,
4615,Nagpur Metro Project #4615,Nagpur,Metro,747.4,80.1,118,46.7,3,4,84.2,37.8,644,0.245,120.3,1,83,,
4616,Nagpur Railway Project #4616,Nagpur,Railway,148.9,39.5,90,83.9,4,14,33.0,54.0,180,0.324,126.8,0,7,,
4617,Pune Irrigation Project #4617,Pune,Irrigation,799.9,52.5,8,55.8,2,5,63.8,75.9,86,0.5,89.3,0,4,,
4618,Mumbai Railway Project #4618,Mumbai,Railway,555.7,81.9,45,35.0,5,12,69.9,69.5,409,0.158,161.3,1,75,,
4619,Nashik Railway Project #4619,Nashik,Railway,327.7,14.2,37,37.3,11,7,91.0,38.2,530,0.954,72.6,1,19,,
4620,Mumbai Railway Project #4620,Mumbai,Railway,673.0,24.3,110,30.1,1,0,59.3,58.8,210,0.162,160.1,0,2,,
4621,Aurangabad Metro Project #4621,Aurangabad,Metro,659.5,45.8,12,23.0,4,14,60.5,68.6,764,0.761,102.8,1,160,,
4622,Mumbai Irrigation Project #4622,Mumbai,Irrigation,249.0,30.7,6,26.6,3,2,90.0,56.2,590,0.341,137.7,1,62,,
4623,Mumbai Irrigation Project #4623,Mumbai,Irrigation,78.9,40.4,10,15.7,4,0,14.9,72.0,248,0.574,146.6,1,54,,
4624,Nagpur Metro Project #4624,Nagpur,Metro,461.9,99.8,73,90.0,12,4,66.5,53.7,326,0.047,106.5,0,5,,
4625,Nashik Metro Project #4625,Nashik,Metro,591.0,84.3,96,93.8,8,7,47.5,57.7,532,0.205,74.1,0,6,,
4626,Mumbai Metro Project #4626,Mumbai,Metro,882.8,89.6,102,62.8,5,3,91.9,94.7,329,0.444,129.8,0,7,,
4627,Nagpur Highway Project #4627,Nagpur,Highway,931.8,94.3,49,85.6,6,12,96.4,45.0,559,0.677,115.5,0,10,,
4628,Pune Railway Project #4628,Pune,Railway,552.4,40.7,118,26.5,10,10,25.3,78.0,531,0.778,87.1,1,159,,
4629,Nagpur Railway Project #4629,Nagpur,Railway,766.1,36.7,66,91.2,7,8,35.3,40.1,537,0.03,109.5,0,12,,
4630,Nagpur Irrigation Project #4630,Nagpur,Irrigation,467.3,31.1,40,55.6,8,5,34.6,39.9,486,0.152,116.9,0,14,,
4631,Nagpur Railway Project #4631,Nagpur,Railway,758.8,84.7,28,16.0,4,5,19.1,93.4,334,0.73,120.0,1,175,,
4632,Mumbai Highway Project #4632,Mumbai,Highway,244.6,71.2,36,22.7,7,10,53.5,72.9,475,0.813,162.7,1,32,,
4633,Mumbai Metro Project #4633,Mumbai,Metro,402.5,31.3,118,37.8,1,4,56.2,93.6,764,0.237,139.6,0,0,,
4634,Pune Irrigation Project #4634,Pune,Irrigation,652.5,43.9,55,13.9,9,12,61.6,99.5,768,0.23,93.6,1,142,,
4635,Aurangabad Irrigation Project #4635,Aurangabad,Irrigation,67.3,55.6,108,37.8,8,9,69.7,10.0,51,0.088,115.6,1,39,,
4636,Aurangabad Railway Project #4636,Aurangabad,Railway,736.3,57.5,79,15.4,1,4,15.7,98.5,243,0.15,109.8,0,5,,
4637,Aurangabad Irrigation Project #4637,Aurangabad,Irrigation,843.8,90.0,15,31.2,12,10,66.0,19.1,565,0.008,105.0,1,152,,
4638,Pune Metro Project #4638,Pune,Metro,429.2,44.3,43,33.9,11,6,92.2,16.3,446,0.59,78.6,1,94,,
4639,Aurangabad Irrigation Project #4639,Aurangabad,Irrigation,475.5,91.8,49,99.5,4,7,50.9,79.1,685,0.904,129.0,0,0,,
4640,Aurangabad Metro Project #4640,Aurangabad,Metro,858.7,49.7,106,31.2,5,6,19.6,41.5,671,0.15,110.7,1,142,,
4641,Nagpur Highway Project #4641,Nagpur,Highway,786.9,77.2,112,31.5,3,0,17.7,92.6,289,0.751,116.8,1,173,,
4642,Mumbai Highway Project #4642,Mumbai,Highway,323.7,93.7,70,71.8,7,0,35.4,59.0,213,0.574,171.2,0,2,,
4643,Mumbai Metro Project #4643,Mumbai,Metro,357.8,91.7,78,87.3,9,9,77.7,44.8,752,0.94,152.2,0,2,,
4644,Nagpur Railway Project #4644,Nagpur,Railway,694.9,15.1,101,44.8,2,5,33.5,16.6,315,0.798,145.4,1,73,,
4645,Nagpur Irrigation Project #4645,Nagpur,Irrigation,585.0,28.5,5,88.8,10,2,83.3,51.8,519,0.853,105.8,0,10,,
4646,Nagpur Railway Project #4646,Nagpur,Railway,204.1,52.9,17,40.6,12,15,83.8,35.0,305,0.639,117.6,1,131,,
4647,Mumbai Irrigation Project #4647,Mumbai,Irrigation,344.4,48.8,18,27.7,4,12,51.1,16.9,31,0.811,136.3,1,106,,
4648,Aurangabad Highway Project #4648,Aurangabad,Highway,905.0,67.7,115,39.7,1,11,37.1,70.3,696,0.351,108.8,0,13,,
4649,Nagpur Highway Project #4649,Nagpur,Highway,703.8,95.0,50,64.8,2,8,63.8,98.0,251,0.209,118.7,0,7,,
4650,Pune Highway Project #4650,Pune,Highway,986.7,20.1,65,43.0,7,10,82.9,44.1,587,0.913,85.4,1,163,,
4651,Nagpur Irrigation Project #4651,Nagpur,Irrigation,778.7,50.7,2,70.6,10,6,15.8,36.8,403,0.734,120.5,0,2,,
4652,Nashik Highway Project #4652,Nashik,Highway,944.9,27.3,109,31.3,4,1,95.8,18.1,436,0.091,65.9,1,130,,
4653,Nagpur Highway Project #4653,Nagpur,Highway,255.4,90.5,117,73.1,2,11,68.1,30.1,462,0.867,118.9,1,141,,
4654,Mumbai Highway Project #4654,Mumbai,Highway,782.9,96.8,88,41.3,4,13,45.8,35.6,516,0.349,142.4,1,118,,
4655,Nagpur Highway Project #4655,Nagpur,Highway,69.2,53.1,99,51.0,8,2,55.5,41.0,615,0.298,134.4,0,2,,
4656,Nashik Railway Project #4656,Nashik,Railway,687.2,19.4,53,60.2,2,7,44.7,67.1,222,0.623,58.9,0,14,,
4657,Pune Highway Project #4657,Pune,Highway,495.8,80.7,48,71.8,11,12,47.1,20.3,250,0.569,92.1,0,10,,
4658,Aurangabad Highway Project #4658,Aurangabad,Highway,379.4,72.7,27,31.5,9,13,63.6,15.3,418,0.538,98.1,1,42,,
4659,Nagpur Railway Project #4659,Nagpur,Railway,869.3,41.9,37,85.2,6,14,15.4,93.8,631,0.255,111.7,0,14,,
4660,Nashik Railway Project #4660,Nashik,Railway,861.6,89.9,27,75.0,7,0,25.8,81.9,568,0.96,62.7,0,4,,
4661,Nashik Irrigation Project #4661,Nashik,Irrigation,71.2,97.8,31,31.1,4,14,30.4,35.0,677,0.95,68.7,1,73,,
4662,Pune Metro Project #4662,Pune,Metro,629.0,60.2,114,97.7,2,4,46.7,67.5,601,0.004,91.8,0,1,,
4663,Mumbai Highway Project #4663,Mumbai,Highway,399.4,60.9,40,69.8,10,9,43.4,63.3,54,0.338,138.9,0,5,,
4664,Nagpur Highway Project #4664,Nagpur,Highway,444.9,36.8,35,50.7,5,0,75.0,76.9,716,0.046,115.9,0,10,,
4665,Nashik Highway Project #4665,Nashik,Highway,840.4,62.6,102,24.2,12,11,33.3,87.3,246,0.85,60.1,1,140,,
4666,Pune Irrigation Project #4666,Pune,Irrigation,344.3,49.6,35,58.0,11,8,15.1,42.2,732,0.887,79.6,0,1,,
4667,Aurangabad Highway Project #4667,Aurangabad,Highway,945.9,37.2,106,24.8,2,6,15.0,69.5,789,0.518,121.3,0,12,,
4668,Nashik Metro Project #4668,Nashik,Metro,220.7,16.0,117,48.7,8,4,11.0,82.2,604,0.84,56.1,1,130,,
4669,Pune Railway Project #4669,Pune,Railway,679.6,32.7,86,46.8,1,5,13.4,72.9,122,0.703,90.7,0,14,,
4670,Mumbai Irrigation Project #4670,Mumbai,Irrigation,688.5,27.8,65,74.8,12,10,87.3,93.0,788,0.5,167.0,0,10,,
4671,Mumbai Railway Project #4671,Mumbai,Railway,289.6,58.8,9,27.3,2,14,72.8,54.5,516,0.364,162.1,0,2,,
4672,Nashik Highway Project #4672,Nashik,Highway,358.5,64.2,69,84.0,6,2,99.6,82.2,652,0.266,74.3,0,13,,
4673,Nashik Highway Project #4673,Nashik,Highway,843.1,64.8,71,39.4,9,2,11.8,91.9,459,0.259,69.8,1,111,,
4674,Nagpur Highway Project #4674,Nagpur,Highway,773.7,44.9,78,50.0,7,15,86.4,60.1,577,0.562,127.4,0,1,,
4675,Pune Metro Project #4675,Pune,Metro,362.6,47.9,108,79.5,4,6,72.6,11.6,759,0.167,93.7,0,2,,
4676,Nashik Metro Project #4676,Nashik,Metro,557.3,85.1,92,66.3,4,6,67.6,83.6,547,0.175,84.2,0,11,,
4677,Nagpur Irrigation Project #4677,Nagpur,Irrigation,108.6,52.9,62,37.7,4,6,42.1,86.1,766,0.01,118.7,1,72,,
4678,Nagpur Railway Project #4678,Nagpur,Railway,248.3,98.9,91,44.8,3,1,43.9,46.0,218,0.613,130.0,1,60,,
4679,Nashik Highway Project #4679,Nashik,Highway,511.5,49.6,21,37.5,8,1,86.1,30.6,299,0.994,66.7,1,103,,
4680,Mumbai Highway Project #4680,Mumbai,Highway,131.7,68.5,97,63.5,5,10,74.2,98.0,507,0.889,168.9,0,1,,
4681,Pune Highway Project #4681,Pune,Highway,851.2,14.5,19,39.9,12,11,70.3,59.6,192,0.706,88.4,1,134,,
4682,Pune Highway Project #4682,Pune,Highway,732.1,68.8,32,75.3,11,4,12.8,56.5,728,0.786,73.8,0,0,,
4683,Mumbai Metro Project #4683,Mumbai,Metro,946.5,86.6,14,62.2,12,3,26.6,95.1,725,0.417,150.8,0,3,,
4684,Nashik Railway Project #4684,Nashik,Railway,708.8,94.8,6,23.1,7,14,96.6,46.7,409,0.298,77.6,1,125,,
4685,Pune Railway Project #4685,Pune,Railway,943.4,99.8,87,37.9,7,6,50.9,86.3,217,0.369,106.3,1,138,,
4686,Nashik Irrigation Project #4686,Nashik,Irrigation,576.8,35.4,89,29.9,4,15,80.3,73.1,432,0.081,60.0,1,127,,
4687,Nashik Metro Project #4687,Nashik,Metro,620.2,61.8,49,45.1,11,2,45.0,97.1,399,0.634,52.6,1,74,,
4688,Nagpur Highway Project #4688,Nagpur,Highway,978.1,50.6,9,56.4,8,4,78.8,48.6,375,0.175,125.0,0,12,,
4689,Mumbai Railway Project #4689,Mumbai,Railway,660.0,60.7,78,55.6,1,1,20.7,91.7,593,0.763,154.7,0,3,,
4690,Nashik Railway Project #4690,Nashik,Railway,79.2,24.2,36,77.9,7,0,13.8,61.2,445,0.19,55.9,0,1,,
4691,Aurangabad Metro Project #4691,Aurangabad,Metro,737.6,87.1,58,27.0,2,8,52.0,52.8,321,0.228,106.7,0,2,,
4692,Mumbai Irrigation Project #4692,Mumbai,Irrigation,910.2,91.9,87,95.2,6,12,63.2,37.5,348,0.957,147.2,1,109,,
4693,Pune Irrigation Project #4693,Pune,Irrigation,805.8,50.5,74,40.9,12,3,39.1,59.7,156,0.105,98.2,1,76,,
4694,Nagpur Highway Project #4694,Nagpur,Highway,604.6,35.2,103,37.0,8,7,74.4,61.5,725,0.499,115.9,1,149,,
4695,Pune Irrigation Project #4695,Pune,Irrigation,687.7,22.7,62,71.7,10,12,54.6,90.9,466,0.063,85.6,0,11,,
4696,Pune Railway Project #4696,Pune,Railway,990.7,71.5,20,82.5,4,11,93.5,73.4,420,0.09,91.1,0,8,,
4697,Mumbai Irrigation Project #4697,Mumbai,Irrigation,136.1,38.1,103,44.1,10,6,17.6,84.4,654,0.634,136.2,1,146,,
4698,Pune Highway Project #4698,Pune,Highway,683.9,91.9,101,77.2,7,13,16.0,79.2,291,0.631,109.0,1,156,,
4699,Nashik Railway Project #4699,Nashik,Railway,319.2,70.4,78,89.5,3,11,91.5,34.9,423,0.193,79.3,0,13,,
4700,Pune Irrigation Project #4700,Pune,Irrigation,658.1,68.1,78,79.0,0,15,70.2,28.5,599,0.872,83.0,0,14,,
4701,Nagpur Irrigation Project #4701,Nagpur,Irrigation,627.2,60.3,36,13.1,0,0,70.4,33.3,106,0.702,108.8,0,13,,
4702,Nagpur Metro Project #4702,Nagpur,Metro,195.8,14.1,44,84.5,5,9,12.5,23.2,172,0.301,109.6,0,1,,
4703,Aurangabad Highway Project #4703,Aurangabad,Highway,246.4,93.9,13,79.7,7,10,94.4,44.7,446,0.248,115.9,0,13,,
4704,Nagpur Irrigation Project #4704,Nagpur,Irrigation,640.5,66.5,42,70.2,9,6,79.5,68.9,205,0.754,109.9,0,1,,
4705,Pune Metro Project #4705,Pune,Metro,171.8,99.5,115,78.4,1,1,78.8,58.3,637,0.734,87.5,0,2,,
4706,Nagpur Railway Project #4706,Nagpur,Railway,301.9,58.4,84,98.1,10,2,92.1,71.1,170,0.149,103.1,0,1,,
4707,Mumbai Metro Project #4707,Mumbai,Metro,843.5,73.9,107,48.8,3,13,62.0,42.0,264,0.349,155.4,1,77,,
4708,Nagpur Metro Project #4708,Nagpur,Metro,360.7,15.1,83,16.1,2,0,45.5,28.5,79,0.217,125.8,0,1,,
4709,Nashik Irrigation Project #4709,Nashik,Irrigation,513.7,66.9,32,51.5,12,6,53.3,28.2,421,0.294,68.2,0,14,,
4710,Mumbai Irrigation Project #4710,Mumbai,Irrigation,944.1,78.8,2,14.2,8,2,80.0,64.1,723,0.288,151.9,1,29,,
4711,Aurangabad Irrigation Project #4711,Aurangabad,Irrigation,265.8,80.1,103,36.5,2,5,79.2,24.8,45,0.976,118.0,0,8,,
4712,Nashik Metro Project #4712,Nashik,Metro,420.1,79.3,86,62.8,10,14,64.9,45.7,314,0.75,71.7,1,18,,
4713,Pune Railway Project #4713,Pune,Railway,626.1,30.4,43,37.9,7,11,29.6,29.2,739,0.78,97.8,1,141,,
4714,Pune Highway Project #4714,Pune,Highway,767.6,97.8,110,71.7,6,12,83.7,69.6,479,0.277,78.3,0,3,,
4715,Pune Metro Project #4715,Pune,Metro,906.6,99.6,86,84.0,0,6,68.3,65.4,318,0.001,93.8,0,9,,
4716,Nashik Irrigation Project #4716,Nashik,Irrigation,919.7,16.8,90,47.8,7,14,29.9,44.3,206,0.058,71.9,1,97,,
4717,Nashik Highway Project #4717,Nashik,Highway,787.8,94.3,34,91.0,8,2,53.3,21.6,490,0.553,82.0,0,4,,
4718,Nashik Railway Project #4718,Nashik,Railway,266.9,36.1,24,17.2,7,1,99.7,29.1,345,0.285,70.3,1,175,,
4719,Mumbai Highway Project #4719,Mumbai,Highway,73.6,72.0,95,85.6,9,8,39.6,52.5,713,0.193,149.0,0,4,,
4720,Mumbai Irrigation Project #4720,Mumbai,Irrigation,414.6,40.4,85,84.6,9,8,20.5,97.5,798,0.05,144.4,0,1,,
4721,Pune Metro Project #4721,Pune,Metro,184.5,97.1,7,39.0,0,14,12.0,34.4,300,0.876,104.9,1,116,,
4722,Nagpur Metro Project #4722,Nagpur,Metro,724.9,19.1,119,36.9,10,6,26.6,27.2,439,0.6,96.4,1,102,,
4723,Pune Irrigation Project #4723,Pune,Irrigation,678.1,54.8,114,37.5,12,13,26.8,29.9,607,0.107,95.1,1,176,,
4724,Aurangabad Metro Project #4724,Aurangabad,Metro,91.8,48.5,115,83.0,10,4,87.2,73.7,441,0.766,109.8,0,8,,
4725,Mumbai Irrigation Project #4725,Mumbai,Irrigation,844.8,39.3,61,84.8,6,3,24.1,92.3,543,0.756,148.2,0,11,,
4726,Nashik Metro Project #4726,Nashik,Metro,286.3,68.1,101,39.7,12,14,87.6,16.8,655,0.289,66.7,1,144,,
4727,Mumbai Metro Project #4727,Mumbai,Metro,460.6,21.8,17,63.3,8,3,17.8,77.4,519,0.188,149.4,0,4,,
4728,Nashik Metro Project #4728,Nashik,Metro,684.5,74.5,91,22.5,4,15,91.6,54.5,514,0.814,74.8,1,86,,
4729,Aurangabad Railway Project #4729,Aurangabad,Railway,457.9,98.3,27,52.2,1,0,33.1,84.3,682,0.33,102.0,0,0,,
4730,Aurangabad Railway Project #4730,Aurangabad,Railway,469.2,82.4,74,99.9,7,3,65.0,47.9,564,0.847,111.4,0,13,,
4731,Mumbai Irrigation Project #4731,Mumbai,Irrigation,112.3,87.4,11,24.3,8,14,24.4,10.5,418,0.044,153.5,1,50,,
4732,Nashik Railway Project #4732,Nashik,Railway,431.4,42.4,63,95.3,6,6,45.1,71.5,411,0.499,60.5,0,0,,
4733,Aurangabad Irrigation Project #4733,Aurangabad,Irrigation,776.6,39.2,118,84.2,11,13,17.7,82.7,50,0.18,115.0,0,2,,
4734,Pune Highway Project #4734,Pune,Highway,919.4,56.5,1,97.5,12,4,62.2,91.2,393,0.672,93.6,0,7,,
4735,Pune Highway Project #4735,Pune,Highway,442.8,14.1,58,26.2,4,8,41.1,61.2,300,0.997,82.0,1,158,,
4736,Nashik Railway Project #4736,Nashik,Railway,452.4,95.1,36,29.2,7,3,86.7,21.0,192,0.413,58.1,1,63,,
4737,Mumbai Highway Project #4737,Mumbai,Highway,717.5,22.9,3,11.5,5,10,26.4,43.3,773,0.1,141.9,1,20,,
4738,Aurangabad Highway Project #4738,Aurangabad,Highway,945.6,91.3,40,75.2,11,2,35.2,80.6,49,0.318,111.4,0,13,,
4739,Mumbai Metro Project #4739,Mumbai,Metro,303.7,17.5,44,68.0,3,5,26.0,54.5,608,0.892,149.2,0,1,,
4740,Pune Metro Project #4740,Pune,Metro,468.1,84.0,108,26.0,0,3,60.7,72.9,234,0.766,103.9,0,5,,
4741,Aurangabad Irrigation Project #4741,Aurangabad,Irrigation,806.2,23.7,110,81.2,5,10,20.1,10.4,294,0.232,106.3,0,9,,
4742,Mumbai Highway Project #4742,Mumbai,Highway,629.2,13.4,33,36.9,7,12,27.0,16.6,147,0.954,141.1,1,176,,
4743,Nagpur Irrigation Project #4743,Nagpur,Irrigation,155.1,74.8,86,22.1,2,1,71.1,71.3,344,0.622,126.6,0,12,,
4744,Nashik Irrigation Project #4744,Nashik,Irrigation,646.3,35.2,12,48.0,11,4,16.7,36.1,147,0.168,60.2,1,133,,
4745,Nashik Highway Project #4745,Nashik,Highway,227.4,74.3,6,18.2,6,13,76.9,44.9,483,0.572,62.1,1,117,,
4746,Nagpur Railway Project #4746,Nagpur,Railway,534.7,60.0,31,33.7,12,12,19.4,67.8,497,0.451,112.2,1,103,,
4747,Pune Highway Project #4747,Pune,Highway,552.6,19.8,22,43.4,11,3,62.7,20.1,585,0.82,60.0,1,88,,
4748,Aurangabad Metro Project #4748,Aurangabad,Metro,882.4,93.9,48,86.7,6,14,99.8,84.9,638,0.344,115.7,0,10,,
4749,Nashik Highway Project #4749,Nashik,Highway,489.4,50.7,71,81.3,8,4,25.7,23.0,619,0.875,79.4,1,39,,
4750,Nagpur Railway Project #4750,Nagpur,Railway,315.5,76.1,113,49.8,0,11,33.5,76.0,155,0.812,129.2,0,2,,
4751,Nagpur Irrigation Project #4751,Nagpur,Irrigation,269.4,55.1,110,75.2,4,8,90.9,36.3,418,0.675,138.9,0,13,,
4752,Pune Irrigation Project #4752,Pune,Irrigation,880.5,64.4,46,61.2,7,3,66.4,33.4,519,0.259,105.1,0,3,,
4753,Pune Metro Project #4753,Pune,Metro,212.5,37.2,36,40.7,12,5,54.3,83.9,94,0.97,86.7,1,122,,
4754,Mumbai Metro Project #4754,Mumbai,Metro,454.6,28.0,97,75.3,12,3,60.6,59.7,572,0.549,161.1,0,9,,
4755,Nashik Metro Project #4755,Nashik,Metro,227.8,58.8,47,71.5,2,0,36.6,28.5,616,0.908,69.0,0,7,,
4756,Mumbai Irrigation Project #4756,Mumbai,Irrigation,784.6,49.6,28,65.7,4,14,87.0,10.2,799,0.216,145.7,0,10,,
4757,Nagpur Metro Project #4757,Nagpur,Metro,500.7,45.1,36,65.6,0,1,77.1,97.6,18,0.983,112.4,0,1,,
4758,Aurangabad Highway Project #4758,Aurangabad,Highway,383.6,70.5,22,71.5,8,5,67.8,48.8,98,0.816,107.3,0,4,,
4759,Aurangabad Irrigation Project #4759,Aurangabad,Irrigation,393.0,72.1,37,44.6,3,7,93.9,45.8,98,0.949,113.3,1,79,,
4760,Pune Railway Project #4760,Pune,Railway,859.6,14.1,92,88.2,4,8,62.0,14.5,228,0.212,105.8,0,13,,
4761,Aurangabad Irrigation Project #4761,Aurangabad,Irrigation,576.1,40.5,43,24.6,2,3,56.1,90.5,359,0.431,117.3,0,11,,
4762,Aurangabad Highway Project #4762,Aurangabad,Highway,732.0,47.1,4,89.5,1,5,97.8,22.7,414,0.098,102.3,0,8,,
4763,Aurangabad Highway Project #4763,Aurangabad,Highway,902.2,18.7,51,40.8,11,2,28.5,40.2,170,0.137,99.6,1,55,,
4764,Nagpur Metro Project #4764,Nagpur,Metro,906.7,31.2,39,21.3,6,11,22.8,47.9,52,0.284,125.7,1,19,,
4765,Aurangabad Irrigation Project #4765,Aurangabad,Irrigation,362.1,14.6,10,64.0,10,8,24.6,82.9,483,0.952,119.0,0,9,,
4766,Aurangabad Irrigation Project #4766,Aurangabad,Irrigation,954.8,99.7,77,43.8,4,7,99.0,42.4,767,0.667,122.3,1,90,,
4767,Aurangabad Irrigation Project #4767,Aurangabad,Irrigation,73.6,76.3,119,83.4,10,15,68.7,57.8,267,0.315,107.3,0,10,,
4768,Mumbai Railway Project #4768,Mumbai,Railway,408.0,17.9,112,48.8,9,11,37.5,48.6,168,0.955,154.7,1,165,,
4769,Nagpur Metro Project #4769,Nagpur,Metro,901.0,11.8,105,70.2,2,14,32.4,38.1,141,0.74,128.6,1,124,,
4770,Pune Highway Project #4770,Pune,Highway,310.9,74.7,1,37.7,1,0,15.1,95.2,568,0.907,76.5,0,0,,
4771,Mumbai Highway Project #4771,Mumbai,Highway,309.4,49.5,34,28.9,9,12,21.9,81.7,610,0.927,152.8,1,75,,
4772,Nashik Metro Project #4772,Nashik,Metro,337.5,80.8,44,44.9,5,1,91.7,25.7,54,0.751,79.0,1,144,,
4773,Nagpur Highway Project #4773,Nagpur,Highway,631.7,93.1,48,64.6,9,9,77.3,59.9,330,0.243,125.1,0,3,,
4774,Nagpur Highway Project #4774,Nagpur,Highway,466.4,63.9,34,69.1,5,15,94.7,81.7,203,0.997,119.2,0,14,,
4775,Nashik Metro Project #4775,Nashik,Metro,740.4,26.8,105,62.0,2,13,48.1,62.2,527,0.325,96.1,0,8,,
4776,Nashik Highway Project #4776,Nashik,Highway,900.2,80.4,91,98.9,12,8,64.1,54.4,272,0.672,89.3,0,10,,
4777,Nashik Irrigation Project #4777,Nashik,Irrigation,690.5,96.0,71,72.2,8,15,53.5,16.5,444,0.845,70.1,0,5,,
4778,Pune Railway Project #4778,Pune,Railway,244.2,62.2,31,93.8,0,9,89.3,19.5,717,0.175,88.1,0,2,,
4779,Aurangabad Metro Project #4779,Aurangabad,Metro,936.0,71.4,67,20.6,2,2,99.2,32.1,539,0.609,117.0,0,7,,
4780,Nagpur Railway Project #4780,Nagpur,Railway,301.3,40.4,108,15.5,12,13,93.9,56.2,306,0.375,119.4,1,23,,
4781,Aurangabad Highway Project #4781,Aurangabad,Highway,192.4,44.3,70,38.0,0,2,63.8,98.9,510,0.244,122.7,0,11,,
4782,Aurangabad Highway Project #4782,Aurangabad,Highway,135.5,76.1,38,22.3,6,9,15.6,82.2,628,0.012,97.3,1,157,,
4783,Nashik Irrigation Project #4783,Nashik,Irrigation,585.2,93.5,47,57.3,1,8,65.6,19.9,78,0.872,67.6,0,7,,
4784,Pune Metro Project #4784,Pune,Metro,158.1,66.6,90,56.7,10,13,18.7,74.6,34,0.136,96.9,0,0,,
4785,Mumbai Highway Project #4785,Mumbai,Highway,181.8,81.1,36,61.8,10,2,22.5,82.9,577,0.878,160.0,0,11,,
4786,Pune Metro Project #4786,Pune,Metro,335.0,25.4,59,77.1,11,14,27.2,47.3,522,0.601,75.2,0,12,,
4787,Aurangabad Metro Project #4787,Aurangabad,Metro,317.6,29.1,80,97.4,3,9,42.7,39.7,192,0.621,100.5,0,10,,
4788,Pune Metro Project #4788,Pune,Metro,624.0,57.9,73,89.0,3,11,63.3,62.6,63,0.829,73.2,0,4,,
4789,Nashik Metro Project #4789,Nashik,Metro,825.9,25.9,3,20.7,12,10,40.0,56.7,90,0.509,61.3,1,173,,
4790,Mumbai Metro Project #4790,Mumbai,Metro,773.3,67.1,22,40.5,7,4,50.7,33.9,169,0.357,137.2,1,83,,
4791,Nashik Railway Project #4791,Nashik,Railway,299.4,36.2,13,33.0,10,5,14.3,45.8,395,0.139,75.4,1,112,,
4792,Mumbai Irrigation Project #4792,Mumbai,Irrigation,283.0,81.2,4,25.9,3,2,65.8,59.0,458,0.57,152.3,1,117,,
4793,Aurangabad Metro Project #4793,Aurangabad,Metro,967.5,82.7,65,59.0,2,13,69.1,62.2,747,0.553,108.5,0,1,,
4794,Mumbai Railway Project #4794,Mumbai,Railway,57.8,51.7,109,59.8,9,9,18.9,57.9,273,0.294,150.3,0,4,,
4795,Mumbai Highway Project #4795,Mumbai,Highway,885.7,26.3,23,30.5,11,7,80.7,86.1,630,0.6,161.9,1,93,,
4796,Mumbai Metro Project #4796,Mumbai,Metro,239.7,68.2,17,74.1,2,1,68.3,12.9,318,0.439,139.6,0,3,,
4797,Pune Highway Project #4797,Pune,Highway,949.9,99.4,26,76.0,4,5,54.1,40.0,53,0.806,70.7,0,6,,
4798,Pune Metro Project #4798,Pune,Metro,375.2,66.0,23,11.9,5,1,59.8,77.5,210,0.559,97.1,1,172,,
4799,Aurangabad Railway Project #4799,Aurangabad,Railway,468.3,13.2,28,45.6,6,8,55.3,68.7,293,0.934,106.1,1,16,,
4800,Mumbai Railway Project #4800,Mumbai,Railway,721.8,11.6,10,90.1,12,5,14.8,92.6,156,0.518,139.8,0,14,,
4801,Nagpur Railway Project #4801,Nagpur,Railway,608.3,38.8,111,56.8,4,8,76.2,62.9,449,0.887,125.5,1,54,,
4802,Aurangabad Irrigation Project #4802,Aurangabad,Irrigation,352.0,27.6,17,41.3,6,13,56.1,67.4,413,0.521,90.3,1,73,,
4803,Mumbai Highway Project #4803,Mumbai,Highway,576.1,83.2,111,32.8,3,3,25.6,73.4,720,0.558,141.4,1,75,,
4804,Mumbai Irrigation Project #4804,Mumbai,Irrigation,744.2,86.0,116,31.9,4,11,71.3,26.8,755,0.367,126.1,1,90,,
4805,Pune Metro Project #4805,Pune,Metro,90.2,33.3,3,19.0,5,2,72.6,77.8,193,0.4,92.6,1,50,,
4806,Aurangabad Highway Project #4806,Aurangabad,Highway,60.6,39.3,32,83.6,8,1,29.2,37.0,556,0.933,125.7,1,45,,
4807,Mumbai Railway Project #4807,Mumbai,Railway,485.2,31.3,77,17.8,5,7,81.7,48.2,218,0.223,144.3,1,137,,
4808,Mumbai Highway Project #4808,Mumbai,Highway,175.2,91.8,107,36.3,9,3,51.1,11.3,584,0.121,142.1,1,21,,
4809,Aurangabad Railway Project #4809,Aurangabad,Railway,681.1,55.2,119,14.1,10,1,26.3,85.9,91,0.83,127.8,1,137,,
4810,Nagpur Irrigation Project #4810,Nagpur,Irrigation,253.3,69.1,41,80.3,0,10,69.2,95.8,272,0.577,126.3,0,4,,
4811,Aurangabad Irrigation Project #4811,Aurangabad,Irrigation,461.2,47.4,31,13.5,11,8,63.7,15.4,776,0.285,133.8,1,34,,
4812,Aurangabad Railway Project #4812,Aurangabad,Railway,237.8,66.8,50,37.7,10,11,25.3,67.2,48,0.432,111.6,1,112,,
4813,Nagpur Railway Project #4813,Nagpur,Railway,571.1,44.7,3,61.6,6,7,88.5,96.5,295,0.525,122.3,0,14,,
4814,Aurangabad Metro Project #4814,Aurangabad,Metro,160.3,40.6,19,46.9,10,4,86.9,64.6,32,0.592,124.4,1,159,,
4815,Mumbai Irrigation Project #4815,Mumbai,Irrigation,72.0,67.1,84,35.4,12,7,85.3,81.8,605,0.821,148.5,1,20,,
4816,Aurangabad Irrigation Project #4816,Aurangabad,Irrigation,98.6,63.2,66,34.8,10,4,45.9,20.6,483,0.394,112.5,1,137,,
4817,Nagpur Metro Project #4817,Nagpur,Metro,956.5,36.4,88,81.8,2,12,84.2,32.0,312,0.677,95.8,0,8,,
4818,Nashik Irrigation Project #4818,Nashik,Irrigation,185.2,23.4,67,97.7,5,6,86.0,41.1,215,0.835,87.4,0,5,,
4819,Aurangabad Railway Project #4819,Aurangabad,Railway,723.1,43.2,61,41.3,1,4,99.7,98.3,441,0.844,113.9,0,11,,
4820,Pune Highway Project #4820,Pune,Highway,114.5,47.4,57,13.5,11,12,96.2,80.4,104,0.254,88.9,1,120,,
4821,Mumbai Highway Project #4821,Mumbai,Highway,152.8,66.6,46,13.3,6,4,44.5,89.7,484,0.35,159.1,1,55,,
4822,Mumbai Irrigation Project #4822,Mumbai,Irrigation,533.4,92.3,74,78.3,0,12,27.8,53.8,584,0.595,138.2,0,14,,
4823,Pune Metro Project #4823,Pune,Metro,491.6,13.3,79,59.7,12,3,36.3,74.5,385,0.886,84.5,0,0,,
4824,Pune Railway Project #4824,Pune,Railway,954.0,31.9,58,80.5,1,12,54.5,75.8,146,0.79,95.5,0,14,,
4825,Aurangabad Highway Project #4825,Aurangabad,Highway,947.6,27.4,99,72.8,8,15,82.5,61.2,160,0.584,110.4,0,2,,
4826,Pune Railway Project #4826,Pune,Railway,790.6,55.2,5,91.7,8,13,75.1,89.0,638,0.984,94.5,0,0,,
4827,Nashik Irrigation Project #4827,Nashik,Irrigation,622.0,48.7,94,89.7,6,13,80.9,24.2,712,0.439,72.5,0,10,,
4828,Nagpur Irrigation Project #4828,Nagpur,Irrigation,482.2,75.6,39,80.9,1,4,44.2,15.2,211,0.842,126.3,0,4,,
4829,Pune Highway Project #4829,Pune,Highway,388.4,31.8,76,52.8,4,6,32.2,37.4,259,0.818,76.8,0,7,,
4830,Pune Irrigation Project #4830,Pune,Irrigation,949.7,63.5,22,37.7,3,2,12.2,17.9,608,0.908,102.8,1,64,,
4831,Nashik Metro Project #4831,Nashik,Metro,622.8,89.5,51,55.6,1,3,66.4,15.4,83,0.988,65.2,0,11,,
4832,Mumbai Irrigation Project #4832,Mumbai,Irrigation,600.1,92.0,3,55.2,1,7,81.6,47.7,331,0.496,150.6,0,12,,
4833,Mumbai Irrigation Project #4833,Mumbai,Irrigation,270.3,96.3,36,64.9,9,5,90.0,28.0,558,0.196,144.0,0,9,,
4834,Aurangabad Irrigation Project #4834,Aurangabad,Irrigation,94.4,79.6,41,26.7,7,7,52.9,81.1,646,0.461,107.1,1,81,,
4835,Nashik Railway Project #4835,Nashik,Railway,947.9,91.5,100,69.0,4,10,93.5,62.2,175,0.854,72.3,0,4,,
4836,Nagpur Railway Project #4836,Nagpur,Railway,348.0,31.1,43,51.1,7,1,28.2,42.5,10,0.836,127.4,0,0,,
4837,Nagpur Highway Project #4837,Nagpur,Highway,470.5,27.8,96,65.8,1,12,56.3,35.8,347,0.336,129.0,0,11,,
4838,Nashik Highway Project #4838,Nashik,Highway,158.9,10.6,119,31.6,1,15,29.2,60.7,300,0.047,74.3,0,0,,
4839,Nagpur Highway Project #4839,Nagpur,Highway,845.1,73.6,41,49.1,10,8,26.9,49.1,80,0.51,114.0,1,89,,
4840,Mumbai Irrigation Project #4840,Mumbai,Irrigation,76.3,94.4,28,28.9,10,15,95.8,15.0,117,0.474,153.7,1,115,,
4841,Nagpur Railway Project #4841,Nagpur,Railway,842.3,26.8,100,88.8,2,6,83.6,69.9,499,0.086,122.4,0,4,,
4842,Nagpur Metro Project #4842,Nagpur,Metro,183.3,67.3,18,53.9,10,15,11.1,55.0,607,0.795,120.6,1,41,,
4843,Nashik Irrigation Project #4843,Nashik,Irrigation,892.2,77.2,114,30.2,9,14,34.2,34.9,190,0.284,75.3,1,21,,
4844,Nashik Irrigation Project #4844,Nashik,Irrigation,743.3,93.5,83,13.7,7,14,28.5,36.1,34,0.646,57.2,1,22,,
4845,Nagpur Irrigation Project #4845,Nagpur,Irrigation,206.4,68.2,31,70.8,7,12,23.2,50.8,160,0.101,99.7,0,4,,
4846,Pune Metro Project #4846,Pune,Metro,587.5,97.3,43,29.3,2,15,72.8,84.5,274,0.861,101.9,0,13,,
4847,Nashik Highway Project #4847,Nashik,Highway,347.0,41.0,54,99.1,0,4,61.0,48.1,212,0.739,68.7,0,1,,
4848,Aurangabad Metro Project #4848,Aurangabad,Metro,219.3,41.5,79,58.0,6,10,50.9,85.6,572,0.388,114.2,0,4,,
4849,Aurangabad Highway Project #4849,Aurangabad,Highway,866.2,58.9,4,36.0,3,14,27.1,48.2,484,0.629,101.3,1,75,,
4850,Mumbai Metro Project #4850,Mumbai,Metro,433.3,44.5,112,69.2,2,14,35.0,84.7,229,0.187,162.6,0,8,,
4851,Nagpur Railway Project #4851,Nagpur,Railway,428.6,10.1,45,34.8,4,6,42.0,93.8,578,0.985,123.5,1,93,,
4852,Pune Irrigation Project #4852,Pune,Irrigation,211.4,75.9,75,83.8,11,1,80.7,11.9,91,0.796,88.2,0,12,,
4853,Mumbai Irrigation Project #4853,Mumbai,Irrigation,413.9,77.7,44,37.7,5,10,99.0,15.6,173,0.789,152.9,1,93,,
4854,Nagpur Irrigation Project #4854,Nagpur,Irrigation,878.0,77.2,20,98.9,0,3,26.6,22.1,278,0.153,102.6,0,4,,
4855,Nashik Highway Project #4855,Nashik,Highway,395.0,41.1,77,64.5,11,6,40.7,21.0,192,0.018,73.7,0,4,,
4856,Aurangabad Metro Project #4856,Aurangabad,Metro,954.0,57.0,100,86.0,11,1,35.2,50.9,189,0.585,124.9,0,10,,
4857,Pune Railway Project #4857,Pune,Railway,949.0,42.4,21,16.6,8,7,14.0,78.8,607,0.144,93.2,1,130,,
4858,Aurangabad Metro Project #4858,Aurangabad,Metro,187.7,11.4,29,41.3,5,13,29.7,96.5,481,0.78,111.9,1,142,,
4859,Nashik Irrigation Project #4859,Nashik,Irrigation,218.4,60.6,22,76.4,2,9,91.1,47.6,120,0.416,66.8,0,1,,
4860,Nagpur Railway Project #4860,Nagpur,Railway,869.5,21.1,4,69.0,0,15,85.9,72.0,679,0.339,130.8,0,12,,
4861,Nashik Railway Project #4861,Nashik,Railway,423.1,17.2,62,27.5,12,9,25.1,67.2,54,0.074,82.3,1,159,,
4862,Nashik Irrigation Project #4862,Nashik,Irrigation,54.2,78.0,92,42.1,8,10,43.0,45.4,559,0.996,65.7,1,115,,
4863,Aurangabad Metro Project #4863,Aurangabad,Metro,310.2,10.9,58,33.7,1,4,38.0,74.9,541,0.956,113.6,0,1,,
4864,Pune Irrigation Project #4864,Pune,Irrigation,617.7,96.3,93,65.2,9,12,23.3,63.3,618,0.132,92.3,0,5,,
4865,Nashik Metro Project #4865,Nashik,Metro,809.3,56.4,81,41.0,5,4,66.0,78.4,440,0.333,74.0,1,43,,
4866,Aurangabad Railway Project #4866,Aurangabad,Railway,176.7,98.5,109,37.8,5,7,60.2,27.4,367,0.391,102.3,1,176,,
4867,Pune Railway Project #4867,Pune,Railway,155.0,15.2,113,28.7,11,15,48.4,42.4,68,0.297,101.4,1,151,,
4868,Nagpur Irrigation Project #4868,Nagpur,Irrigation,926.0,62.5,51,46.8,2,15,87.0,70.4,233,0.934,125.7,0,12,,
4869,Nagpur Railway Project #4869,Nagpur,Railway,763.6,41.4,64,27.6,10,12,65.8,21.2,198,0.721,132.0,1,88,,
4870,Mumbai Highway Project #4870,Mumbai,Highway,610.3,85.9,38,96.6,5,12,33.3,79.3,68,0.956,138.8,0,11,,
4871,Aurangabad Railway Project #4871,Aurangabad,Railway,780.7,42.5,80,23.9,1,11,43.6,22.0,17,0.875,99.4,1,95,,
4872,Pune Highway Project #4872,Pune,Highway,457.4,33.4,2,92.2,7,0,23.5,39.2,493,0.755,110.6,0,9,,
4873,Nashik Railway Project #4873,Nashik,Railway,770.5,87.2,41,48.6,12,5,63.2,31.4,415,0.697,81.5,1,129,,
4874,Nagpur Irrigation Project #4874,Nagpur,Irrigation,403.2,43.7,70,44.0,0,1,62.8,15.5,623,0.866,111.8,0,1,,
4875,Pune Irrigation Project #4875,Pune,Irrigation,281.9,11.5,26,30.8,5,0,88.3,34.4,481,0.684,98.7,1,104,,
4876,Aurangabad Highway Project #4876,Aurangabad,Highway,742.6,45.1,27,67.2,0,11,87.0,92.0,30,0.189,105.3,0,0,,
4877,Mumbai Irrigation Project #4877,Mumbai,Irrigation,448.7,68.9,107,71.7,8,14,85.3,12.4,393,0.648,133.0,0,14,,
4878,Nagpur Railway Project #4878,Nagpur,Railway,982.3,32.9,53,52.1,12,14,59.4,11.5,421,0.515,99.0,0,1,,
4879,Pune Railway Project #4879,Pune,Railway,382.0,48.9,94,15.0,12,12,68.7,73.4,314,0.982,89.8,1,52,,
4880,Pune Irrigation Project #4880,Pune,Irrigation,925.6,15.1,14,92.7,8,6,79.8,43.0,737,0.51,105.6,0,5,,
4881,Pune Railway Project #4881,Pune,Railway,936.3,62.9,118,98.2,5,11,18.3,30.7,319,0.038,105.2,0,1,,
4882,Aurangabad Metro Project #4882,Aurangabad,Metro,279.8,78.1,52,48.8,5,13,37.1,55.8,240,0.264,122.6,1,152,,
4883,Aurangabad Metro Project #4883,Aurangabad,Metro,808.3,47.2,111,65.2,8,13,25.2,34.0,245,0.917,118.3,1,130,,
4884,Aurangabad Railway Project #4884,Aurangabad,Railway,461.4,47.8,71,50.5,4,3,56.0,45.3,672,0.962,113.2,0,0,,
4885,Nashik Irrigation Project #4885,Nashik,Irrigation,921.6,17.9,69,39.0,8,14,85.4,74.4,589,0.728,81.5,1,109,,
4886,Pune Highway Project #4886,Pune,Highway,477.6,28.2,91,17.0,4,0,30.8,20.5,55,0.057,69.9,1,139,,
4887,Nagpur Irrigation Project #4887,Nagpur,Irrigation,757.1,23.9,3,51.0,3,9,75.8,96.4,231,0.024,129.9,0,5,,
4888,Aurangabad Highway Project #4888,Aurangabad,Highway,493.6,53.4,93,83.7,1,10,46.5,13.8,761,0.48,98.8,0,4,,
4889,Aurangabad Irrigation Project #4889,Aurangabad,Irrigation,266.4,57.6,106,11.5,1,10,91.3,82.6,165,1.0,100.9,1,106,,
4890,Pune Railway Project #4890,Pune,Railway,239.4,95.4,16,62.4,12,5,66.4,75.2,104,0.869,97.0,0,7,,
4891,Aurangabad Metro Project #4891,Aurangabad,Metro,454.2,16.6,33,89.3,0,9,97.9,35.4,618,0.933,119.3,0,8,,
4892,Nashik Irrigation Project #4892,Nashik,Irrigation,767.7,64.0,5,29.6,9,12,32.1,20.6,92,0.624,63.9,1,140,,
4893,Nashik Highway Project #4893,Nashik,Highway,624.8,57.4,35,26.5,2,11,93.2,86.7,254,0.859,76.5,0,10,,
4894,Aurangabad Metro Project #4894,Aurangabad,Metro,704.2,56.5,98,79.5,0,14,42.1,71.2,584,0.32,115.6,0,0,,
4895,Pune Highway Project #4895,Pune,Highway,318.2,88.6,102,33.0,12,12,66.0,36.2,19,0.027,86.9,1,107,,
4896,Pune Railway Project #4896,Pune,Railway,507.4,28.5,38,27.3,5,5,25.7,11.5,98,0.918,91.5,1,137,,
4897,Pune Metro Project #4897,Pune,Metro,92.2,13.7,79,44.0,10,15,78.4,94.5,686,0.218,110.8,1,19,,
4898,Mumbai Highway Project #4898,Mumbai,Highway,826.7,70.5,65,45.3,12,11,98.0,46.4,335,0.728,147.2,1,106,,
4899,Aurangabad Irrigation Project #4899,Aurangabad,Irrigation,990.4,41.1,7,88.7,6,2,80.9,25.9,295,0.659,107.5,0,0,,
4900,Pune Railway Project #4900,Pune,Railway,436.5,11.6,14,65.7,8,15,65.4,92.1,224,0.158,91.5,0,0,,
4901,Nashik Railway Project #4901,Nashik,Railway,60.4,32.6,62,46.5,6,13,50.3,42.3,81,0.196,68.2,1,157,,
4902,Nagpur Railway Project #4902,Nagpur,Railway,211.3,37.8,90,58.1,3,5,41.1,51.7,217,0.329,127.9,0,4,,
4903,Nagpur Irrigation Project #4903,Nagpur,Irrigation,669.9,65.5,79,95.9,3,9,47.7,72.9,148,0.757,134.7,0,5,,
4904,Pune Irrigation Project #4904,Pune,Irrigation,631.5,25.5,64,20.2,7,8,39.5,83.7,767,0.039,87.5,1,88,,
4905,Nagpur Metro Project #4905,Nagpur,Metro,798.5,47.2,58,28.7,3,5,84.9,19.0,388,0.407,111.4,1,173,,
4906,Nagpur Irrigation Project #4906,Nagpur,Irrigation,291.2,53.4,9,96.6,0,0,90.4,90.9,650,0.665,139.7,0,10,,
4907,Mumbai Metro Project #4907,Mumbai,Metro,775.5,51.3,6,96.2,8,9,95.5,93.9,411,0.171,151.2,0,3,,
4908,Nashik Railway Project #4908,Nashik,Railway,703.6,97.7,111,25.9,2,5,47.7,33.3,621,0.119,53.0,0,3,,
4909,Nashik Metro Project #4909,Nashik,Metro,356.7,14.1,73,23.1,0,7,59.2,54.8,532,0.39,88.6,0,4,,
4910,Mumbai Highway Project #4910,Mumbai,Highway,568.2,95.6,75,47.9,8,6,61.9,87.2,349,0.287,161.3,1,52,,
4911,Mumbai Railway Project #4911,Mumbai,Railway,189.9,62.4,80,14.5,10,13,68.6,53.9,185,0.649,166.0,1,157,,
4912,Nagpur Railway Project #4912,Nagpur,Railway,479.9,81.6,108,68.9,10,15,10.2,53.4,366,0.97,134.3,1,25,,
4913,Aurangabad Metro Project #4913,Aurangabad,Metro,887.1,48.7,11,17.0,12,7,85.8,65.7,387,0.004,136.4,1,39,,
4914,Nagpur Railway Project #4914,Nagpur,Railway,450.1,50.8,78,15.2,9,10,34.1,79.1,325,0.902,109.6,1,168,,
4915,Mumbai Irrigation Project #4915,Mumbai,Irrigation,847.6,89.1,45,53.7,9,11,52.5,69.9,671,0.433,142.0,0,2,,
4916,Nashik Highway Project #4916,Nashik,Highway,610.7,90.6,114,96.2,4,7,85.7,66.4,84,0.664,65.1,0,5,,
4917,Nagpur Metro Project #4917,Nagpur,Metro,232.3,31.5,31,48.4,11,14,99.7,43.5,108,0.851,114.8,1,115,,
4918,Aurangabad Metro Project #4918,Aurangabad,Metro,602.1,27.9,31,42.1,8,8,81.5,66.7,274,0.573,111.2,1,114,,
4919,Nagpur Railway Project #4919,Nagpur,Railway,530.7,54.7,114,99.8,2,2,12.2,19.3,764,0.097,115.1,0,11,,
4920,Pune Irrigation Project #4920,Pune,Irrigation,428.7,91.0,89,57.9,5,6,43.2,46.9,92,0.141,78.1,0,10,,
4921,Nagpur Railway Project #4921,Nagpur,Railway,163.6,39.0,77,43.8,10,5,32.2,27.0,591,0.789,111.3,1,122,,
4922,Mumbai Railway Project #4922,Mumbai,Railway,445.9,68.7,113,44.7,11,1,96.8,58.4,237,0.229,147.1,1,162,,
4923,Nashik Metro Project #4923,Nashik,Metro,119.1,73.7,89,27.5,10,4,33.8,33.6,693,0.569,81.4,1,66,,
4924,Nashik Railway Project #4924,Nashik,Railway,143.8,80.1,60,56.1,11,2,94.9,55.5,140,0.428,64.2,0,7,,
4925,Mumbai Highway Project #4925,Mumbai,Highway,445.1,60.8,68,49.5,6,10,94.4,80.0,19,0.304,158.1,1,59,,
4926,Pune Railway Project #4926,Pune,Railway,340.1,46.2,115,34.4,4,4,85.5,49.1,577,0.787,76.8,1,90,,
4927,Mumbai Railway Project #4927,Mumbai,Railway,929.3,97.0,60,24.4,11,13,18.8,29.7,554,0.731,118.0,1,114,,
4928,Nagpur Metro Project #4928,Nagpur,Metro,406.9,65.0,101,38.0,7,10,10.2,30.1,253,0.646,118.7,1,18,,
4929,Mumbai Railway Project #4929,Mumbai,Railway,770.0,75.6,113,55.8,9,8,81.4,91.6,235,0.373,143.9,0,7,,
4930,Mumbai Irrigation Project #4930,Mumbai,Irrigation,553.7,41.0,45,15.2,5,13,85.9,80.3,237,0.226,141.2,1,73,,
4931,Pune Metro Project #4931,Pune,Metro,718.9,70.3,67,23.8,11,7,96.6,13.3,254,0.516,80.0,1,81,,
4932,Nagpur Railway Project #4932,Nagpur,Railway,297.1,33.2,91,95.3,5,8,29.7,94.8,453,0.817,112.9,0,11,,
4933,Aurangabad Highway Project #4933,Aurangabad,Highway,944.8,32.1,54,58.9,12,8,76.0,20.1,624,0.576,100.1,0,1,,
4934,Aurangabad Highway Project #4934,Aurangabad,Highway,553.6,74.3,0,15.7,6,10,56.7,68.8,718,0.97,101.0,1,59,,
4935,Nashik Metro Project #4935,Nashik,Metro,839.8,56.9,76,72.4,7,7,39.6,59.6,470,0.015,56.4,0,5,,
4936,Mumbai Metro Project #4936,Mumbai,Metro,396.8,71.5,106,15.6,11,13,64.6,14.2,730,0.998,128.7,1,110,,
4937,Nashik Railway Project #4937,Nashik,Railway,145.2,34.2,66,76.5,12,7,59.3,36.6,391,0.691,47.9,0,5,,
4938,Pune Irrigation Project #4938,Pune,Irrigation,690.0,63.9,48,77.5,1,10,36.3,79.8,201,0.833,114.6,0,4,,
4939,Aurangabad Railway Project #4939,Aurangabad,Railway,57.4,50.0,113,68.6,6,10,34.2,37.6,648,0.335,109.4,0,1,,
4940,Mumbai Highway Project #4940,Mumbai,Highway,501.5,63.7,24,75.9,8,5,53.8,53.2,531,0.508,165.2,0,7,,
4941,Pune Irrigation Project #4941,Pune,Irrigation,233.2,36.2,105,17.9,12,5,52.7,72.8,587,0.797,88.2,1,138,,
4942,Pune Irrigation Project #4942,Pune,Irrigation,646.0,74.4,15,75.4,0,13,37.2,16.4,167,0.761,88.6,1,173,,
4943,Mumbai Irrigation Project #4943,Mumbai,Irrigation,980.4,82.5,84,22.3,12,14,33.7,84.9,265,0.334,153.1,1,74,,
4944,Pune Railway Project #4944,Pune,Railway,491.2,33.4,12,40.6,11,5,95.9,13.7,556,0.324,96.4,1,15,,
4945,Mumbai Highway Project #4945,Mumbai,Highway,826.6,37.1,51,94.8,0,9,87.6,33.6,515,0.663,137.5,0,6,,
4946,Mumbai Metro Project #4946,Mumbai,Metro,532.4,69.5,107,55.3,6,5,83.5,78.7,176,0.934,146.2,0,6,,
4947,Nagpur Railway Project #4947,Nagpur,Railway,521.0,72.6,35,97.1,12,12,29.3,92.1,31,0.439,123.0,0,5,,
4948,Nashik Metro Project #4948,Nashik,Metro,933.9,73.4,71,18.0,4,13,27.0,78.4,76,0.353,50.7,1,65,,
4949,Pune Irrigation Project #4949,Pune,Irrigation,895.5,71.4,43,53.0,0,10,82.8,30.4,719,0.895,103.0,0,4,,
4950,Pune Irrigation Project #4950,Pune,Irrigation,796.5,45.4,82,15.6,12,12,26.6,98.7,621,0.683,100.6,1,102,,
4951,Nagpur Railway Project #4951,Nagpur,Railway,331.4,45.5,46,66.7,0,14,55.3,47.2,716,0.388,99.0,0,5,,
4952,Nagpur Highway Project #4952,Nagpur,Highway,567.8,32.9,79,17.1,1,11,29.9,43.9,621,0.057,111.2,0,13,,
4953,Nagpur Irrigation Project #4953,Nagpur,Irrigation,262.7,24.1,75,25.8,10,8,44.0,87.9,596,0.721,121.0,1,161,,
4954,Aurangabad Metro Project #4954,Aurangabad,Metro,471.7,72.3,19,33.3,9,9,86.8,16.0,26,0.353,118.4,1,134,,
4955,Aurangabad Metro Project #4955,Aurangabad,Metro,510.0,18.4,17,77.4,8,12,90.2,60.0,668,0.071,125.3,0,1,,
4956,Aurangabad Railway Project #4956,Aurangabad,Railway,840.1,94.4,53,24.8,11,14,99.7,96.9,771,0.612,103.6,1,92,,
4957,Mumbai Metro Project #4957,Mumbai,Metro,901.2,84.4,11,86.2,11,0,95.0,19.0,264,0.323,173.4,0,2,,
4958,Pune Highway Project #4958,Pune,Highway,443.9,87.2,111,21.9,2,15,70.4,58.7,197,0.338,89.5,0,4,,
4959,Nashik Irrigation Project #4959,Nashik,Irrigation,66.8,91.6,24,13.2,8,9,48.9,21.9,337,0.479,67.8,1,146,,
4960,Mumbai Metro Project #4960,Mumbai,Metro,868.7,46.8,59,45.6,5,5,15.2,90.1,389,0.717,155.6,1,75,,
4961,Pune Metro Project #4961,Pune,Metro,215.6,86.2,115,98.1,12,7,64.7,62.9,355,0.276,93.1,0,14,,
4962,Pune Irrigation Project #4962,Pune,Irrigation,640.8,24.2,74,19.9,9,14,29.0,31.1,249,0.081,92.5,1,103,,
4963,Nagpur Railway Project #4963,Nagpur,Railway,73.7,11.9,85,19.2,5,0,86.5,37.6,482,0.424,140.0,1,116,,
4964,Nagpur Metro Project #4964,Nagpur,Metro,429.5,80.6,115,77.6,6,14,59.4,56.5,316,0.055,122.5,0,2,,
4965,Mumbai Railway Project #4965,Mumbai,Railway,986.7,16.7,109,38.1,9,10,76.0,75.3,185,0.697,140.2,1,96,,
4966,Nagpur Railway Project #4966,Nagpur,Railway,145.7,99.0,33,74.6,10,10,70.6,53.9,322,0.959,111.6,0,11,,
4967,Pune Metro Project #4967,Pune,Metro,452.5,70.7,12,28.0,7,5,41.3,27.0,553,0.659,104.7,1,100,,
4968,Nagpur Highway Project #4968,Nagpur,Highway,341.8,77.8,109,51.4,10,8,78.3,73.7,344,0.275,126.8,0,1,,
4969,Aurangabad Railway Project #4969,Aurangabad,Railway,909.8,32.1,37,33.9,2,5,85.9,20.7,388,0.182,94.4,0,2,,
4970,Nagpur Metro Project #4970,Nagpur,Metro,875.9,70.6,11,50.6,7,13,77.0,82.8,643,0.233,103.9,0,12,,
4971,Pune Railway Project #4971,Pune,Railway,275.8,13.9,102,79.2,5,1,79.9,45.6,549,0.222,90.3,0,8,,
4972,Mumbai Irrigation Project #4972,Mumbai,Irrigation,127.1,85.4,35,78.6,5,0,42.4,68.7,710,0.314,156.2,0,7,,
4973,Nashik Highway Project #4973,Nashik,Highway,645.8,25.3,27,56.4,10,3,94.9,41.0,342,0.097,63.2,0,2,,
4974,Nagpur Highway Project #4974,Nagpur,Highway,369.6,72.8,90,93.6,2,5,48.2,70.2,149,0.896,103.2,1,93,,
4975,Pune Irrigation Project #4975,Pune,Irrigation,688.5,30.2,38,33.7,5,9,90.7,90.0,792,0.885,78.7,1,111,,
4976,Nashik Irrigation Project #4976,Nashik,Irrigation,80.5,16.2,76,31.6,10,9,87.2,73.1,294,0.615,86.5,1,62,,
4977,Nashik Railway Project #4977,Nashik,Railway,176.7,53.3,42,65.2,12,8,21.2,70.4,352,0.062,75.0,0,14,,
4978,Aurangabad Irrigation Project #4978,Aurangabad,Irrigation,702.1,25.2,103,65.9,7,4,97.0,78.2,278,0.804,120.0,0,3,,
4979,Nashik Highway Project #4979,Nashik,Highway,251.8,75.6,90,14.2,12,6,99.7,55.0,195,0.062,81.6,1,173,,
4980,Pune Irrigation Project #4980,Pune,Irrigation,864.7,31.4,114,64.7,6,5,64.6,29.8,119,0.106,83.7,0,13,,
4981,Pune Metro Project #4981,Pune,Metro,105.7,40.8,30,43.7,9,5,80.5,83.4,776,0.325,86.3,1,164,,
4982,Nagpur Metro Project #4982,Nagpur,Metro,254.7,61.1,1,77.3,9,8,94.0,68.4,44,0.431,118.3,0,4,,
4983,Nagpur Railway Project #4983,Nagpur,Railway,998.6,35.6,116,82.7,6,4,11.8,38.2,231,0.354,124.2,0,11,,
4984,Nagpur Highway Project #4984,Nagpur,Highway,461.4,44.0,81,59.7,2,1,93.7,34.8,631,0.165,130.9,0,12,,
4985,Nashik Metro Project #4985,Nashik,Metro,717.8,83.4,89,10.2,9,7,66.5,55.0,782,0.112,88.7,1,119,,
4986,Nashik Irrigation Project #4986,Nashik,Irrigation,223.5,26.1,116,67.3,2,14,84.6,28.7,523,0.859,78.1,0,14,,
4987,Aurangabad Metro Project #4987,Aurangabad,Metro,629.4,17.4,41,77.4,4,10,58.7,89.0,755,0.363,118.2,0,1,,
4988,Nagpur Metro Project #4988,Nagpur,Metro,739.8,39.6,30,32.4,11,13,57.7,81.0,108,0.219,139.3,1,40,,
4989,Mumbai Railway Project #4989,Mumbai,Railway,348.8,48.2,60,51.8,4,2,90.8,37.7,640,0.487,147.9,0,0,,
4990,Aurangabad Irrigation Project #4990,Aurangabad,Irrigation,837.5,58.8,101,96.9,8,14,55.7,14.4,19,0.037,121.9,0,5,,
4991,Mumbai Irrigation Project #4991,Mumbai,Irrigation,623.2,43.5,55,36.8,12,13,52.5,14.7,594,0.6,155.8,1,174,,
4992,Nashik Irrigation Project #4992,Nashik,Irrigation,419.7,81.1,85,30.1,8,14,64.7,36.7,218,0.248,76.1,1,87,,
4993,Aurangabad Railway Project #4993,Aurangabad,Railway,579.8,13.5,99,29.0,9,8,56.7,23.3,645,0.598,107.9,1,19,,
4994,Aurangabad Irrigation Project #4994,Aurangabad,Irrigation,597.9,48.9,82,60.3,4,13,50.2,88.6,47,0.614,96.1,0,9,,
4995,Pune Irrigation Project #4995,Pune,Irrigation,207.3,44.4,13,95.5,11,4,26.2,47.9,103,0.809,93.4,0,14,,
4996,Nashik Metro Project #4996,Nashik,Metro,432.6,68.3,13,64.8,4,13,45.8,41.3,242,0.23,73.5,0,6,,
4997,Nashik Metro Project #4997,Nashik,Metro,376.3,97.0,113,37.3,5,0,35.4,29.6,172,0.463,64.2,1,97,,
4998,Aurangabad Irrigation Project #4998,Aurangabad,Irrigation,430.9,55.9,28,67.5,12,14,46.0,85.7,661,0.962,109.0,0,1,,
4999,Nashik Highway Project #4999,Nashik,Highway,773.1,98.8,80,66.2,12,3,63.4,81.3,251,0.727,61.2,0,8,,
5000,Aurangabad Highway Project #5000,Aurangabad,Highway,508.4,37.2,49,63.7,7,8,64.8,44.6,691,0.975,101.3,0,2,,
